// Generated by tools/dwm_zorder/generate_signature_model.py; do not edit bytes by hand.
// Reviewed Windows 10 19041 x64 family; every owned hot/cold fragment is validated.
#pragma once
#include "RuntimeResolver.h"
namespace ks::dwm_order::runtime::win10_signatures
{
inline constexpr Layout kLayout{0x18, 0x28, 0x70, 0x78, 0x180};
// FindWindow
inline constexpr unsigned char kBytes0_0[] = {
    0x48,0x89,0x5c,0x24,0x08,0x48,0x89,0x74,0x24,0x18,0x57,0x48,0x83,0xec,0x20,0x33,0xdb,0x48,0x8b,0xfa,0x48,0x21,0x5c,0x24,
    0x38,0x48,0x85,0xd2,0x74,0x39,0x48,0x8d,0x71,0x08,0x48,0x8d,0x54,0x24,0x38,0x48,0x8b,0xce,0x48,0xff,0x15,0x00,0x00,0x00,
    0x00,0x0f,0x1f,0x44,0x00,0x00,0x48,0x85,0xc0,0x74,0x1c,0x48,0x85,0xdb,0x75,0x17,0x48,0x8d,0x48,0x50,0x48,0x8b,0x01,0x48,
    0x3b,0xc1,0x74,0xd6,0x48,0x39,0x78,0x28,0x74,0x19,0x48,0x8b,0x00,0xeb,0xf0,0x48,0x8b,0x74,0x24,0x40,0x48,0x8b,0xc3,0x48,
    0x8b,0x5c,0x24,0x30,0x48,0x83,0xc4,0x20,0x5f,0xc3,0xcc,0x48,0x8b,0xd8,0xeb,0xb2,
};
inline constexpr unsigned char kMask0_0[] = {
    0xff,0xff,0xff,0xff,0xff,0xff,0xff,0xff,0xff,0xff,0xff,0xff,0xff,0xff,0xff,0xff,0xff,0xff,0xff,0xff,0xff,0xff,0xff,0xff,
    0xff,0xff,0xff,0xff,0xff,0xff,0xff,0xff,0xff,0xff,0xff,0xff,0xff,0xff,0xff,0xff,0xff,0xff,0xff,0xff,0xff,0x00,0x00,0x00,
    0x00,0xff,0xff,0xff,0xff,0xff,0xff,0xff,0xff,0xff,0xff,0xff,0xff,0xff,0xff,0xff,0xff,0xff,0xff,0xff,0xff,0xff,0xff,0xff,
    0xff,0xff,0xff,0xff,0xff,0xff,0xff,0xff,0xff,0xff,0xff,0xff,0xff,0xff,0xff,0xff,0xff,0xff,0xff,0xff,0xff,0xff,0xff,0xff,
    0xff,0xff,0xff,0xff,0xff,0xff,0xff,0xff,0xff,0xff,0xff,0xff,0xff,0xff,0xff,0xff,
};
inline constexpr Reference kRefs0_0[] = {
    {45, 49, Section::ReadOnly, Node::Count, Binding::None, "RtlEnumerateGenericTableWithoutSplaying", 65535, 0, 4},
};
// DesktopList
inline constexpr unsigned char kBytes1_0[] = {
    0x48,0x8b,0xc4,0x48,0x81,0xec,0x88,0x00,0x00,0x00,0x48,0x83,0x60,0xa0,0x00,0x0f,0x57,0xc0,0x48,0x83,0x48,0xd8,0xff,0x0f,
    0x57,0xc9,0x48,0x89,0x50,0x98,0x48,0x83,0xc1,0x08,0x48,0x8d,0x50,0x98,0x66,0x0f,0x7f,0x40,0xa8,0x66,0x0f,0x7f,0x40,0xb8,
    0x66,0x0f,0x7f,0x48,0xc8,0xc6,0x40,0xe0,0x00,0x48,0xff,0x15,0x00,0x00,0x00,0x00,0x0f,0x1f,0x44,0x00,0x00,0x48,0x85,0xc0,
    0x74,0x0d,0x48,0x83,0xc0,0x50,0x48,0x81,0xc4,0x88,0x00,0x00,0x00,0xc3,0xcc,0x48,0x8d,0x05,0x00,0x00,0x00,0x00,0xeb,0xee,
};
inline constexpr unsigned char kMask1_0[] = {
    0xff,0xff,0xff,0xff,0xff,0xff,0xff,0xff,0xff,0xff,0xff,0xff,0xff,0xff,0xff,0xff,0xff,0xff,0xff,0xff,0xff,0xff,0xff,0xff,
    0xff,0xff,0xff,0xff,0xff,0xff,0xff,0xff,0xff,0xff,0xff,0xff,0xff,0xff,0xff,0xff,0xff,0xff,0xff,0xff,0xff,0xff,0xff,0xff,
    0xff,0xff,0xff,0xff,0xff,0xff,0xff,0xff,0xff,0xff,0xff,0xff,0x00,0x00,0x00,0x00,0xff,0xff,0xff,0xff,0xff,0xff,0xff,0xff,
    0xff,0xff,0xff,0xff,0xff,0xff,0xff,0xff,0xff,0xff,0xff,0xff,0xff,0xff,0xff,0xff,0xff,0xff,0x00,0x00,0x00,0x00,0xff,0xff,
};
inline constexpr Reference kRefs1_0[] = {
    {60, 64, Section::ReadOnly, Node::Count, Binding::None, "RtlLookupElementGenericTable", 65535, 0, 4},
    {90, 94, Section::ReadOnly, Node::Count, Binding::None, nullptr, 65535, 0, 4},
};
// ZOrder
inline constexpr unsigned char kBytes2_0[] = {
    0x48,0x8b,0xc4,0x48,0x89,0x58,0x08,0x48,0x89,0x70,0x10,0x48,0x89,0x78,0x18,0x55,0x41,0x54,0x41,0x55,0x41,0x56,0x41,0x57,
    0x48,0x8d,0x68,0xa1,0x48,0x81,0xec,0x00,0x01,0x00,0x00,0x4c,0x8b,0xf9,0x4d,0x8b,0xf0,0x48,0x8d,0x0d,0x00,0x00,0x00,0x00,
    0x48,0x8b,0xda,0x48,0xff,0x15,0x00,0x00,0x00,0x00,0x0f,0x1f,0x44,0x00,0x00,0x33,0xff,0x4c,0x8d,0x4d,0x7f,0x41,0xb0,0x01,
    0x48,0x89,0x7d,0x7f,0x48,0x8b,0xd3,0x49,0x8b,0xcf,0xe8,0x00,0x00,0x00,0x00,0x8b,0xd8,0x85,0xc0,0x0f,0x88,0x00,0x00,0x00,
    0x00,0x48,0x8b,0x45,0x7f,0x48,0x85,0xc0,0x0f,0x84,0x00,0x00,0x00,0x00,0x48,0x8b,0x40,0x78,0x4d,0x8d,0x6f,0x08,0x48,0x83,
    0x4d,0xb7,0xff,0x48,0x8d,0x54,0x24,0x40,0x0f,0x57,0xc0,0x48,0x89,0x7c,0x24,0x48,0x0f,0x57,0xc9,0x66,0x0f,0x7f,0x45,0x87,
    0x49,0x8b,0xcd,0x40,0x88,0x7d,0xbf,0x66,0x0f,0x7f,0x45,0x97,0x66,0x0f,0x7f,0x4d,0xa7,0x48,0x89,0x44,0x24,0x40,0x48,0xff,
    0x15,0x00,0x00,0x00,0x00,0x0f,0x1f,0x44,0x00,0x00,0x48,0x8d,0x70,0x50,0x48,0x85,0xc0,0x0f,0x84,0x00,0x00,0x00,0x00,0x48,
    0x89,0x74,0x24,0x30,0x48,0x85,0xf6,0x0f,0x84,0x00,0x00,0x00,0x00,0x4d,0x85,0xf6,0x74,0x2b,0x4c,0x8d,0x4c,0x24,0x30,0x41,
    0xb0,0x01,0x49,0x8b,0xd6,0x49,0x8b,0xcf,0xe8,0x00,0x00,0x00,0x00,0x8b,0xd8,0x85,0xc0,0x0f,0x88,0x00,0x00,0x00,0x00,0x48,
    0x8b,0x74,0x24,0x30,0x48,0x85,0xf6,0x0f,0x84,0x00,0x00,0x00,0x00,0x48,0x8b,0x45,0x7f,0x48,0x3b,0x06,0x0f,0x84,0xa8,0x01,
    0x00,0x00,0x48,0x8b,0x08,0x48,0x39,0x41,0x08,0x0f,0x85,0x00,0x00,0x00,0x00,0x48,0x8b,0x50,0x08,0x48,0x39,0x02,0x0f,0x85,
    0x00,0x00,0x00,0x00,0x48,0x89,0x0a,0x48,0x89,0x51,0x08,0x48,0x8b,0x0e,0x48,0x8b,0x45,0x7f,0x48,0x39,0x71,0x08,0x0f,0x85,
    0x00,0x00,0x00,0x00,0x48,0x89,0x08,0x48,0x89,0x70,0x08,0x48,0x89,0x41,0x08,0x48,0x89,0x06,0x48,0x8b,0x55,0x7f,0x4c,0x8b,
    0xa2,0x80,0x01,0x00,0x00,0x4d,0x85,0xe4,0x0f,0x84,0x48,0x01,0x00,0x00,0x48,0x8b,0x42,0x78,0x0f,0x57,0xc0,0x48,0x83,0x4d,
    0xb7,0xff,0x48,0x8d,0x54,0x24,0x40,0x0f,0x57,0xc9,0x66,0x0f,0x7f,0x45,0x87,0x49,0x8b,0xcd,0x66,0x0f,0x7f,0x45,0x97,0x66,
    0x0f,0x7f,0x4d,0xa7,0x48,0x89,0x44,0x24,0x40,0x48,0x89,0x7c,0x24,0x48,0x40,0x88,0x7d,0xbf,0x48,0xff,0x15,0x00,0x00,0x00,
    0x00,0x0f,0x1f,0x44,0x00,0x00,0x48,0x85,0xc0,0x0f,0x84,0x00,0x00,0x00,0x00,0x4c,0x8b,0x70,0x18,0x48,0x8b,0x45,0x7f,0x48,
    0x8d,0x55,0xd7,0x48,0x83,0x4d,0x17,0xff,0x0f,0x57,0xc0,0x0f,0x57,0xc9,0x48,0x89,0x7d,0xdf,0x48,0x8b,0xdf,0x66,0x0f,0x7f,
    0x45,0xe7,0x48,0x8b,0x48,0x78,0x48,0x89,0x4d,0xd7,0x49,0x8b,0xcd,0x40,0x88,0x7d,0x1f,0x66,0x0f,0x7f,0x45,0xf7,0x66,0x0f,
    0x7f,0x4d,0x07,0x48,0xff,0x15,0x00,0x00,0x00,0x00,0x0f,0x1f,0x44,0x00,0x00,0x48,0x85,0xc0,0x0f,0x84,0x00,0x00,0x00,0x00,
    0x48,0x83,0xc0,0x50,0x48,0x85,0xc0,0x0f,0x84,0x00,0x00,0x00,0x00,0x48,0x3b,0xf0,0x74,0x20,0x48,0x8b,0x9e,0x80,0x01,0x00,
    0x00,0x48,0x85,0xdb,0x0f,0x84,0x19,0x01,0x00,0x00,0x48,0x8b,0x86,0x90,0x01,0x00,0x00,0x48,0x85,0xc0,0x0f,0x85,0x00,0x00,
    0x00,0x00,0x41,0xb1,0x01,0xc6,0x44,0x24,0x20,0x01,0x4c,0x8b,0xc3,0x49,0x8d,0x4e,0x20,0x49,0x8b,0xd4,0xe8,0x00,0x00,0x00,
    0x00,0x8b,0xd8,0x85,0xc0,0x0f,0x88,0x00,0x00,0x00,0x00,0x48,0x8b,0x4d,0x7f,0x33,0xd2,0x48,0x8b,0x89,0x88,0x01,0x00,0x00,
    0xe8,0x00,0x00,0x00,0x00,0x8b,0xd8,0x85,0xc0,0x0f,0x88,0x00,0x00,0x00,0x00,0x48,0x8b,0x55,0x7f,0x41,0xb8,0x03,0x00,0x00,
    0x00,0x49,0x8b,0xcf,0xe8,0x00,0x00,0x00,0x00,0x48,0x8b,0x55,0x7f,0x48,0x8b,0x82,0x90,0x01,0x00,0x00,0x48,0x85,0xc0,0x0f,
    0x85,0x00,0x00,0x00,0x00,0x48,0x8b,0x82,0x80,0x01,0x00,0x00,0x48,0x85,0xc0,0x74,0x0d,0xf6,0x80,0xf1,0x00,0x00,0x00,0x20,
    0x0f,0x85,0x00,0x00,0x00,0x00,0x4c,0x8b,0xb2,0x18,0x02,0x00,0x00,0x4d,0x85,0xf6,0x75,0x37,0x48,0x8d,0x0d,0x00,0x00,0x00,
    0x00,0x48,0xff,0x15,0x00,0x00,0x00,0x00,0x0f,0x1f,0x44,0x00,0x00,0x4c,0x8d,0x9c,0x24,0x00,0x01,0x00,0x00,0x8b,0xc3,0x49,
    0x8b,0x5b,0x30,0x49,0x8b,0x73,0x38,0x49,0x8b,0x7b,0x40,0x49,0x8b,0xe3,0x41,0x5f,0x41,0x5e,0x41,0x5d,0x41,0x5c,0x5d,0xc3,
    0xcc,0x41,0xbc,0x01,0x00,0x00,0x00,0x45,0x39,0xa6,0x38,0x02,0x00,0x00,0x76,0xba,0x48,0x8b,0x52,0x78,0x49,0x8b,0xcd,0x4c,
    0x8b,0xff,0xe8,0x00,0x00,0x00,0x00,0x48,0x8d,0x48,0x50,0x48,0x85,0xc0,0x0f,0x84,0x00,0x00,0x00,0x00,0x48,0x8b,0x55,0x7f,
    0x48,0x85,0xc9,0x74,0x22,0x48,0x8b,0x02,0x48,0x3b,0xc1,0x74,0x1a,0x4c,0x39,0xb0,0x18,0x02,0x00,0x00,0x74,0x0e,0x48,0x8b,
    0x00,0xeb,0xed,0x48,0x8b,0x76,0x08,0xe9,0xc9,0xfe,0xff,0xff,0x4c,0x8b,0xf8,0x49,0x8d,0xb6,0x20,0x02,0x00,0x00,0x4d,0x85,
    0xff,0x74,0x39,0x48,0x8d,0x55,0x7f,0x48,0x8b,0xce,0xe8,0x00,0x00,0x00,0x00,0x48,0x8b,0x06,0x39,0x7e,0x18,0x76,0x11,0x4c,
    0x3b,0x38,0x74,0x0c,0x41,0x03,0xfc,0x48,0x83,0xc0,0x08,0x3b,0x7e,0x18,0x72,0xef,0x44,0x8b,0xc7,0x48,0x8d,0x55,0x7f,0x48,
    0x8b,0xce,0xe8,0x00,0x00,0x00,0x00,0xe9,0x2e,0xff,0xff,0xff,0x41,0x8b,0x8e,0x38,0x02,0x00,0x00,0x48,0x8b,0x06,0x41,0x2b,
    0xcc,0x48,0x39,0x14,0xc8,0x0f,0x84,0x17,0xff,0xff,0xff,0x48,0x8d,0x55,0x7f,0x48,0x8b,0xce,0xe8,0x00,0x00,0x00,0x00,0x8b,
    0x46,0x18,0x44,0x8d,0x40,0x01,0x44,0x3b,0xc0,0x0f,0x82,0x00,0x00,0x00,0x00,0x44,0x3b,0x46,0x14,0x76,0x4d,0x45,0x33,0xc9,
    0x48,0x8d,0x45,0x7f,0x48,0x89,0x44,0x24,0x30,0x45,0x8b,0xc4,0x48,0x8d,0x44,0x24,0x30,0x48,0x8b,0xce,0x48,0x89,0x44,0x24,
    0x20,0x41,0x8d,0x51,0x08,0xe8,0x00,0x00,0x00,0x00,0x85,0xc0,0x0f,0x88,0x00,0x00,0x00,0x00,0x44,0x8b,0x46,0x18,0x48,0x8b,
    0x44,0x24,0x30,0x48,0x8b,0x16,0x41,0xc1,0xe0,0x03,0x48,0x8b,0x08,0x49,0x89,0x0c,0x10,0x44,0x01,0x66,0x18,0xe9,0xa8,0xfe,
    0xff,0xff,0x48,0x8b,0x0e,0x48,0x8b,0xd0,0x48,0x8b,0x45,0x7f,0x48,0x89,0x04,0xd1,0x44,0x89,0x46,0x18,0xe9,0x91,0xfe,0xff,
    0xff,
};
inline constexpr unsigned char kMask2_0[] = {
    0xff,0xff,0xff,0xff,0xff,0xff,0xff,0xff,0xff,0xff,0xff,0xff,0xff,0xff,0xff,0xff,0xff,0xff,0xff,0xff,0xff,0xff,0xff,0xff,
    0xff,0xff,0xff,0xff,0xff,0xff,0xff,0xff,0xff,0xff,0xff,0xff,0xff,0xff,0xff,0xff,0xff,0xff,0xff,0xff,0x00,0x00,0x00,0x00,
    0xff,0xff,0xff,0xff,0xff,0xff,0x00,0x00,0x00,0x00,0xff,0xff,0xff,0xff,0xff,0xff,0xff,0xff,0xff,0xff,0xff,0xff,0xff,0xff,
    0xff,0xff,0xff,0xff,0xff,0xff,0xff,0xff,0xff,0xff,0xff,0x00,0x00,0x00,0x00,0xff,0xff,0xff,0xff,0xff,0xff,0x00,0x00,0x00,
    0x00,0xff,0xff,0xff,0xff,0xff,0xff,0xff,0xff,0xff,0x00,0x00,0x00,0x00,0xff,0xff,0xff,0xff,0xff,0xff,0xff,0xff,0xff,0xff,
    0xff,0xff,0xff,0xff,0xff,0xff,0xff,0xff,0xff,0xff,0xff,0xff,0xff,0xff,0xff,0xff,0xff,0xff,0xff,0xff,0xff,0xff,0xff,0xff,
    0xff,0xff,0xff,0xff,0xff,0xff,0xff,0xff,0xff,0xff,0xff,0xff,0xff,0xff,0xff,0xff,0xff,0xff,0xff,0xff,0xff,0xff,0xff,0xff,
    0xff,0x00,0x00,0x00,0x00,0xff,0xff,0xff,0xff,0xff,0xff,0xff,0xff,0xff,0xff,0xff,0xff,0xff,0xff,0x00,0x00,0x00,0x00,0xff,
    0xff,0xff,0xff,0xff,0xff,0xff,0xff,0xff,0xff,0x00,0x00,0x00,0x00,0xff,0xff,0xff,0xff,0xff,0xff,0xff,0xff,0xff,0xff,0xff,
    0xff,0xff,0xff,0xff,0xff,0xff,0xff,0xff,0xff,0x00,0x00,0x00,0x00,0xff,0xff,0xff,0xff,0xff,0xff,0x00,0x00,0x00,0x00,0xff,
    0xff,0xff,0xff,0xff,0xff,0xff,0xff,0xff,0xff,0x00,0x00,0x00,0x00,0xff,0xff,0xff,0xff,0xff,0xff,0xff,0xff,0xff,0xff,0xff,
    0xff,0xff,0xff,0xff,0xff,0xff,0xff,0xff,0xff,0xff,0xff,0x00,0x00,0x00,0x00,0xff,0xff,0xff,0xff,0xff,0xff,0xff,0xff,0xff,
    0x00,0x00,0x00,0x00,0xff,0xff,0xff,0xff,0xff,0xff,0xff,0xff,0xff,0xff,0xff,0xff,0xff,0xff,0xff,0xff,0xff,0xff,0xff,0xff,
    0x00,0x00,0x00,0x00,0xff,0xff,0xff,0xff,0xff,0xff,0xff,0xff,0xff,0xff,0xff,0xff,0xff,0xff,0xff,0xff,0xff,0xff,0xff,0xff,
    0xff,0xff,0xff,0xff,0xff,0xff,0xff,0xff,0xff,0xff,0xff,0xff,0xff,0xff,0xff,0xff,0xff,0xff,0xff,0xff,0xff,0xff,0xff,0xff,
    0xff,0xff,0xff,0xff,0xff,0xff,0xff,0xff,0xff,0xff,0xff,0xff,0xff,0xff,0xff,0xff,0xff,0xff,0xff,0xff,0xff,0xff,0xff,0xff,
    0xff,0xff,0xff,0xff,0xff,0xff,0xff,0xff,0xff,0xff,0xff,0xff,0xff,0xff,0xff,0xff,0xff,0xff,0xff,0xff,0xff,0x00,0x00,0x00,
    0x00,0xff,0xff,0xff,0xff,0xff,0xff,0xff,0xff,0xff,0xff,0x00,0x00,0x00,0x00,0xff,0xff,0xff,0xff,0xff,0xff,0xff,0xff,0xff,
    0xff,0xff,0xff,0xff,0xff,0xff,0xff,0xff,0xff,0xff,0xff,0xff,0xff,0xff,0xff,0xff,0xff,0xff,0xff,0xff,0xff,0xff,0xff,0xff,
    0xff,0xff,0xff,0xff,0xff,0xff,0xff,0xff,0xff,0xff,0xff,0xff,0xff,0xff,0xff,0xff,0xff,0xff,0xff,0xff,0xff,0xff,0xff,0xff,
    0xff,0xff,0xff,0xff,0xff,0xff,0x00,0x00,0x00,0x00,0xff,0xff,0xff,0xff,0xff,0xff,0xff,0xff,0xff,0xff,0x00,0x00,0x00,0x00,
    0xff,0xff,0xff,0xff,0xff,0xff,0xff,0xff,0xff,0x00,0x00,0x00,0x00,0xff,0xff,0xff,0xff,0xff,0xff,0xff,0xff,0xff,0xff,0xff,
    0xff,0xff,0xff,0xff,0xff,0xff,0xff,0xff,0xff,0xff,0xff,0xff,0xff,0xff,0xff,0xff,0xff,0xff,0xff,0xff,0xff,0xff,0x00,0x00,
    0x00,0x00,0xff,0xff,0xff,0xff,0xff,0xff,0xff,0xff,0xff,0xff,0xff,0xff,0xff,0xff,0xff,0xff,0xff,0xff,0xff,0x00,0x00,0x00,
    0x00,0xff,0xff,0xff,0xff,0xff,0xff,0x00,0x00,0x00,0x00,0xff,0xff,0xff,0xff,0xff,0xff,0xff,0xff,0xff,0xff,0xff,0xff,0xff,
    0xff,0x00,0x00,0x00,0x00,0xff,0xff,0xff,0xff,0xff,0xff,0x00,0x00,0x00,0x00,0xff,0xff,0xff,0xff,0xff,0xff,0xff,0xff,0xff,
    0xff,0xff,0xff,0xff,0xff,0x00,0x00,0x00,0x00,0xff,0xff,0xff,0xff,0xff,0xff,0xff,0xff,0xff,0xff,0xff,0xff,0xff,0xff,0xff,
    0xff,0x00,0x00,0x00,0x00,0xff,0xff,0xff,0xff,0xff,0xff,0xff,0xff,0xff,0xff,0xff,0xff,0xff,0xff,0xff,0xff,0xff,0xff,0xff,
    0xff,0xff,0x00,0x00,0x00,0x00,0xff,0xff,0xff,0xff,0xff,0xff,0xff,0xff,0xff,0xff,0xff,0xff,0xff,0xff,0xff,0x00,0x00,0x00,
    0x00,0xff,0xff,0xff,0x00,0x00,0x00,0x00,0xff,0xff,0xff,0xff,0xff,0xff,0xff,0xff,0xff,0xff,0xff,0xff,0xff,0xff,0xff,0xff,
    0xff,0xff,0xff,0xff,0xff,0xff,0xff,0xff,0xff,0xff,0xff,0xff,0xff,0xff,0xff,0xff,0xff,0xff,0xff,0xff,0xff,0xff,0xff,0xff,
    0xff,0xff,0xff,0xff,0xff,0xff,0xff,0xff,0xff,0xff,0xff,0xff,0xff,0xff,0xff,0xff,0xff,0xff,0xff,0xff,0xff,0xff,0xff,0xff,
    0xff,0xff,0xff,0x00,0x00,0x00,0x00,0xff,0xff,0xff,0xff,0xff,0xff,0xff,0xff,0xff,0x00,0x00,0x00,0x00,0xff,0xff,0xff,0xff,
    0xff,0xff,0xff,0xff,0xff,0xff,0xff,0xff,0xff,0xff,0xff,0xff,0xff,0xff,0xff,0xff,0xff,0xff,0xff,0xff,0xff,0xff,0xff,0xff,
    0xff,0xff,0xff,0xff,0xff,0xff,0xff,0xff,0xff,0xff,0xff,0xff,0xff,0xff,0xff,0xff,0xff,0xff,0xff,0xff,0xff,0xff,0xff,0xff,
    0xff,0xff,0xff,0xff,0xff,0xff,0xff,0xff,0xff,0xff,0xff,0x00,0x00,0x00,0x00,0xff,0xff,0xff,0xff,0xff,0xff,0xff,0xff,0xff,
    0xff,0xff,0xff,0xff,0xff,0xff,0xff,0xff,0xff,0xff,0xff,0xff,0xff,0xff,0xff,0xff,0xff,0xff,0xff,0xff,0xff,0xff,0xff,0xff,
    0xff,0xff,0xff,0x00,0x00,0x00,0x00,0xff,0xff,0xff,0xff,0xff,0xff,0xff,0xff,0xff,0xff,0xff,0xff,0xff,0xff,0xff,0xff,0xff,
    0xff,0xff,0xff,0xff,0xff,0xff,0xff,0xff,0xff,0xff,0xff,0xff,0xff,0xff,0xff,0xff,0xff,0xff,0xff,0x00,0x00,0x00,0x00,0xff,
    0xff,0xff,0xff,0xff,0xff,0xff,0xff,0xff,0xff,0xff,0xff,0x00,0x00,0x00,0x00,0xff,0xff,0xff,0xff,0xff,0xff,0xff,0xff,0xff,
    0xff,0xff,0xff,0xff,0xff,0xff,0xff,0xff,0xff,0xff,0xff,0xff,0xff,0xff,0xff,0xff,0xff,0xff,0xff,0xff,0xff,0xff,0xff,0xff,
    0xff,0xff,0xff,0xff,0xff,0xff,0x00,0x00,0x00,0x00,0xff,0xff,0xff,0xff,0x00,0x00,0x00,0x00,0xff,0xff,0xff,0xff,0xff,0xff,
    0xff,0xff,0xff,0xff,0xff,0xff,0xff,0xff,0xff,0xff,0xff,0xff,0xff,0xff,0xff,0xff,0xff,0xff,0xff,0xff,0xff,0xff,0xff,0xff,
    0xff,0xff,0xff,0xff,0xff,0xff,0xff,0xff,0xff,0xff,0xff,0xff,0xff,0xff,0xff,0xff,0xff,0xff,0xff,0xff,0xff,0xff,0xff,0xff,
    0xff,
};
inline constexpr Reference kRefs2_0[] = {
    {44, 48, Section::Writable, Node::Count, Binding::CriticalSection, nullptr, 65535, 0, 4},
    {54, 58, Section::ReadOnly, Node::Count, Binding::None, "EnterCriticalSection", 65535, 0, 4},
    {83, 87, Section::Code, Node::SyncedData, Binding::None, nullptr, 65535, 0, 4},
    {93, 97, Section::Code, Node::Count, Binding::None, nullptr, 1, 0, 4},
    {106, 110, Section::Code, Node::Count, Binding::None, nullptr, 1, 56, 4},
    {169, 173, Section::ReadOnly, Node::Count, Binding::None, "RtlLookupElementGenericTable", 65535, 0, 4},
    {187, 191, Section::Code, Node::Count, Binding::None, nullptr, 1, 75, 4},
    {201, 205, Section::Code, Node::Count, Binding::None, nullptr, 1, 83, 4},
    {225, 229, Section::Code, Node::SyncedData, Binding::None, nullptr, 65535, 0, 4},
    {235, 239, Section::Code, Node::Count, Binding::None, nullptr, 1, 102, 4},
    {249, 253, Section::Code, Node::Count, Binding::None, nullptr, 1, 112, 4},
    {275, 279, Section::Code, Node::Count, Binding::None, nullptr, 1, 422, 4},
    {288, 292, Section::Code, Node::Count, Binding::None, nullptr, 1, 422, 4},
    {312, 316, Section::Code, Node::Count, Binding::None, nullptr, 1, 422, 4},
    {405, 409, Section::ReadOnly, Node::Count, Binding::None, "RtlLookupElementGenericTable", 65535, 0, 4},
    {419, 423, Section::Code, Node::Count, Binding::None, nullptr, 1, 131, 4},
    {486, 490, Section::ReadOnly, Node::Count, Binding::None, "RtlLookupElementGenericTable", 65535, 0, 4},
    {500, 504, Section::Code, Node::Count, Binding::None, nullptr, 1, 139, 4},
    {513, 517, Section::Code, Node::Count, Binding::None, nullptr, 1, 147, 4},
    {550, 554, Section::Code, Node::Count, Binding::None, nullptr, 1, 169, 4},
    {573, 577, Section::Code, Node::InsertRelative, Binding::None, nullptr, 65535, 0, 4},
    {583, 587, Section::Code, Node::Count, Binding::None, nullptr, 1, 182, 4},
    {601, 605, Section::Code, Node::Count, Binding::None, nullptr, 65535, 0, 4},
    {611, 615, Section::Code, Node::Count, Binding::None, nullptr, 1, 195, 4},
    {629, 633, Section::Code, Node::Count, Binding::None, nullptr, 65535, 0, 4},
    {649, 653, Section::Code, Node::Count, Binding::None, nullptr, 1, 208, 4},
    {674, 678, Section::Code, Node::Count, Binding::None, nullptr, 1, 263, 4},
    {693, 697, Section::Writable, Node::Count, Binding::CriticalSection, nullptr, 65535, 0, 4},
    {700, 704, Section::ReadOnly, Node::Count, Binding::None, "LeaveCriticalSection", 65535, 0, 4},
    {771, 775, Section::Code, Node::Count, Binding::None, nullptr, 65535, 0, 4},
    {784, 788, Section::Code, Node::Count, Binding::None, nullptr, 1, 414, 4},
    {851, 855, Section::Code, Node::Count, Binding::None, nullptr, 65535, 0, 4},
    {891, 895, Section::Code, Node::Count, Binding::None, nullptr, 65535, 0, 4},
    {931, 935, Section::Code, Node::Count, Binding::None, nullptr, 65535, 0, 4},
    {947, 951, Section::Code, Node::Count, Binding::None, nullptr, 1, 23, 4},
    {990, 994, Section::Code, Node::Count, Binding::None, nullptr, 65535, 0, 4},
    {998, 1002, Section::Code, Node::Count, Binding::None, nullptr, 1, 10, 4},
};
inline constexpr unsigned char kBytes2_1[] = {
    0xc7,0x44,0x24,0x20,0x16,0x0c,0x00,0x00,0xeb,0x08,0xc7,0x44,0x24,0x20,0xc0,0x00,0x00,0x00,0x44,0x8b,0xc8,0xeb,0x0e,0xc7,
    0x44,0x24,0x20,0xb5,0x00,0x00,0x00,0x41,0xb9,0x16,0x02,0x07,0x80,0x33,0xd2,0x45,0x33,0xc0,0x8d,0x4a,0x14,0xe8,0x00,0x00,
    0x00,0x00,0x90,0xe9,0x00,0x00,0x00,0x00,0x41,0xb9,0x06,0x00,0x07,0x80,0xc7,0x44,0x24,0x20,0x18,0x0c,0x00,0x00,0x41,0x8b,
    0xd9,0xeb,0xda,0x48,0x8b,0xf7,0xe9,0x00,0x00,0x00,0x00,0x41,0xb9,0x0e,0x00,0x07,0x80,0xc7,0x44,0x24,0x20,0x1b,0x0c,0x00,
    0x00,0x41,0x8b,0xd9,0xeb,0xbf,0xc7,0x44,0x24,0x20,0x21,0x0c,0x00,0x00,0xeb,0xa2,0x41,0xb9,0x06,0x00,0x07,0x80,0xc7,0x44,
    0x24,0x20,0x24,0x0c,0x00,0x00,0x41,0x8b,0xd9,0xeb,0xa2,0x4c,0x8b,0xf7,0xe9,0x00,0x00,0x00,0x00,0x48,0x8b,0xc7,0xe9,0x00,
    0x00,0x00,0x00,0x41,0xb9,0x0e,0x00,0x07,0x80,0xc7,0x44,0x24,0x20,0x34,0x0c,0x00,0x00,0x41,0x8b,0xd9,0xe9,0x7c,0xff,0xff,
    0xff,0x48,0x39,0x78,0x18,0x48,0x0f,0x45,0xd8,0xe9,0x00,0x00,0x00,0x00,0xc7,0x44,0x24,0x20,0x4e,0x0c,0x00,0x00,0xe9,0x4f,
    0xff,0xff,0xff,0xc7,0x44,0x24,0x20,0x4f,0x0c,0x00,0x00,0xe9,0x42,0xff,0xff,0xff,0x4c,0x8b,0x82,0x80,0x01,0x00,0x00,0x49,
    0x8d,0x4e,0x20,0x48,0x8b,0xd0,0xc6,0x44,0x24,0x20,0x01,0x41,0xb1,0x01,0xe8,0x00,0x00,0x00,0x00,0x8b,0xd8,0x85,0xc0,0x79,
    0x0d,0xc7,0x44,0x24,0x20,0x55,0x0c,0x00,0x00,0xe9,0x14,0xff,0xff,0xff,0x48,0x8b,0x55,0x7f,0xe9,0x00,0x00,0x00,0x00,0x48,
    0x8d,0x4c,0x24,0x30,0x48,0x89,0x7c,0x24,0x30,0xe8,0x00,0x00,0x00,0x00,0x48,0x8b,0x55,0x7f,0x4c,0x8d,0x4c,0x24,0x30,0x45,
    0x33,0xc0,0x49,0x8b,0xcf,0x48,0x8b,0x52,0x78,0xe8,0x00,0x00,0x00,0x00,0x8b,0xd8,0x85,0xc0,0x79,0x28,0x33,0xd2,0xc7,0x44,
    0x24,0x20,0x5c,0x0c,0x00,0x00,0x44,0x8b,0xc8,0x45,0x33,0xc0,0x8d,0x4a,0x14,0xe8,0x00,0x00,0x00,0x00,0x48,0x8d,0x4c,0x24,
    0x30,0xe8,0x00,0x00,0x00,0x00,0x90,0xe9,0x00,0x00,0x00,0x00,0x48,0x8d,0x05,0x00,0x00,0x00,0x00,0x48,0x8b,0xc8,0x48,0x89,
    0x44,0x24,0x38,0x48,0xff,0x15,0x00,0x00,0x00,0x00,0x0f,0x1f,0x44,0x00,0x00,0x48,0x8b,0x4c,0x24,0x30,0xe8,0x00,0x00,0x00,
    0x00,0x48,0x8d,0x4c,0x24,0x38,0xe8,0x00,0x00,0x00,0x00,0x48,0x8d,0x4c,0x24,0x30,0xe8,0x00,0x00,0x00,0x00,0x48,0x8b,0x55,
    0x7f,0xe9,0x00,0x00,0x00,0x00,0x48,0x8b,0xcf,0xe9,0x00,0x00,0x00,0x00,0xb9,0x03,0x00,0x00,0x00,0xcd,0x29,
};
inline constexpr unsigned char kMask2_1[] = {
    0xff,0xff,0xff,0xff,0xff,0xff,0xff,0xff,0xff,0xff,0xff,0xff,0xff,0xff,0xff,0xff,0xff,0xff,0xff,0xff,0xff,0xff,0xff,0xff,
    0xff,0xff,0xff,0xff,0xff,0xff,0xff,0xff,0xff,0xff,0xff,0xff,0xff,0xff,0xff,0xff,0xff,0xff,0xff,0xff,0xff,0xff,0x00,0x00,
    0x00,0x00,0xff,0xff,0x00,0x00,0x00,0x00,0xff,0xff,0xff,0xff,0xff,0xff,0xff,0xff,0xff,0xff,0xff,0xff,0xff,0xff,0xff,0xff,
    0xff,0xff,0xff,0xff,0xff,0xff,0xff,0x00,0x00,0x00,0x00,0xff,0xff,0xff,0xff,0xff,0xff,0xff,0xff,0xff,0xff,0xff,0xff,0xff,
    0xff,0xff,0xff,0xff,0xff,0xff,0xff,0xff,0xff,0xff,0xff,0xff,0xff,0xff,0xff,0xff,0xff,0xff,0xff,0xff,0xff,0xff,0xff,0xff,
    0xff,0xff,0xff,0xff,0xff,0xff,0xff,0xff,0xff,0xff,0xff,0xff,0xff,0xff,0xff,0x00,0x00,0x00,0x00,0xff,0xff,0xff,0xff,0x00,
    0x00,0x00,0x00,0xff,0xff,0xff,0xff,0xff,0xff,0xff,0xff,0xff,0xff,0xff,0xff,0xff,0xff,0xff,0xff,0xff,0xff,0xff,0xff,0xff,
    0xff,0xff,0xff,0xff,0xff,0xff,0xff,0xff,0xff,0xff,0x00,0x00,0x00,0x00,0xff,0xff,0xff,0xff,0xff,0xff,0xff,0xff,0xff,0xff,
    0xff,0xff,0xff,0xff,0xff,0xff,0xff,0xff,0xff,0xff,0xff,0xff,0xff,0xff,0xff,0xff,0xff,0xff,0xff,0xff,0xff,0xff,0xff,0xff,
    0xff,0xff,0xff,0xff,0xff,0xff,0xff,0xff,0xff,0xff,0xff,0xff,0xff,0xff,0xff,0x00,0x00,0x00,0x00,0xff,0xff,0xff,0xff,0xff,
    0xff,0xff,0xff,0xff,0xff,0xff,0xff,0xff,0xff,0xff,0xff,0xff,0xff,0xff,0xff,0xff,0xff,0xff,0xff,0x00,0x00,0x00,0x00,0xff,
    0xff,0xff,0xff,0xff,0xff,0xff,0xff,0xff,0xff,0xff,0x00,0x00,0x00,0x00,0xff,0xff,0xff,0xff,0xff,0xff,0xff,0xff,0xff,0xff,
    0xff,0xff,0xff,0xff,0xff,0xff,0xff,0xff,0xff,0xff,0x00,0x00,0x00,0x00,0xff,0xff,0xff,0xff,0xff,0xff,0xff,0xff,0xff,0xff,
    0xff,0xff,0xff,0xff,0xff,0xff,0xff,0xff,0xff,0xff,0xff,0xff,0xff,0xff,0xff,0xff,0x00,0x00,0x00,0x00,0xff,0xff,0xff,0xff,
    0xff,0xff,0x00,0x00,0x00,0x00,0xff,0xff,0x00,0x00,0x00,0x00,0xff,0xff,0xff,0x00,0x00,0x00,0x00,0xff,0xff,0xff,0xff,0xff,
    0xff,0xff,0xff,0xff,0xff,0xff,0x00,0x00,0x00,0x00,0xff,0xff,0xff,0xff,0xff,0xff,0xff,0xff,0xff,0xff,0xff,0x00,0x00,0x00,
    0x00,0xff,0xff,0xff,0xff,0xff,0xff,0x00,0x00,0x00,0x00,0xff,0xff,0xff,0xff,0xff,0xff,0x00,0x00,0x00,0x00,0xff,0xff,0xff,
    0xff,0xff,0x00,0x00,0x00,0x00,0xff,0xff,0xff,0xff,0x00,0x00,0x00,0x00,0xff,0xff,0xff,0xff,0xff,0xff,0xff,
};
inline constexpr Reference kRefs2_1[] = {
    {46, 50, Section::Code, Node::Count, Binding::None, nullptr, 65535, 0, 4},
    {52, 56, Section::Code, Node::Count, Binding::None, nullptr, 0, 690, 4},
    {79, 83, Section::Code, Node::Count, Binding::None, nullptr, 0, 191, 4},
    {135, 139, Section::Code, Node::Count, Binding::None, nullptr, 0, 427, 4},
    {143, 147, Section::Code, Node::Count, Binding::None, nullptr, 0, 508, 4},
    {178, 182, Section::Code, Node::Count, Binding::None, nullptr, 0, 554, 4},
    {231, 235, Section::Code, Node::InsertRelative, Binding::None, nullptr, 65535, 0, 4},
    {259, 263, Section::Code, Node::Count, Binding::None, nullptr, 0, 653, 4},
    {274, 278, Section::Code, Node::Count, Binding::None, nullptr, 65535, 0, 4},
    {298, 302, Section::Code, Node::Count, Binding::None, nullptr, 65535, 0, 4},
    {328, 332, Section::Code, Node::Count, Binding::None, nullptr, 65535, 0, 4},
    {338, 342, Section::Code, Node::Count, Binding::None, nullptr, 65535, 0, 4},
    {344, 348, Section::Code, Node::Count, Binding::None, nullptr, 0, 690, 4},
    {351, 355, Section::Writable, Node::Count, Binding::CriticalSection, nullptr, 65535, 0, 4},
    {366, 370, Section::ReadOnly, Node::Count, Binding::None, "EnterCriticalSection", 65535, 0, 4},
    {381, 385, Section::Code, Node::Count, Binding::None, nullptr, 65535, 0, 4},
    {391, 395, Section::Code, Node::Count, Binding::None, nullptr, 65535, 0, 4},
    {401, 405, Section::Code, Node::Count, Binding::None, nullptr, 65535, 0, 4},
    {410, 414, Section::Code, Node::Count, Binding::None, nullptr, 0, 678, 4},
    {418, 422, Section::Code, Node::Count, Binding::None, nullptr, 0, 788, 4},
};
inline constexpr Fragment kFragments2[] = {
    {kBytes2_1, kMask2_1, 429, kRefs2_1, 20},
};
// UpdateScene
inline constexpr unsigned char kBytes3_0[] = {
    0x40,0x53,0x55,0x56,0x57,0x41,0x54,0x48,0x83,0xec,0x60,0x48,0x8b,0x05,0x00,0x00,0x00,0x00,0x48,0x33,0xc4,0x48,0x89,0x44,
    0x24,0x50,0x48,0x8b,0xe9,0x45,0x33,0xe4,0x48,0x8d,0x0d,0x00,0x00,0x00,0x00,0x44,0x89,0x64,0x24,0x30,0x41,0x8b,0xf4,0x48,
    0xff,0x15,0x00,0x00,0x00,0x00,0x0f,0x1f,0x44,0x00,0x00,0x48,0x8b,0x1d,0x00,0x00,0x00,0x00,0x48,0xff,0x15,0x00,0x00,0x00,
    0x00,0x0f,0x1f,0x44,0x00,0x00,0x3b,0x83,0x90,0x02,0x00,0x00,0x74,0x00,0x48,0x8b,0x15,0x00,0x00,0x00,0x00,0x45,0x8b,0xc4,
    0x48,0x8b,0x82,0xf0,0x00,0x00,0x00,0x8b,0x48,0x28,0x85,0xc9,0x0f,0x85,0x00,0x00,0x00,0x00,
};
inline constexpr unsigned char kMask3_0[] = {
    0xff,0xff,0xff,0xff,0xff,0xff,0xff,0xff,0xff,0xff,0xff,0xff,0xff,0xff,0x00,0x00,0x00,0x00,0xff,0xff,0xff,0xff,0xff,0xff,
    0xff,0xff,0xff,0xff,0xff,0xff,0xff,0xff,0xff,0xff,0xff,0x00,0x00,0x00,0x00,0xff,0xff,0xff,0xff,0xff,0xff,0xff,0xff,0xff,
    0xff,0xff,0x00,0x00,0x00,0x00,0xff,0xff,0xff,0xff,0xff,0xff,0xff,0xff,0x00,0x00,0x00,0x00,0xff,0xff,0xff,0x00,0x00,0x00,
    0x00,0xff,0xff,0xff,0xff,0xff,0xff,0xff,0xff,0xff,0xff,0xff,0xff,0x00,0xff,0xff,0xff,0x00,0x00,0x00,0x00,0xff,0xff,0xff,
    0xff,0xff,0xff,0xff,0xff,0xff,0xff,0xff,0xff,0xff,0xff,0xff,0xff,0xff,0x00,0x00,0x00,0x00,
};
inline constexpr Reference kRefs3_0[] = {
    {14, 18, Section::Writable, Node::Count, Binding::None, nullptr, 65535, 0, 4},
    {35, 39, Section::Writable, Node::Count, Binding::CriticalSection, nullptr, 65535, 0, 4},
    {50, 54, Section::ReadOnly, Node::Count, Binding::None, "EnterCriticalSection", 65535, 0, 4},
    {62, 66, Section::Writable, Node::Count, Binding::DesktopManager, nullptr, 65535, 0, 4},
    {69, 73, Section::ReadOnly, Node::Count, Binding::None, "GetCurrentThreadId", 65535, 0, 4},
    {85, 86, Section::Code, Node::Count, Binding::None, nullptr, 1, 0, 1},
    {89, 93, Section::Writable, Node::Count, Binding::DesktopManager, nullptr, 65535, 0, 4},
    {110, 114, Section::Code, Node::Count, Binding::None, nullptr, 9, 0, 4},
};
inline constexpr unsigned char kBytes3_1[] = {
    0x4c,0x89,0xac,0x24,0x98,0x00,0x00,0x00,0x48,0x8d,0x0d,0x00,0x00,0x00,0x00,
};
inline constexpr unsigned char kMask3_1[] = {
    0xff,0xff,0xff,0xff,0xff,0xff,0xff,0xff,0xff,0xff,0xff,0x00,0x00,0x00,0x00,
};
inline constexpr Reference kRefs3_1[] = {
    {11, 15, Section::Writable, Node::Count, Binding::CriticalSection, nullptr, 65535, 0, 4},
};
inline constexpr unsigned char kBytes3_2[] = {
    0x4c,0x89,0xbc,0x24,0xa8,0x00,0x00,0x00,0x48,0xff,0x15,0x00,0x00,0x00,0x00,0x0f,0x1f,0x44,0x00,0x00,0x48,0x8b,0x1d,0x00,
    0x00,0x00,0x00,0x41,0x8b,0xfc,0x4c,0x89,0x64,0x24,0x38,0x4c,0x8b,0xab,0xf8,0x00,0x00,0x00,0x39,0xb3,0x08,0x03,0x00,0x00,
    0x0f,0x87,0x00,0x00,0x00,0x00,0x48,0x8d,0x54,0x24,0x38,0x48,0x8d,0x4d,0x08,0x48,0xff,0x15,0x00,0x00,0x00,0x00,0x0f,0x1f,
    0x44,0x00,0x00,0x48,0x8b,0xf8,0x48,0x85,0xc0,0x0f,0x84,0x00,0x00,0x00,0x00,0x48,0x8b,0x5c,0x24,0x38,
};
inline constexpr unsigned char kMask3_2[] = {
    0xff,0xff,0xff,0xff,0xff,0xff,0xff,0xff,0xff,0xff,0xff,0x00,0x00,0x00,0x00,0xff,0xff,0xff,0xff,0xff,0xff,0xff,0xff,0x00,
    0x00,0x00,0x00,0xff,0xff,0xff,0xff,0xff,0xff,0xff,0xff,0xff,0xff,0xff,0xff,0xff,0xff,0xff,0xff,0xff,0xff,0xff,0xff,0xff,
    0xff,0xff,0x00,0x00,0x00,0x00,0xff,0xff,0xff,0xff,0xff,0xff,0xff,0xff,0xff,0xff,0xff,0xff,0x00,0x00,0x00,0x00,0xff,0xff,
    0xff,0xff,0xff,0xff,0xff,0xff,0xff,0xff,0xff,0xff,0xff,0x00,0x00,0x00,0x00,0xff,0xff,0xff,0xff,0xff,
};
inline constexpr Reference kRefs3_2[] = {
    {11, 15, Section::ReadOnly, Node::Count, Binding::None, "EnterCriticalSection", 65535, 0, 4},
    {23, 27, Section::Writable, Node::Count, Binding::DesktopManager, nullptr, 65535, 0, 4},
    {50, 54, Section::Code, Node::Count, Binding::None, nullptr, 13, 0, 4},
    {66, 70, Section::ReadOnly, Node::Count, Binding::None, "RtlEnumerateGenericTableWithoutSplaying", 65535, 0, 4},
    {83, 87, Section::Code, Node::Count, Binding::None, nullptr, 4, 0, 4},
};
inline constexpr unsigned char kBytes3_3[] = {
    0x4c,0x89,0xb4,0x24,0xa0,0x00,0x00,0x00,0x48,0x8b,0x57,0x18,0x48,0x85,0xd2,0x74,0x05,0xe8,0x00,0x00,0x00,0x00,0x48,0x8b,
    0x57,0x28,0x48,0x85,0xd2,0x0f,0x85,0x00,0x00,0x00,0x00,0x48,0x8b,0x7f,0x38,0x48,0x85,0xff,0x0f,0x84,0x83,0x00,0x00,0x00,
    0x48,0x8b,0x47,0x60,0x48,0x85,0xc0,0x74,0x7a,0x4c,0x39,0x60,0x10,0x0f,0x84,0x00,0x00,0x00,0x00,0x4c,0x39,0x60,0x30,0x0f,
    0x84,0x00,0x00,0x00,0x00,0x48,0x8b,0x58,0x18,0x83,0xce,0x01,0x48,0x85,0xdb,0x0f,0x84,0x00,0x00,0x00,0x00,0x48,0x8b,0x03,
    0x48,0x8b,0xcb,0x48,0x8b,0x40,0x08,0xff,0x15,0x00,0x00,0x00,0x00,0x41,0xb6,0x01,0x40,0xf6,0xc6,0x01,0x74,0x1b,0x83,0xe6,
    0xfe,0x48,0x8b,0xcb,0x48,0x85,0xdb,0x74,0x10,0x48,0x8b,0x01,0x49,0x8b,0xdc,0x48,0x8b,0x40,0x10,0xff,0x15,0x00,0x00,0x00,
    0x00,0x45,0x84,0xf6,0x74,0x1d,0x48,0x8b,0x47,0x60,0x48,0x8b,0x48,0x10,0x48,0x8b,0x01,0x48,0x8b,0x40,0x40,0xff,0x15,0x00,
    0x00,0x00,0x00,0x85,0xc0,0x0f,0x88,0x00,0x00,0x00,0x00,0x48,0x8d,0x54,0x24,0x38,0x48,0x8d,0x4d,0x08,0x48,0xff,0x15,0x00,
    0x00,0x00,0x00,0x0f,0x1f,0x44,0x00,0x00,0x48,0x8b,0xf8,0x48,0x85,0xc0,0x0f,0x85,0x34,0xff,0xff,0xff,0x4c,0x8b,0xb4,0x24,
    0xa0,0x00,0x00,0x00,
};
inline constexpr unsigned char kMask3_3[] = {
    0xff,0xff,0xff,0xff,0xff,0xff,0xff,0xff,0xff,0xff,0xff,0xff,0xff,0xff,0xff,0xff,0xff,0xff,0x00,0x00,0x00,0x00,0xff,0xff,
    0xff,0xff,0xff,0xff,0xff,0xff,0xff,0x00,0x00,0x00,0x00,0xff,0xff,0xff,0xff,0xff,0xff,0xff,0xff,0xff,0xff,0xff,0xff,0xff,
    0xff,0xff,0xff,0xff,0xff,0xff,0xff,0xff,0xff,0xff,0xff,0xff,0xff,0xff,0xff,0x00,0x00,0x00,0x00,0xff,0xff,0xff,0xff,0xff,
    0xff,0x00,0x00,0x00,0x00,0xff,0xff,0xff,0xff,0xff,0xff,0xff,0xff,0xff,0xff,0xff,0xff,0x00,0x00,0x00,0x00,0xff,0xff,0xff,
    0xff,0xff,0xff,0xff,0xff,0xff,0xff,0xff,0xff,0x00,0x00,0x00,0x00,0xff,0xff,0xff,0xff,0xff,0xff,0xff,0xff,0xff,0xff,0xff,
    0xff,0xff,0xff,0xff,0xff,0xff,0xff,0xff,0xff,0xff,0xff,0xff,0xff,0xff,0xff,0xff,0xff,0xff,0xff,0xff,0xff,0x00,0x00,0x00,
    0x00,0xff,0xff,0xff,0xff,0xff,0xff,0xff,0xff,0xff,0xff,0xff,0xff,0xff,0xff,0xff,0xff,0xff,0xff,0xff,0xff,0xff,0xff,0x00,
    0x00,0x00,0x00,0xff,0xff,0xff,0xff,0x00,0x00,0x00,0x00,0xff,0xff,0xff,0xff,0xff,0xff,0xff,0xff,0xff,0xff,0xff,0xff,0x00,
    0x00,0x00,0x00,0xff,0xff,0xff,0xff,0xff,0xff,0xff,0xff,0xff,0xff,0xff,0xff,0xff,0xff,0xff,0xff,0xff,0xff,0xff,0xff,0xff,
    0xff,0xff,0xff,0xff,
};
inline constexpr Reference kRefs3_3[] = {
    {18, 22, Section::Code, Node::Count, Binding::None, nullptr, 65535, 0, 4},
    {31, 35, Section::Code, Node::Count, Binding::None, nullptr, 7, 0, 4},
    {63, 67, Section::Code, Node::Count, Binding::None, nullptr, 14, 0, 4},
    {73, 77, Section::Code, Node::Count, Binding::None, nullptr, 14, 0, 4},
    {89, 93, Section::Code, Node::Count, Binding::None, nullptr, 14, 0, 4},
    {105, 109, Section::ReadOnly, Node::Count, Binding::None, nullptr, 65535, 0, 4},
    {141, 145, Section::ReadOnly, Node::Count, Binding::None, nullptr, 65535, 0, 4},
    {167, 171, Section::ReadOnly, Node::Count, Binding::None, nullptr, 65535, 0, 4},
    {175, 179, Section::Code, Node::Count, Binding::None, nullptr, 14, 8, 4},
    {191, 195, Section::ReadOnly, Node::Count, Binding::None, "RtlEnumerateGenericTableWithoutSplaying", 65535, 0, 4},
};
inline constexpr unsigned char kBytes3_4[] = {
    0x48,0x8b,0x95,0xf0,0x01,0x00,0x00,0x4c,0x8b,0xbc,0x24,0xa8,0x00,0x00,0x00,0x48,0x85,0xd2,0x0f,0x85,0x00,0x00,0x00,0x00,
};
inline constexpr unsigned char kMask3_4[] = {
    0xff,0xff,0xff,0xff,0xff,0xff,0xff,0xff,0xff,0xff,0xff,0xff,0xff,0xff,0xff,0xff,0xff,0xff,0xff,0xff,0x00,0x00,0x00,0x00,
};
inline constexpr Reference kRefs3_4[] = {
    {20, 24, Section::Code, Node::Count, Binding::None, nullptr, 15, 0, 4},
};
inline constexpr unsigned char kBytes3_5[] = {
    0x48,0x8b,0x95,0xf8,0x01,0x00,0x00,0x48,0x85,0xd2,0x0f,0x85,0x00,0x00,0x00,0x00,0x48,0x8b,0x85,0x08,0x02,0x00,0x00,0x48,
    0x85,0xc0,0x74,0x0d,0x48,0x8b,0x50,0x30,0x48,0x85,0xd2,0x0f,0x85,0x00,0x00,0x00,0x00,0x4d,0x85,0xed,0x74,0x0a,0x4d,0x39,
    0x65,0x08,0x0f,0x85,0x00,0x00,0x00,0x00,0x48,0x8b,0x05,0x00,0x00,0x00,0x00,0x48,0x8b,0x88,0x08,0x02,0x00,0x00,0x48,0x8b,
    0x01,0x48,0x8b,0x40,0x58,0xff,0x15,0x00,0x00,0x00,0x00,0xf6,0x05,0x00,0x00,0x00,0x00,0x01,0x4c,0x8b,0xac,0x24,0x98,0x00,
    0x00,0x00,0x0f,0x85,0x00,0x00,0x00,0x00,
};
inline constexpr unsigned char kMask3_5[] = {
    0xff,0xff,0xff,0xff,0xff,0xff,0xff,0xff,0xff,0xff,0xff,0xff,0x00,0x00,0x00,0x00,0xff,0xff,0xff,0xff,0xff,0xff,0xff,0xff,
    0xff,0xff,0xff,0xff,0xff,0xff,0xff,0xff,0xff,0xff,0xff,0xff,0xff,0x00,0x00,0x00,0x00,0xff,0xff,0xff,0xff,0xff,0xff,0xff,
    0xff,0xff,0xff,0xff,0x00,0x00,0x00,0x00,0xff,0xff,0xff,0x00,0x00,0x00,0x00,0xff,0xff,0xff,0xff,0xff,0xff,0xff,0xff,0xff,
    0xff,0xff,0xff,0xff,0xff,0xff,0xff,0x00,0x00,0x00,0x00,0xff,0xff,0x00,0x00,0x00,0x00,0xff,0xff,0xff,0xff,0xff,0xff,0xff,
    0xff,0xff,0xff,0xff,0x00,0x00,0x00,0x00,
};
inline constexpr Reference kRefs3_5[] = {
    {12, 16, Section::Code, Node::Count, Binding::None, nullptr, 15, 21, 4},
    {37, 41, Section::Code, Node::Count, Binding::None, nullptr, 10, 0, 4},
    {52, 56, Section::Code, Node::Count, Binding::None, nullptr, 8, 0, 4},
    {59, 63, Section::Writable, Node::Count, Binding::DesktopManager, nullptr, 65535, 0, 4},
    {79, 83, Section::ReadOnly, Node::Count, Binding::None, nullptr, 65535, 0, 4},
    {85, 90, Section::Writable, Node::Count, Binding::None, nullptr, 65535, 0, 4},
    {100, 104, Section::Code, Node::Count, Binding::None, nullptr, 16, 0, 4},
};
inline constexpr unsigned char kBytes3_6[] = {
    0x48,0x8b,0x95,0x48,0x02,0x00,0x00,0x48,0x8d,0x42,0xff,0x48,0x83,0xf8,0xfd,0x76,0x07,0x48,0x8b,0x95,0x38,0x02,0x00,0x00,
    0x48,0x8b,0x05,0x00,0x00,0x00,0x00,0x48,0x8b,0x48,0x28,0x48,0x8b,0x49,0x10,0x48,0x8b,0x01,0x48,0x8b,0x40,0x20,0xff,0x15,
    0x00,0x00,0x00,0x00,0x85,0xc0,0x0f,0x88,0x00,0x00,0x00,0x00,0x48,0x8b,0x8d,0x38,0x02,0x00,0x00,0x44,0x88,0xa5,0x5a,0x02,
    0x00,0x00,0x48,0x85,0xc9,0x0f,0x85,0x00,0x00,0x00,0x00,0x48,0x8b,0xbd,0x48,0x02,0x00,0x00,0x48,0x8d,0x47,0xff,0x48,0x83,
    0xf8,0xfd,0x0f,0x86,0x00,0x00,0x00,0x00,0x4c,0x89,0xa5,0x48,0x02,0x00,0x00,0xe8,0x00,0x00,0x00,0x00,0x85,0xc0,0x78,0x28,
    0x48,0x8b,0x05,0x00,0x00,0x00,0x00,0x48,0x8b,0x88,0xd8,0x00,0x00,0x00,0x48,0x85,0xc9,0x74,0x15,0x48,0x8b,0x01,0x48,0x8b,
    0x40,0x18,0xff,0x15,0x00,0x00,0x00,0x00,0x85,0xc0,0x0f,0x88,0x00,0x00,0x00,0x00,0x48,0x8d,0x0d,0x00,0x00,0x00,0x00,0x48,
    0xff,0x15,0x00,0x00,0x00,0x00,0x0f,0x1f,0x44,0x00,0x00,0x48,0x8d,0x0d,0x00,0x00,0x00,0x00,0x48,0xff,0x15,0x00,0x00,0x00,
    0x00,0x0f,0x1f,0x44,0x00,0x00,0x33,0xc0,0x48,0x8b,0x4c,0x24,0x50,0x48,0x33,0xcc,0xe8,0x00,0x00,0x00,0x00,0x48,0x83,0xc4,
    0x60,0x41,0x5c,0x5f,0x5e,0x5d,0x5b,0xc3,
};
inline constexpr unsigned char kMask3_6[] = {
    0xff,0xff,0xff,0xff,0xff,0xff,0xff,0xff,0xff,0xff,0xff,0xff,0xff,0xff,0xff,0xff,0xff,0xff,0xff,0xff,0xff,0xff,0xff,0xff,
    0xff,0xff,0xff,0x00,0x00,0x00,0x00,0xff,0xff,0xff,0xff,0xff,0xff,0xff,0xff,0xff,0xff,0xff,0xff,0xff,0xff,0xff,0xff,0xff,
    0x00,0x00,0x00,0x00,0xff,0xff,0xff,0xff,0x00,0x00,0x00,0x00,0xff,0xff,0xff,0xff,0xff,0xff,0xff,0xff,0xff,0xff,0xff,0xff,
    0xff,0xff,0xff,0xff,0xff,0xff,0xff,0x00,0x00,0x00,0x00,0xff,0xff,0xff,0xff,0xff,0xff,0xff,0xff,0xff,0xff,0xff,0xff,0xff,
    0xff,0xff,0xff,0xff,0x00,0x00,0x00,0x00,0xff,0xff,0xff,0xff,0xff,0xff,0xff,0xff,0x00,0x00,0x00,0x00,0xff,0xff,0xff,0xff,
    0xff,0xff,0xff,0x00,0x00,0x00,0x00,0xff,0xff,0xff,0xff,0xff,0xff,0xff,0xff,0xff,0xff,0xff,0xff,0xff,0xff,0xff,0xff,0xff,
    0xff,0xff,0xff,0xff,0x00,0x00,0x00,0x00,0xff,0xff,0xff,0xff,0x00,0x00,0x00,0x00,0xff,0xff,0xff,0x00,0x00,0x00,0x00,0xff,
    0xff,0xff,0x00,0x00,0x00,0x00,0xff,0xff,0xff,0xff,0xff,0xff,0xff,0xff,0x00,0x00,0x00,0x00,0xff,0xff,0xff,0x00,0x00,0x00,
    0x00,0xff,0xff,0xff,0xff,0xff,0xff,0xff,0xff,0xff,0xff,0xff,0xff,0xff,0xff,0xff,0xff,0x00,0x00,0x00,0x00,0xff,0xff,0xff,
    0xff,0xff,0xff,0xff,0xff,0xff,0xff,0xff,
};
inline constexpr Reference kRefs3_6[] = {
    {27, 31, Section::Writable, Node::Count, Binding::DesktopManager, nullptr, 65535, 0, 4},
    {48, 52, Section::ReadOnly, Node::Count, Binding::None, nullptr, 65535, 0, 4},
    {56, 60, Section::Code, Node::Count, Binding::None, nullptr, 16, 41, 4},
    {79, 83, Section::Code, Node::Count, Binding::None, nullptr, 16, 75, 4},
    {100, 104, Section::Code, Node::Count, Binding::None, nullptr, 16, 144, 4},
    {112, 116, Section::Code, Node::Count, Binding::None, nullptr, 65535, 0, 4},
    {123, 127, Section::Writable, Node::Count, Binding::DesktopManager, nullptr, 65535, 0, 4},
    {148, 152, Section::ReadOnly, Node::Count, Binding::None, nullptr, 65535, 0, 4},
    {156, 160, Section::Code, Node::Count, Binding::None, nullptr, 16, 193, 4},
    {163, 167, Section::Writable, Node::Count, Binding::CriticalSection, nullptr, 65535, 0, 4},
    {170, 174, Section::ReadOnly, Node::Count, Binding::None, "LeaveCriticalSection", 65535, 0, 4},
    {182, 186, Section::Writable, Node::Count, Binding::CriticalSection, nullptr, 65535, 0, 4},
    {189, 193, Section::ReadOnly, Node::Count, Binding::None, "LeaveCriticalSection", 65535, 0, 4},
    {209, 213, Section::Code, Node::Count, Binding::None, nullptr, 65535, 0, 4},
};
inline constexpr unsigned char kBytes3_7[] = {
    0xe8,0x00,0x00,0x00,0x00,0xe9,0x00,0x00,0x00,0x00,
};
inline constexpr unsigned char kMask3_7[] = {
    0xff,0x00,0x00,0x00,0x00,0xff,0x00,0x00,0x00,0x00,
};
inline constexpr Reference kRefs3_7[] = {
    {1, 5, Section::Code, Node::Count, Binding::None, nullptr, 65535, 0, 4},
    {6, 10, Section::Code, Node::Count, Binding::None, nullptr, 3, 35, 4},
};
inline constexpr unsigned char kBytes3_8[] = {
    0x48,0x8b,0xcd,0xe8,0x00,0x00,0x00,0x00,0x49,0x8b,0x55,0x08,0xe8,0x00,0x00,0x00,0x00,0xe9,0x00,0x00,0x00,0x00,
};
inline constexpr unsigned char kMask3_8[] = {
    0xff,0xff,0xff,0xff,0x00,0x00,0x00,0x00,0xff,0xff,0xff,0xff,0xff,0x00,0x00,0x00,0x00,0xff,0x00,0x00,0x00,0x00,
};
inline constexpr Reference kRefs3_8[] = {
    {4, 8, Section::Code, Node::Count, Binding::None, nullptr, 65535, 0, 4},
    {13, 17, Section::Code, Node::Count, Binding::None, nullptr, 65535, 0, 4},
    {18, 22, Section::Code, Node::Count, Binding::None, nullptr, 5, 56, 4},
};
inline constexpr unsigned char kBytes3_9[] = {
    0x4c,0x8b,0x48,0x10,0x4c,0x8b,0xd1,0x49,0x8b,0x01,0x41,0x8d,0x48,0x01,0x4d,0x8d,0x49,0x08,0x83,0x78,0x18,0x04,0x41,0x0f,
    0x44,0xc8,0x44,0x8b,0xc1,0x49,0x83,0xea,0x01,0x75,0xe4,0x85,0xc9,0x0f,0x8e,0x00,0x00,0x00,0x00,0x48,0x8b,0x82,0xd0,0x00,
    0x00,0x00,0x48,0x85,0xc0,0x74,0x0b,0xf0,0xff,0x40,0x74,0x48,0x8b,0x15,0x00,0x00,0x00,0x00,0x48,0x8b,0x9a,0xd0,0x00,0x00,
    0x00,0x48,0x85,0xdb,0x0f,0x84,0x00,0x00,0x00,0x00,0x48,0x8d,0x0d,0x00,0x00,0x00,0x00,0x48,0xff,0x15,0x00,0x00,0x00,0x00,
    0x0f,0x1f,0x44,0x00,0x00,0x39,0x73,0x40,0x74,0x00,0x40,0x38,0x73,0x78,0x74,0x00,0x40,0x32,0xff,0x48,0x8d,0x0d,0x00,0x00,
    0x00,0x00,0x48,0xff,0x15,0x00,0x00,0x00,0x00,0x0f,0x1f,0x44,0x00,0x00,0xb8,0xff,0xff,0xff,0xff,0xf0,0x0f,0xc1,0x43,0x74,
    0x83,0xf8,0x01,0x0f,0x84,0x00,0x00,0x00,0x00,0x40,0x84,0xff,0x0f,0x84,0x00,0x00,0x00,0x00,0xe9,0x00,0x00,0x00,0x00,
};
inline constexpr unsigned char kMask3_9[] = {
    0xff,0xff,0xff,0xff,0xff,0xff,0xff,0xff,0xff,0xff,0xff,0xff,0xff,0xff,0xff,0xff,0xff,0xff,0xff,0xff,0xff,0xff,0xff,0xff,
    0xff,0xff,0xff,0xff,0xff,0xff,0xff,0xff,0xff,0xff,0xff,0xff,0xff,0xff,0xff,0x00,0x00,0x00,0x00,0xff,0xff,0xff,0xff,0xff,
    0xff,0xff,0xff,0xff,0xff,0xff,0xff,0xff,0xff,0xff,0xff,0xff,0xff,0xff,0x00,0x00,0x00,0x00,0xff,0xff,0xff,0xff,0xff,0xff,
    0xff,0xff,0xff,0xff,0xff,0xff,0x00,0x00,0x00,0x00,0xff,0xff,0xff,0x00,0x00,0x00,0x00,0xff,0xff,0xff,0x00,0x00,0x00,0x00,
    0xff,0xff,0xff,0xff,0xff,0xff,0xff,0xff,0xff,0x00,0xff,0xff,0xff,0xff,0xff,0x00,0xff,0xff,0xff,0xff,0xff,0xff,0x00,0x00,
    0x00,0x00,0xff,0xff,0xff,0x00,0x00,0x00,0x00,0xff,0xff,0xff,0xff,0xff,0xff,0xff,0xff,0xff,0xff,0xff,0xff,0xff,0xff,0xff,
    0xff,0xff,0xff,0xff,0xff,0x00,0x00,0x00,0x00,0xff,0xff,0xff,0xff,0xff,0x00,0x00,0x00,0x00,0xff,0x00,0x00,0x00,0x00,
};
inline constexpr Reference kRefs3_9[] = {
    {39, 43, Section::Code, Node::Count, Binding::None, nullptr, 1, 0, 4},
    {62, 66, Section::Writable, Node::Count, Binding::DesktopManager, nullptr, 65535, 0, 4},
    {78, 82, Section::Code, Node::Count, Binding::None, nullptr, 1, 0, 4},
    {85, 89, Section::Writable, Node::Count, Binding::CriticalSection, nullptr, 65535, 0, 4},
    {92, 96, Section::ReadOnly, Node::Count, Binding::None, "EnterCriticalSection", 65535, 0, 4},
    {105, 106, Section::Code, Node::Count, Binding::None, nullptr, 11, 0, 1},
    {111, 112, Section::Code, Node::Count, Binding::None, nullptr, 11, 0, 1},
    {118, 122, Section::Writable, Node::Count, Binding::CriticalSection, nullptr, 65535, 0, 4},
    {125, 129, Section::ReadOnly, Node::Count, Binding::None, "LeaveCriticalSection", 65535, 0, 4},
    {149, 153, Section::Code, Node::Count, Binding::None, nullptr, 12, 0, 4},
    {158, 162, Section::Code, Node::Count, Binding::None, nullptr, 1, 0, 4},
    {163, 167, Section::Code, Node::Count, Binding::None, nullptr, 6, 179, 4},
};
inline constexpr unsigned char kBytes3_10[] = {
    0xe8,0x00,0x00,0x00,0x00,0xe9,0x00,0x00,0x00,0x00,
};
inline constexpr unsigned char kMask3_10[] = {
    0xff,0x00,0x00,0x00,0x00,0xff,0x00,0x00,0x00,0x00,
};
inline constexpr Reference kRefs3_10[] = {
    {1, 5, Section::Code, Node::Count, Binding::None, nullptr, 65535, 0, 4},
    {6, 10, Section::Code, Node::Count, Binding::None, nullptr, 5, 41, 4},
};
inline constexpr unsigned char kBytes3_11[] = {
    0x40,0xb7,0x01,0xeb,0x00,
};
inline constexpr unsigned char kMask3_11[] = {
    0xff,0xff,0xff,0xff,0x00,
};
inline constexpr Reference kRefs3_11[] = {
    {4, 5, Section::Code, Node::Count, Binding::None, nullptr, 9, 115, 1},
};
inline constexpr unsigned char kBytes3_12[] = {
    0x48,0x8d,0x05,0x00,0x00,0x00,0x00,0x48,0x8d,0x4b,0x48,0x48,0x89,0x03,0xe8,0x00,0x00,0x00,0x00,0x48,0x8d,0x4b,0x28,0xe8,
    0x00,0x00,0x00,0x00,0x48,0x8b,0x0d,0x00,0x00,0x00,0x00,0x48,0x8b,0xd3,0x48,0x8b,0x01,0x48,0x8b,0x40,0x20,0xff,0x15,0x00,
    0x00,0x00,0x00,0x90,0xe9,0x00,0x00,0x00,0x00,
};
inline constexpr unsigned char kMask3_12[] = {
    0xff,0xff,0xff,0x00,0x00,0x00,0x00,0xff,0xff,0xff,0xff,0xff,0xff,0xff,0xff,0x00,0x00,0x00,0x00,0xff,0xff,0xff,0xff,0xff,
    0x00,0x00,0x00,0x00,0xff,0xff,0xff,0x00,0x00,0x00,0x00,0xff,0xff,0xff,0xff,0xff,0xff,0xff,0xff,0xff,0xff,0xff,0xff,0x00,
    0x00,0x00,0x00,0xff,0xff,0x00,0x00,0x00,0x00,
};
inline constexpr Reference kRefs3_12[] = {
    {3, 7, Section::ReadOnly, Node::Count, Binding::None, nullptr, 65535, 0, 4},
    {15, 19, Section::Code, Node::Count, Binding::None, nullptr, 65535, 0, 4},
    {24, 28, Section::Code, Node::Count, Binding::None, nullptr, 65535, 0, 4},
    {31, 35, Section::Writable, Node::Count, Binding::None, nullptr, 65535, 0, 4},
    {47, 51, Section::ReadOnly, Node::Count, Binding::None, nullptr, 65535, 0, 4},
    {53, 57, Section::Code, Node::Count, Binding::None, nullptr, 9, 153, 4},
};
inline constexpr unsigned char kBytes3_13[] = {
    0x48,0x8b,0x93,0xf0,0x02,0x00,0x00,0x8b,0xc7,0x48,0x8b,0x14,0xc2,0xe8,0x00,0x00,0x00,0x00,0xff,0xc7,0x3b,0xbb,0x08,0x03,
    0x00,0x00,0x72,0xe4,0xe9,0x00,0x00,0x00,0x00,
};
inline constexpr unsigned char kMask3_13[] = {
    0xff,0xff,0xff,0xff,0xff,0xff,0xff,0xff,0xff,0xff,0xff,0xff,0xff,0xff,0x00,0x00,0x00,0x00,0xff,0xff,0xff,0xff,0xff,0xff,
    0xff,0xff,0xff,0xff,0xff,0x00,0x00,0x00,0x00,
};
inline constexpr Reference kRefs3_13[] = {
    {14, 18, Section::Code, Node::Count, Binding::None, nullptr, 65535, 0, 4},
    {29, 33, Section::Code, Node::Count, Binding::None, nullptr, 2, 54, 4},
};
inline constexpr unsigned char kBytes3_14[] = {
    0x45,0x32,0xf6,0xe9,0x00,0x00,0x00,0x00,0x48,0x8b,0x8c,0x24,0x88,0x00,0x00,0x00,0x4c,0x8d,0x05,0x00,0x00,0x00,0x00,0x44,
    0x8b,0xc8,0xba,0x90,0x01,0x00,0x00,0xe8,0x00,0x00,0x00,0x00,0x90,0xe9,0x00,0x00,0x00,0x00,
};
inline constexpr unsigned char kMask3_14[] = {
    0xff,0xff,0xff,0xff,0x00,0x00,0x00,0x00,0xff,0xff,0xff,0xff,0xff,0xff,0xff,0xff,0xff,0xff,0xff,0x00,0x00,0x00,0x00,0xff,
    0xff,0xff,0xff,0xff,0xff,0xff,0xff,0xff,0x00,0x00,0x00,0x00,0xff,0xff,0x00,0x00,0x00,0x00,
};
inline constexpr Reference kRefs3_14[] = {
    {4, 8, Section::Code, Node::Count, Binding::None, nullptr, 3, 112, 4},
    {19, 23, Section::ReadOnly, Node::Count, Binding::None, nullptr, 65535, 0, 4},
    {32, 36, Section::Code, Node::Count, Binding::None, nullptr, 65535, 0, 4},
    {38, 42, Section::Code, Node::Count, Binding::None, nullptr, 3, 179, 4},
};
inline constexpr unsigned char kBytes3_15[] = {
    0x4c,0x39,0x62,0x18,0x0f,0x84,0x00,0x00,0x00,0x00,0xe8,0x00,0x00,0x00,0x00,0x90,0xe9,0x00,0x00,0x00,0x00,0x4c,0x39,0x62,
    0x18,0x0f,0x84,0x00,0x00,0x00,0x00,0xe8,0x00,0x00,0x00,0x00,0x90,0xe9,0x00,0x00,0x00,0x00,
};
inline constexpr unsigned char kMask3_15[] = {
    0xff,0xff,0xff,0xff,0xff,0xff,0x00,0x00,0x00,0x00,0xff,0x00,0x00,0x00,0x00,0xff,0xff,0x00,0x00,0x00,0x00,0xff,0xff,0xff,
    0xff,0xff,0xff,0x00,0x00,0x00,0x00,0xff,0x00,0x00,0x00,0x00,0xff,0xff,0x00,0x00,0x00,0x00,
};
inline constexpr Reference kRefs3_15[] = {
    {6, 10, Section::Code, Node::Count, Binding::None, nullptr, 5, 0, 4},
    {11, 15, Section::Code, Node::Count, Binding::None, nullptr, 65535, 0, 4},
    {17, 21, Section::Code, Node::Count, Binding::None, nullptr, 5, 0, 4},
    {27, 31, Section::Code, Node::Count, Binding::None, nullptr, 5, 16, 4},
    {32, 36, Section::Code, Node::Count, Binding::None, nullptr, 65535, 0, 4},
    {38, 42, Section::Code, Node::Count, Binding::None, nullptr, 5, 16, 4},
};
inline constexpr unsigned char kBytes3_16[] = {
    0x48,0x8d,0x44,0x24,0x40,0x41,0xb9,0x01,0x00,0x00,0x00,0x48,0x8d,0x15,0x00,0x00,0x00,0x00,0x48,0x89,0x44,0x24,0x20,0x48,
    0x8d,0x0d,0x00,0x00,0x00,0x00,0xe8,0x00,0x00,0x00,0x00,0x90,0xe9,0x00,0x00,0x00,0x00,0x48,0x8b,0x8c,0x24,0x88,0x00,0x00,
    0x00,0x4c,0x8d,0x05,0x00,0x00,0x00,0x00,0x44,0x8b,0xc8,0xba,0x67,0x17,0x00,0x00,0xe8,0x00,0x00,0x00,0x00,0x90,0xe9,0x00,
    0x00,0x00,0x00,0x48,0xff,0x15,0x00,0x00,0x00,0x00,0x0f,0x1f,0x44,0x00,0x00,0x48,0x8b,0x8d,0x40,0x02,0x00,0x00,0x48,0xff,
    0x15,0x00,0x00,0x00,0x00,0x0f,0x1f,0x44,0x00,0x00,0x48,0x8b,0x8d,0x38,0x02,0x00,0x00,0x4c,0x89,0xa5,0x40,0x02,0x00,0x00,
    0x48,0xff,0x15,0x00,0x00,0x00,0x00,0x0f,0x1f,0x44,0x00,0x00,0x4c,0x89,0xa5,0x38,0x02,0x00,0x00,0xe9,0x00,0x00,0x00,0x00,
    0x48,0xff,0x15,0x00,0x00,0x00,0x00,0x0f,0x1f,0x44,0x00,0x00,0x48,0x8b,0xcf,0x8b,0xd8,0x48,0xff,0x15,0x00,0x00,0x00,0x00,
    0x0f,0x1f,0x44,0x00,0x00,0x8b,0xcb,0x48,0xff,0x15,0x00,0x00,0x00,0x00,0x0f,0x1f,0x44,0x00,0x00,0x90,0xe9,0x00,0x00,0x00,
    0x00,0x48,0x8b,0x8c,0x24,0x88,0x00,0x00,0x00,0x4c,0x8d,0x05,0x00,0x00,0x00,0x00,0x44,0x8b,0xc8,0xba,0x71,0x17,0x00,0x00,
    0xe8,0x00,0x00,0x00,0x00,0x90,0xe9,0x00,0x00,0x00,0x00,
};
inline constexpr unsigned char kMask3_16[] = {
    0xff,0xff,0xff,0xff,0xff,0xff,0xff,0xff,0xff,0xff,0xff,0xff,0xff,0xff,0x00,0x00,0x00,0x00,0xff,0xff,0xff,0xff,0xff,0xff,
    0xff,0xff,0x00,0x00,0x00,0x00,0xff,0x00,0x00,0x00,0x00,0xff,0xff,0x00,0x00,0x00,0x00,0xff,0xff,0xff,0xff,0xff,0xff,0xff,
    0xff,0xff,0xff,0xff,0x00,0x00,0x00,0x00,0xff,0xff,0xff,0xff,0xff,0xff,0xff,0xff,0xff,0x00,0x00,0x00,0x00,0xff,0xff,0x00,
    0x00,0x00,0x00,0xff,0xff,0xff,0x00,0x00,0x00,0x00,0xff,0xff,0xff,0xff,0xff,0xff,0xff,0xff,0xff,0xff,0xff,0xff,0xff,0xff,
    0xff,0x00,0x00,0x00,0x00,0xff,0xff,0xff,0xff,0xff,0xff,0xff,0xff,0xff,0xff,0xff,0xff,0xff,0xff,0xff,0xff,0xff,0xff,0xff,
    0xff,0xff,0xff,0x00,0x00,0x00,0x00,0xff,0xff,0xff,0xff,0xff,0xff,0xff,0xff,0xff,0xff,0xff,0xff,0xff,0x00,0x00,0x00,0x00,
    0xff,0xff,0xff,0x00,0x00,0x00,0x00,0xff,0xff,0xff,0xff,0xff,0xff,0xff,0xff,0xff,0xff,0xff,0xff,0xff,0x00,0x00,0x00,0x00,
    0xff,0xff,0xff,0xff,0xff,0xff,0xff,0xff,0xff,0xff,0x00,0x00,0x00,0x00,0xff,0xff,0xff,0xff,0xff,0xff,0xff,0x00,0x00,0x00,
    0x00,0xff,0xff,0xff,0xff,0xff,0xff,0xff,0xff,0xff,0xff,0xff,0x00,0x00,0x00,0x00,0xff,0xff,0xff,0xff,0xff,0xff,0xff,0xff,
    0xff,0x00,0x00,0x00,0x00,0xff,0xff,0x00,0x00,0x00,0x00,
};
inline constexpr Reference kRefs3_16[] = {
    {14, 18, Section::ReadOnly, Node::Count, Binding::None, nullptr, 65535, 0, 4},
    {26, 30, Section::Writable, Node::Count, Binding::None, nullptr, 65535, 0, 4},
    {31, 35, Section::Code, Node::Count, Binding::None, nullptr, 65535, 0, 4},
    {37, 41, Section::Code, Node::Count, Binding::None, nullptr, 6, 0, 4},
    {52, 56, Section::ReadOnly, Node::Count, Binding::None, nullptr, 65535, 0, 4},
    {65, 69, Section::Code, Node::Count, Binding::None, nullptr, 65535, 0, 4},
    {71, 75, Section::Code, Node::Count, Binding::None, nullptr, 6, 60, 4},
    {78, 82, Section::ReadOnly, Node::Count, Binding::None, "NtDCompositionCommitSynchronizationObject", 65535, 0, 4},
    {97, 101, Section::ReadOnly, Node::Count, Binding::None, nullptr, 65535, 0, 4},
    {123, 127, Section::ReadOnly, Node::Count, Binding::None, "CloseHandle", 65535, 0, 4},
    {140, 144, Section::Code, Node::Count, Binding::None, nullptr, 6, 83, 4},
    {147, 151, Section::ReadOnly, Node::Count, Binding::None, "GetLastError", 65535, 0, 4},
    {164, 168, Section::ReadOnly, Node::Count, Binding::None, "CloseHandle", 65535, 0, 4},
    {178, 182, Section::ReadOnly, Node::Count, Binding::None, "SetLastError", 65535, 0, 4},
    {189, 193, Section::Code, Node::Count, Binding::None, nullptr, 6, 104, 4},
    {204, 208, Section::ReadOnly, Node::Count, Binding::None, nullptr, 65535, 0, 4},
    {217, 221, Section::Code, Node::Count, Binding::None, nullptr, 65535, 0, 4},
    {223, 227, Section::Code, Node::Count, Binding::None, nullptr, 6, 160, 4},
};
inline constexpr Fragment kFragments3[] = {
    {kBytes3_1, kMask3_1, 15, kRefs3_1, 1},
    {kBytes3_2, kMask3_2, 92, kRefs3_2, 5},
    {kBytes3_3, kMask3_3, 220, kRefs3_3, 10},
    {kBytes3_4, kMask3_4, 24, kRefs3_4, 1},
    {kBytes3_5, kMask3_5, 104, kRefs3_5, 7},
    {kBytes3_6, kMask3_6, 224, kRefs3_6, 14},
    {kBytes3_7, kMask3_7, 10, kRefs3_7, 2},
    {kBytes3_8, kMask3_8, 22, kRefs3_8, 3},
    {kBytes3_9, kMask3_9, 167, kRefs3_9, 12},
    {kBytes3_10, kMask3_10, 10, kRefs3_10, 2},
    {kBytes3_11, kMask3_11, 5, kRefs3_11, 1},
    {kBytes3_12, kMask3_12, 57, kRefs3_12, 6},
    {kBytes3_13, kMask3_13, 33, kRefs3_13, 2},
    {kBytes3_14, kMask3_14, 42, kRefs3_14, 4},
    {kBytes3_15, kMask3_15, 42, kRefs3_15, 6},
    {kBytes3_16, kMask3_16, 227, kRefs3_16, 18},
};
// DestroyWindow
inline constexpr unsigned char kBytes4_0[] = {
    0x48,0x89,0x5c,0x24,0x08,0x48,0x89,0x74,0x24,0x20,0x55,0x57,0x41,0x56,0x48,0x8b,0xec,0x48,0x83,0xec,0x30,0x4c,0x8b,0xf1,
    0x48,0x8b,0xf2,0x48,0x8d,0x0d,0x00,0x00,0x00,0x00,0x48,0xff,0x15,0x00,0x00,0x00,0x00,0x0f,0x1f,0x44,0x00,0x00,0x48,0x8b,
    0x06,0x48,0x8b,0xce,0x48,0x83,0x65,0x28,0x00,0x33,0xff,0x48,0x8b,0x40,0x08,0xff,0x15,0x00,0x00,0x00,0x00,0x48,0x8b,0xd8,
    0x48,0x85,0xc0,0x75,0x19,0x48,0x8b,0x06,0x48,0x8b,0xce,0x48,0x8b,0x40,0x10,0xff,0x15,0x00,0x00,0x00,0x00,0x48,0x85,0xc0,
    0x0f,0x85,0x00,0x00,0x00,0x00,0x48,0x89,0x5d,0x28,0x85,0xff,0x0f,0x88,0x00,0x00,0x00,0x00,0x48,0x85,0xdb,0x75,0x29,0x48,
    0x8d,0x0d,0x00,0x00,0x00,0x00,0x48,0xff,0x15,0x00,0x00,0x00,0x00,0x0f,0x1f,0x44,0x00,0x00,0x48,0x8b,0x5c,0x24,0x50,0x8b,
    0xc7,0x48,0x8b,0x74,0x24,0x68,0x48,0x83,0xc4,0x30,0x41,0x5e,0x5f,0x5d,0xc3,0xcc,0x48,0x8b,0x4b,0x18,0x48,0x85,0xc9,0x74,
    0x1b,0x48,0x8b,0x01,0x33,0xd2,0x48,0x8b,0x00,0xff,0x15,0x00,0x00,0x00,0x00,0x48,0x8b,0x45,0x28,0x48,0x83,0x60,0x18,0x00,
    0x48,0x8b,0x5d,0x28,0xf6,0x83,0x64,0x02,0x00,0x00,0x04,0x48,0x8b,0x73,0x28,0x75,0x52,0xf6,0x83,0x60,0x02,0x00,0x00,0x04,
    0x75,0x34,0x48,0x8b,0x03,0x48,0x39,0x58,0x08,0x75,0x5a,0x48,0x8b,0x4b,0x08,0x48,0x39,0x19,0x75,0x51,0x48,0x89,0x01,0x48,
    0x89,0x48,0x08,0x49,0x8b,0xce,0x48,0x8b,0x45,0x28,0x48,0x89,0x40,0x08,0x48,0x8b,0x45,0x28,0x48,0x89,0x00,0x48,0x8b,0x55,
    0x28,0xe8,0x00,0x00,0x00,0x00,0x49,0x8b,0x9e,0x00,0x02,0x00,0x00,0x48,0x85,0xdb,0x0f,0x84,0x59,0xff,0xff,0xff,0xe9,0x00,
    0x00,0x00,0x00,0x48,0x8d,0x45,0x28,0x49,0x8b,0xce,0x48,0x8d,0x55,0x30,0x48,0x89,0x45,0x30,0xe8,0x00,0x00,0x00,0x00,0x48,
    0x8b,0x5d,0x28,0xeb,0x94,0xb9,0x03,0x00,0x00,0x00,0xcd,0x29,
};
inline constexpr unsigned char kMask4_0[] = {
    0xff,0xff,0xff,0xff,0xff,0xff,0xff,0xff,0xff,0xff,0xff,0xff,0xff,0xff,0xff,0xff,0xff,0xff,0xff,0xff,0xff,0xff,0xff,0xff,
    0xff,0xff,0xff,0xff,0xff,0xff,0x00,0x00,0x00,0x00,0xff,0xff,0xff,0x00,0x00,0x00,0x00,0xff,0xff,0xff,0xff,0xff,0xff,0xff,
    0xff,0xff,0xff,0xff,0xff,0xff,0xff,0xff,0xff,0xff,0xff,0xff,0xff,0xff,0xff,0xff,0xff,0x00,0x00,0x00,0x00,0xff,0xff,0xff,
    0xff,0xff,0xff,0xff,0xff,0xff,0xff,0xff,0xff,0xff,0xff,0xff,0xff,0xff,0xff,0xff,0xff,0x00,0x00,0x00,0x00,0xff,0xff,0xff,
    0xff,0xff,0x00,0x00,0x00,0x00,0xff,0xff,0xff,0xff,0xff,0xff,0xff,0xff,0x00,0x00,0x00,0x00,0xff,0xff,0xff,0xff,0xff,0xff,
    0xff,0xff,0x00,0x00,0x00,0x00,0xff,0xff,0xff,0x00,0x00,0x00,0x00,0xff,0xff,0xff,0xff,0xff,0xff,0xff,0xff,0xff,0xff,0xff,
    0xff,0xff,0xff,0xff,0xff,0xff,0xff,0xff,0xff,0xff,0xff,0xff,0xff,0xff,0xff,0xff,0xff,0xff,0xff,0xff,0xff,0xff,0xff,0xff,
    0xff,0xff,0xff,0xff,0xff,0xff,0xff,0xff,0xff,0xff,0xff,0x00,0x00,0x00,0x00,0xff,0xff,0xff,0xff,0xff,0xff,0xff,0xff,0xff,
    0xff,0xff,0xff,0xff,0xff,0xff,0xff,0xff,0xff,0xff,0xff,0xff,0xff,0xff,0xff,0xff,0xff,0xff,0xff,0xff,0xff,0xff,0xff,0xff,
    0xff,0xff,0xff,0xff,0xff,0xff,0xff,0xff,0xff,0xff,0xff,0xff,0xff,0xff,0xff,0xff,0xff,0xff,0xff,0xff,0xff,0xff,0xff,0xff,
    0xff,0xff,0xff,0xff,0xff,0xff,0xff,0xff,0xff,0xff,0xff,0xff,0xff,0xff,0xff,0xff,0xff,0xff,0xff,0xff,0xff,0xff,0xff,0xff,
    0xff,0xff,0x00,0x00,0x00,0x00,0xff,0xff,0xff,0xff,0xff,0xff,0xff,0xff,0xff,0xff,0xff,0xff,0xff,0xff,0xff,0xff,0xff,0x00,
    0x00,0x00,0x00,0xff,0xff,0xff,0xff,0xff,0xff,0xff,0xff,0xff,0xff,0xff,0xff,0xff,0xff,0xff,0xff,0x00,0x00,0x00,0x00,0xff,
    0xff,0xff,0xff,0xff,0xff,0xff,0xff,0xff,0xff,0xff,0xff,0xff,
};
inline constexpr Reference kRefs4_0[] = {
    {30, 34, Section::Writable, Node::Count, Binding::CriticalSection, nullptr, 65535, 0, 4},
    {37, 41, Section::ReadOnly, Node::Count, Binding::None, "EnterCriticalSection", 65535, 0, 4},
    {65, 69, Section::ReadOnly, Node::Count, Binding::None, nullptr, 65535, 0, 4},
    {89, 93, Section::ReadOnly, Node::Count, Binding::None, nullptr, 65535, 0, 4},
    {98, 102, Section::Code, Node::Count, Binding::None, nullptr, 1, 0, 4},
    {110, 114, Section::Code, Node::Count, Binding::None, nullptr, 1, 79, 4},
    {122, 126, Section::Writable, Node::Count, Binding::CriticalSection, nullptr, 65535, 0, 4},
    {129, 133, Section::ReadOnly, Node::Count, Binding::None, "LeaveCriticalSection", 65535, 0, 4},
    {179, 183, Section::ReadOnly, Node::Count, Binding::None, nullptr, 65535, 0, 4},
    {266, 270, Section::Code, Node::Count, Binding::None, nullptr, 65535, 0, 4},
    {287, 291, Section::Code, Node::Count, Binding::None, nullptr, 1, 208, 4},
    {307, 311, Section::Code, Node::Count, Binding::None, nullptr, 65535, 0, 4},
};
inline constexpr unsigned char kBytes4_1[] = {
    0x48,0x8b,0x0d,0x00,0x00,0x00,0x00,0xba,0x00,0x03,0x00,0x00,0x48,0x8b,0x01,0x48,0x8b,0x40,0x10,0xff,0x15,0x00,0x00,0x00,
    0x00,0x48,0x85,0xc0,0x74,0x0d,0x48,0x8b,0xc8,0xe8,0x00,0x00,0x00,0x00,0x48,0x8b,0xd8,0xeb,0x02,0x33,0xdb,0x48,0x85,0xdb,
    0x75,0x3b,0xbf,0x0e,0x00,0x07,0x80,0xc7,0x44,0x24,0x20,0x82,0x08,0x00,0x00,0x44,0x8b,0xcf,0x8d,0x4b,0x14,0x45,0x33,0xc0,
    0x33,0xd2,0xe8,0x00,0x00,0x00,0x00,0x33,0xd2,0xc7,0x44,0x24,0x20,0x08,0x09,0x00,0x00,0x44,0x8b,0xcf,0x45,0x33,0xc0,0x8d,
    0x4a,0x14,0xe8,0x00,0x00,0x00,0x00,0x90,0xe9,0x00,0x00,0x00,0x00,0x48,0x89,0x73,0x18,0x48,0x8b,0xd3,0x48,0x8b,0x06,0x48,
    0x8b,0xce,0x48,0x8b,0x00,0xff,0x15,0x00,0x00,0x00,0x00,0x48,0x8b,0x06,0x48,0x8b,0xce,0x48,0x8b,0x40,0x18,0xff,0x15,0x00,
    0x00,0x00,0x00,0x4c,0x8b,0xc3,0x48,0x8b,0xd6,0x49,0x8b,0xce,0x48,0x89,0x43,0x28,0xe8,0x00,0x00,0x00,0x00,0x8b,0xf8,0x85,
    0xc0,0x0f,0x89,0x00,0x00,0x00,0x00,0x33,0xd2,0xc7,0x44,0x24,0x20,0x86,0x08,0x00,0x00,0x44,0x8b,0xc8,0x45,0x33,0xc0,0x8d,
    0x4a,0x14,0xe8,0x00,0x00,0x00,0x00,0x48,0x8b,0x5d,0x28,0xe9,0x00,0x00,0x00,0x00,0x48,0x3b,0x73,0x10,0x0f,0x85,0x00,0x00,
    0x00,0x00,0x48,0x8b,0x0b,0x48,0x85,0xc9,0x74,0x0d,0xe8,0x00,0x00,0x00,0x00,0x48,0x8b,0x0b,0xe8,0x00,0x00,0x00,0x00,0x48,
    0x8b,0x4b,0x08,0x48,0x85,0xc9,0x74,0x05,0xe8,0x00,0x00,0x00,0x00,0x48,0x83,0x63,0x10,0x00,0xe9,0x00,0x00,0x00,0x00,
};
inline constexpr unsigned char kMask4_1[] = {
    0xff,0xff,0xff,0x00,0x00,0x00,0x00,0xff,0xff,0xff,0xff,0xff,0xff,0xff,0xff,0xff,0xff,0xff,0xff,0xff,0xff,0x00,0x00,0x00,
    0x00,0xff,0xff,0xff,0xff,0xff,0xff,0xff,0xff,0xff,0x00,0x00,0x00,0x00,0xff,0xff,0xff,0xff,0xff,0xff,0xff,0xff,0xff,0xff,
    0xff,0xff,0xff,0xff,0xff,0xff,0xff,0xff,0xff,0xff,0xff,0xff,0xff,0xff,0xff,0xff,0xff,0xff,0xff,0xff,0xff,0xff,0xff,0xff,
    0xff,0xff,0xff,0x00,0x00,0x00,0x00,0xff,0xff,0xff,0xff,0xff,0xff,0xff,0xff,0xff,0xff,0xff,0xff,0xff,0xff,0xff,0xff,0xff,
    0xff,0xff,0xff,0x00,0x00,0x00,0x00,0xff,0xff,0x00,0x00,0x00,0x00,0xff,0xff,0xff,0xff,0xff,0xff,0xff,0xff,0xff,0xff,0xff,
    0xff,0xff,0xff,0xff,0xff,0xff,0xff,0x00,0x00,0x00,0x00,0xff,0xff,0xff,0xff,0xff,0xff,0xff,0xff,0xff,0xff,0xff,0xff,0x00,
    0x00,0x00,0x00,0xff,0xff,0xff,0xff,0xff,0xff,0xff,0xff,0xff,0xff,0xff,0xff,0xff,0xff,0x00,0x00,0x00,0x00,0xff,0xff,0xff,
    0xff,0xff,0xff,0x00,0x00,0x00,0x00,0xff,0xff,0xff,0xff,0xff,0xff,0xff,0xff,0xff,0xff,0xff,0xff,0xff,0xff,0xff,0xff,0xff,
    0xff,0xff,0xff,0x00,0x00,0x00,0x00,0xff,0xff,0xff,0xff,0xff,0x00,0x00,0x00,0x00,0xff,0xff,0xff,0xff,0xff,0xff,0x00,0x00,
    0x00,0x00,0xff,0xff,0xff,0xff,0xff,0xff,0xff,0xff,0xff,0x00,0x00,0x00,0x00,0xff,0xff,0xff,0xff,0x00,0x00,0x00,0x00,0xff,
    0xff,0xff,0xff,0xff,0xff,0xff,0xff,0xff,0xff,0x00,0x00,0x00,0x00,0xff,0xff,0xff,0xff,0xff,0xff,0x00,0x00,0x00,0x00,
};
inline constexpr Reference kRefs4_1[] = {
    {3, 7, Section::Writable, Node::Count, Binding::None, nullptr, 65535, 0, 4},
    {21, 25, Section::ReadOnly, Node::Count, Binding::None, nullptr, 65535, 0, 4},
    {34, 38, Section::Code, Node::Count, Binding::None, nullptr, 65535, 0, 4},
    {75, 79, Section::Code, Node::Count, Binding::None, nullptr, 65535, 0, 4},
    {99, 103, Section::Code, Node::Count, Binding::None, nullptr, 65535, 0, 4},
    {105, 109, Section::Code, Node::Count, Binding::None, nullptr, 0, 119, 4},
    {127, 131, Section::ReadOnly, Node::Count, Binding::None, nullptr, 65535, 0, 4},
    {143, 147, Section::ReadOnly, Node::Count, Binding::None, nullptr, 65535, 0, 4},
    {161, 165, Section::Code, Node::Count, Binding::None, nullptr, 65535, 0, 4},
    {171, 175, Section::Code, Node::Count, Binding::None, nullptr, 0, 102, 4},
    {195, 199, Section::Code, Node::Count, Binding::None, nullptr, 65535, 0, 4},
    {204, 208, Section::Code, Node::Count, Binding::None, nullptr, 0, 106, 4},
    {214, 218, Section::Code, Node::Count, Binding::None, nullptr, 0, 119, 4},
    {227, 231, Section::Code, Node::Count, Binding::None, nullptr, 65535, 0, 4},
    {235, 239, Section::Code, Node::Count, Binding::None, nullptr, 65535, 0, 4},
    {249, 253, Section::Code, Node::Count, Binding::None, nullptr, 65535, 0, 4},
    {259, 263, Section::Code, Node::Count, Binding::None, nullptr, 0, 119, 4},
};
inline constexpr Fragment kFragments4[] = {
    {kBytes4_1, kMask4_1, 263, kRefs4_1, 17},
};
// SyncedData
inline constexpr unsigned char kBytes5_0[] = {
    0x48,0x89,0x5c,0x24,0x08,0x48,0x89,0x6c,0x24,0x10,0x48,0x89,0x74,0x24,0x18,0x57,0x41,0x56,0x41,0x57,0x48,0x83,0xec,0x30,
    0x48,0x8b,0x02,0x4c,0x8b,0xf9,0x48,0x8b,0xca,0x4d,0x8b,0xf1,0x41,0x8a,0xe8,0x48,0x8b,0xf2,0x33,0xff,0x48,0x8b,0x40,0x08,
    0xff,0x15,0x00,0x00,0x00,0x00,0x48,0x8b,0xd8,0x48,0x85,0xc0,0x74,0x1f,0x49,0x89,0x1e,0x48,0x8b,0x5c,0x24,0x50,0x8b,0xc7,
    0x48,0x8b,0x6c,0x24,0x58,0x48,0x8b,0x74,0x24,0x60,0x48,0x83,0xc4,0x30,0x41,0x5f,0x41,0x5e,0x5f,0xc3,0xcc,0x40,0x84,0xed,
    0x74,0x15,0x48,0x8b,0x06,0x48,0x8b,0xce,0x48,0x8b,0x40,0x10,0xff,0x15,0x00,0x00,0x00,0x00,0x48,0x85,0xc0,0x74,0xc7,0x48,
    0x8b,0x0d,0x00,0x00,0x00,0x00,0xba,0x00,0x03,0x00,0x00,0x48,0x8b,0x01,0x48,0x8b,0x40,0x10,0xff,0x15,0x00,0x00,0x00,0x00,
    0x48,0x85,0xc0,0x74,0x5b,0x48,0x8b,0xc8,0xe8,0x00,0x00,0x00,0x00,0x48,0x8b,0xd8,0x48,0x85,0xdb,0x0f,0x84,0x00,0x00,0x00,
    0x00,0x48,0x89,0x73,0x18,0x48,0x8b,0xd3,0x48,0x8b,0x06,0x48,0x8b,0xce,0x48,0x8b,0x00,0xff,0x15,0x00,0x00,0x00,0x00,0x48,
    0x8b,0x06,0x48,0x8b,0xce,0x48,0x8b,0x40,0x18,0xff,0x15,0x00,0x00,0x00,0x00,0x4c,0x8b,0xc3,0x48,0x8b,0xd6,0x49,0x8b,0xcf,
    0x48,0x89,0x43,0x28,0xe8,0x00,0x00,0x00,0x00,0x8b,0xf8,0x85,0xc0,0x0f,0x89,0x53,0xff,0xff,0xff,0xe9,0x00,0x00,0x00,0x00,
    0x33,0xdb,0xeb,0xac,
};
inline constexpr unsigned char kMask5_0[] = {
    0xff,0xff,0xff,0xff,0xff,0xff,0xff,0xff,0xff,0xff,0xff,0xff,0xff,0xff,0xff,0xff,0xff,0xff,0xff,0xff,0xff,0xff,0xff,0xff,
    0xff,0xff,0xff,0xff,0xff,0xff,0xff,0xff,0xff,0xff,0xff,0xff,0xff,0xff,0xff,0xff,0xff,0xff,0xff,0xff,0xff,0xff,0xff,0xff,
    0xff,0xff,0x00,0x00,0x00,0x00,0xff,0xff,0xff,0xff,0xff,0xff,0xff,0xff,0xff,0xff,0xff,0xff,0xff,0xff,0xff,0xff,0xff,0xff,
    0xff,0xff,0xff,0xff,0xff,0xff,0xff,0xff,0xff,0xff,0xff,0xff,0xff,0xff,0xff,0xff,0xff,0xff,0xff,0xff,0xff,0xff,0xff,0xff,
    0xff,0xff,0xff,0xff,0xff,0xff,0xff,0xff,0xff,0xff,0xff,0xff,0xff,0xff,0x00,0x00,0x00,0x00,0xff,0xff,0xff,0xff,0xff,0xff,
    0xff,0xff,0x00,0x00,0x00,0x00,0xff,0xff,0xff,0xff,0xff,0xff,0xff,0xff,0xff,0xff,0xff,0xff,0xff,0xff,0x00,0x00,0x00,0x00,
    0xff,0xff,0xff,0xff,0xff,0xff,0xff,0xff,0xff,0x00,0x00,0x00,0x00,0xff,0xff,0xff,0xff,0xff,0xff,0xff,0xff,0x00,0x00,0x00,
    0x00,0xff,0xff,0xff,0xff,0xff,0xff,0xff,0xff,0xff,0xff,0xff,0xff,0xff,0xff,0xff,0xff,0xff,0xff,0x00,0x00,0x00,0x00,0xff,
    0xff,0xff,0xff,0xff,0xff,0xff,0xff,0xff,0xff,0xff,0xff,0x00,0x00,0x00,0x00,0xff,0xff,0xff,0xff,0xff,0xff,0xff,0xff,0xff,
    0xff,0xff,0xff,0xff,0xff,0x00,0x00,0x00,0x00,0xff,0xff,0xff,0xff,0xff,0xff,0xff,0xff,0xff,0xff,0xff,0x00,0x00,0x00,0x00,
    0xff,0xff,0xff,0xff,
};
inline constexpr Reference kRefs5_0[] = {
    {50, 54, Section::ReadOnly, Node::Count, Binding::None, nullptr, 65535, 0, 4},
    {110, 114, Section::ReadOnly, Node::Count, Binding::None, nullptr, 65535, 0, 4},
    {122, 126, Section::Writable, Node::Count, Binding::None, nullptr, 65535, 0, 4},
    {140, 144, Section::ReadOnly, Node::Count, Binding::None, nullptr, 65535, 0, 4},
    {153, 157, Section::Code, Node::Count, Binding::None, nullptr, 65535, 0, 4},
    {165, 169, Section::Code, Node::Count, Binding::None, nullptr, 1, 0, 4},
    {187, 191, Section::ReadOnly, Node::Count, Binding::None, nullptr, 65535, 0, 4},
    {203, 207, Section::ReadOnly, Node::Count, Binding::None, nullptr, 65535, 0, 4},
    {221, 225, Section::Code, Node::Count, Binding::None, nullptr, 65535, 0, 4},
    {236, 240, Section::Code, Node::Count, Binding::None, nullptr, 1, 18, 4},
};
inline constexpr unsigned char kBytes5_1[] = {
    0xbf,0x0e,0x00,0x07,0x80,0xc7,0x44,0x24,0x20,0x82,0x08,0x00,0x00,0x44,0x8b,0xcf,0xeb,0x0b,0xc7,0x44,0x24,0x20,0x86,0x08,
    0x00,0x00,0x44,0x8b,0xc8,0x33,0xd2,0x45,0x33,0xc0,0x8d,0x4a,0x14,0xe8,0x00,0x00,0x00,0x00,0x90,0xe9,0x00,0x00,0x00,0x00,
};
inline constexpr unsigned char kMask5_1[] = {
    0xff,0xff,0xff,0xff,0xff,0xff,0xff,0xff,0xff,0xff,0xff,0xff,0xff,0xff,0xff,0xff,0xff,0xff,0xff,0xff,0xff,0xff,0xff,0xff,
    0xff,0xff,0xff,0xff,0xff,0xff,0xff,0xff,0xff,0xff,0xff,0xff,0xff,0xff,0x00,0x00,0x00,0x00,0xff,0xff,0x00,0x00,0x00,0x00,
};
inline constexpr Reference kRefs5_1[] = {
    {38, 42, Section::Code, Node::Count, Binding::None, nullptr, 65535, 0, 4},
    {44, 48, Section::Code, Node::Count, Binding::None, nullptr, 0, 65, 4},
};
inline constexpr Fragment kFragments5[] = {
    {kBytes5_1, kMask5_1, 48, kRefs5_1, 2},
};
// PrecedingVisual
inline constexpr unsigned char kBytes6_0[] = {
    0x48,0x89,0x5c,0x24,0x08,0x57,0x48,0x83,0xec,0x20,0x33,0xdb,0x48,0x8b,0xfa,0x48,0x39,0x12,0x74,0x39,0x48,0x8b,0x52,0x78,
    0xe8,0x00,0x00,0x00,0x00,0x48,0x3b,0xf8,0x74,0x2b,0x48,0x8b,0x8f,0x80,0x01,0x00,0x00,0x48,0x85,0xc9,0x75,0x06,0x48,0x8b,
    0x7f,0x08,0xeb,0xe9,0x48,0x39,0x59,0x18,0x74,0xf4,0x48,0x8b,0x87,0x90,0x01,0x00,0x00,0x48,0x85,0xc0,0x0f,0x85,0x00,0x00,
    0x00,0x00,0x48,0x8b,0xd9,0x48,0x8b,0xc3,0x48,0x8b,0x5c,0x24,0x30,0x48,0x83,0xc4,0x20,0x5f,0xc3,
};
inline constexpr unsigned char kMask6_0[] = {
    0xff,0xff,0xff,0xff,0xff,0xff,0xff,0xff,0xff,0xff,0xff,0xff,0xff,0xff,0xff,0xff,0xff,0xff,0xff,0xff,0xff,0xff,0xff,0xff,
    0xff,0x00,0x00,0x00,0x00,0xff,0xff,0xff,0xff,0xff,0xff,0xff,0xff,0xff,0xff,0xff,0xff,0xff,0xff,0xff,0xff,0xff,0xff,0xff,
    0xff,0xff,0xff,0xff,0xff,0xff,0xff,0xff,0xff,0xff,0xff,0xff,0xff,0xff,0xff,0xff,0xff,0xff,0xff,0xff,0xff,0xff,0x00,0x00,
    0x00,0x00,0xff,0xff,0xff,0xff,0xff,0xff,0xff,0xff,0xff,0xff,0xff,0xff,0xff,0xff,0xff,0xff,0xff,
};
inline constexpr Reference kRefs6_0[] = {
    {25, 29, Section::Code, Node::DesktopList, Binding::None, nullptr, 65535, 0, 4},
    {70, 74, Section::Code, Node::Count, Binding::None, nullptr, 1, 0, 4},
};
inline constexpr unsigned char kBytes6_1[] = {
    0x48,0x39,0x58,0x18,0x48,0x8b,0xd8,0x0f,0x85,0x00,0x00,0x00,0x00,0xe9,0x00,0x00,0x00,0x00,
};
inline constexpr unsigned char kMask6_1[] = {
    0xff,0xff,0xff,0xff,0xff,0xff,0xff,0xff,0xff,0x00,0x00,0x00,0x00,0xff,0x00,0x00,0x00,0x00,
};
inline constexpr Reference kRefs6_1[] = {
    {9, 13, Section::Code, Node::Count, Binding::None, nullptr, 0, 77, 4},
    {14, 18, Section::Code, Node::Count, Binding::None, nullptr, 0, 74, 4},
};
inline constexpr Fragment kFragments6[] = {
    {kBytes6_1, kMask6_1, 18, kRefs6_1, 2},
};
// InsertRelative
inline constexpr unsigned char kBytes7_0[] = {
    0x48,0x89,0x5c,0x24,0x18,0x48,0x89,0x54,0x24,0x10,0x55,0x56,0x57,0x41,0x54,0x41,0x55,0x41,0x56,0x41,0x57,0x48,0x83,0xec,
    0x30,0x8b,0x71,0x28,0x45,0x32,0xff,0x4c,0x8b,0x6a,0x18,0xbf,0xff,0xff,0xff,0xff,0x4c,0x8b,0x61,0x08,0x4c,0x8b,0xd2,0x41,
    0x0f,0xb6,0xd9,0x4c,0x8b,0xf1,0x44,0x8b,0xdf,0x4d,0x85,0xc0,0x0f,0x85,0xd5,0x01,0x00,0x00,0x33,0xed,0x8b,0xd5,0x85,0xf6,
    0x74,0x2e,0x49,0x8b,0x4e,0x10,0x66,0x90,0x48,0x8b,0x01,0x49,0x3b,0xc2,0x0f,0x84,0x5a,0x02,0x00,0x00,0x4d,0x85,0xc0,0x0f,
    0x84,0x5f,0x01,0x00,0x00,0x49,0x3b,0xc0,0x0f,0x84,0x7c,0x01,0x00,0x00,0xff,0xc2,0x48,0x83,0xc1,0x08,0x3b,0xd6,0x72,0xd8,
    0x4d,0x85,0xc0,0x0f,0x85,0xc3,0x01,0x00,0x00,0x84,0xdb,0x0f,0x85,0xc9,0x02,0x00,0x00,0x83,0xff,0xff,0x75,0x02,0x8b,0xfe,
    0x41,0xb7,0x01,0x4d,0x3b,0xec,0x0f,0x84,0xb6,0x01,0x00,0x00,0x49,0x8b,0x02,0x49,0x8b,0xd4,0x49,0x8b,0xca,0x48,0x8b,0x40,
    0x48,0xff,0x15,0x00,0x00,0x00,0x00,0x8b,0xe8,0x85,0xc0,0x0f,0x88,0x00,0x00,0x00,0x00,0x48,0x8b,0x44,0x24,0x78,0xf0,0xff,
    0x40,0x08,0x03,0xdf,0x41,0x3b,0x5e,0x28,0x0f,0x87,0x00,0x00,0x00,0x00,0x45,0x33,0xc9,0x48,0x8d,0x44,0x24,0x78,0x48,0x89,
    0x44,0x24,0x70,0x49,0x8d,0x4e,0x10,0x48,0x8d,0x44,0x24,0x70,0x48,0x89,0x44,0x24,0x20,0x41,0x8d,0x51,0x08,0x45,0x8d,0x41,
    0x01,0xe8,0x00,0x00,0x00,0x00,0x8b,0xe8,0x85,0xc0,0x0f,0x88,0x00,0x00,0x00,0x00,0x41,0x8b,0x56,0x28,0x4d,0x8b,0x4e,0x10,
    0x8d,0x42,0x01,0x41,0x89,0x46,0x28,0x3b,0xd3,0x0f,0x87,0xda,0x00,0x00,0x00,0x48,0x8b,0x54,0x24,0x70,0x4d,0x8d,0x04,0xd9,
    0x49,0x3b,0xd0,0x0f,0x83,0x00,0x00,0x00,0x00,0x48,0x8b,0x02,0x49,0x89,0x00,0x85,0xed,0x0f,0x88,0x00,0x00,0x00,0x00,0x80,
    0xbc,0x24,0x90,0x00,0x00,0x00,0x00,0x0f,0x84,0x00,0x00,0x00,0x00,0x4d,0x3b,0xec,0x0f,0x84,0x79,0x01,0x00,0x00,0x3b,0xde,
    0x0f,0x87,0x00,0x00,0x00,0x00,0x49,0x8b,0x46,0x08,0x48,0x8b,0x48,0x10,0x48,0x8b,0x44,0x24,0x78,0x4c,0x8b,0x49,0x10,0x48,
    0x8b,0x50,0x10,0x49,0x8b,0x49,0x10,0x48,0x8b,0x42,0x10,0x41,0x8b,0x51,0x18,0x44,0x8b,0xcb,0x44,0x8b,0x40,0x18,0x48,0x8b,
    0x01,0x48,0x8b,0x80,0xc0,0x01,0x00,0x00,0xff,0x15,0x00,0x00,0x00,0x00,0x8b,0xe8,0x85,0xc0,0x0f,0x88,0x00,0x00,0x00,0x00,
    0x85,0xed,0x0f,0x88,0x00,0x00,0x00,0x00,0x48,0x8b,0x44,0x24,0x78,0x80,0x48,0x54,0x04,0x48,0x8b,0x9c,0x24,0x80,0x00,0x00,
    0x00,0x8b,0xc5,0x48,0x83,0xc4,0x30,0x41,0x5f,0x41,0x5e,0x41,0x5d,0x41,0x5c,0x5f,0x5e,0x5d,0xc3,0xcc,0x83,0xff,0xff,0x0f,
    0x85,0x98,0xfe,0xff,0xff,0x84,0xdb,0x0f,0x85,0x63,0x01,0x00,0x00,0x41,0xf6,0x42,0x54,0x10,0x0f,0x85,0x8e,0xfe,0xff,0xff,
    0xf6,0x40,0x54,0x10,0x0f,0x84,0x84,0xfe,0xff,0xff,0x8b,0xfa,0xe9,0x7d,0xfe,0xff,0xff,0x4d,0x8d,0x04,0xd1,0x66,0x66,0x66,
    0x0f,0x1f,0x84,0x00,0x00,0x00,0x00,0x00,0xff,0xca,0x4d,0x8d,0x40,0xf8,0x49,0x8b,0x0c,0xd1,0x49,0x89,0x48,0x08,0x3b,0xd3,
    0x77,0xee,0xe9,0x00,0xff,0xff,0xff,0x0f,0xb6,0x42,0x54,0x24,0x10,0x0f,0x85,0x00,0x00,0x00,0x00,0x45,0x32,0xc9,0x41,0x0f,
    0xb6,0x48,0x54,0x80,0xe1,0x10,0x0f,0x85,0x00,0x00,0x00,0x00,0x32,0xd2,0x44,0x3a,0xca,0x0f,0x84,0x03,0xfe,0xff,0xff,0xe9,
    0x00,0x00,0x00,0x00,0x83,0xff,0xff,0x0f,0x85,0x46,0xfe,0xff,0xff,0xe9,0x00,0x00,0x00,0x00,0x8b,0xce,0x44,0x3b,0xde,0x0f,
    0x83,0x00,0x00,0x00,0x00,0x4d,0x8b,0x46,0x10,0x8d,0x46,0xff,0x44,0x3b,0xd8,0x73,0x29,0x0f,0x1f,0x80,0x00,0x00,0x00,0x00,
    0x41,0x8b,0xcb,0x41,0x8d,0x53,0x01,0x49,0x8b,0x04,0xd0,0x44,0x8b,0xda,0x49,0x89,0x04,0xc8,0x41,0x8b,0x4e,0x28,0x8d,0x41,
    0xff,0x3b,0xd0,0x72,0xe3,0x4c,0x8b,0x54,0x24,0x78,0x8d,0x41,0xff,0x41,0x89,0x46,0x28,0x85,0xed,0x0f,0x88,0x00,0x00,0x00,
    0x00,0x41,0x80,0x62,0x54,0xfb,0x8d,0x47,0xff,0x45,0x84,0xff,0x0f,0x44,0xc7,0x8b,0xf8,0xe9,0x0c,0xfe,0xff,0xff,0x83,0xff,
    0xff,0x0f,0x84,0x9b,0x00,0x00,0x00,0x44,0x8b,0xda,0xe9,0x95,0xfd,0xff,0xff,0x3b,0xde,0x0f,0x87,0x00,0x00,0x00,0x00,0x48,
    0x8b,0x44,0x24,0x78,0x4c,0x8b,0x40,0x10,0x4d,0x85,0xc0,0x74,0x16,0x83,0xfb,0xff,0x0f,0x84,0x00,0x00,0x00,0x00,0x49,0x8b,
    0x46,0x08,0x3b,0x58,0x48,0x0f,0x87,0x00,0x00,0x00,0x00,0x49,0x8b,0x46,0x08,0x44,0x8b,0xcb,0x48,0x8b,0x48,0x10,0x49,0x8b,
    0x40,0x10,0x48,0x8b,0x51,0x10,0x44,0x8b,0x40,0x18,0x48,0x8b,0x4a,0x10,0x8b,0x52,0x18,0x48,0x8b,0x01,0x48,0x8b,0x80,0xc8,
    0x01,0x00,0x00,0xff,0x15,0x00,0x00,0x00,0x00,0x8b,0xe8,0x85,0xc0,0x0f,0x88,0x00,0x00,0x00,0x00,0x85,0xed,0x0f,0x89,0x6d,
    0xfe,0xff,0xff,0xe9,0x00,0x00,0x00,0x00,0xf6,0x40,0x54,0x10,0x0f,0x85,0x2c,0xfd,0xff,0xff,0x41,0xf6,0x42,0x54,0x10,0x0f,
    0x84,0x21,0xfd,0xff,0xff,0xe9,0x98,0xfe,0xff,0xff,0x45,0x32,0xff,0xe9,0x39,0xfd,0xff,0xff,0x4d,0x85,0xc0,0x0f,0x84,0x5c,
    0xff,0xff,0xff,0x41,0xb7,0x01,0xe9,0x54,0xff,0xff,0xff,
};
inline constexpr unsigned char kMask7_0[] = {
    0xff,0xff,0xff,0xff,0xff,0xff,0xff,0xff,0xff,0xff,0xff,0xff,0xff,0xff,0xff,0xff,0xff,0xff,0xff,0xff,0xff,0xff,0xff,0xff,
    0xff,0xff,0xff,0xff,0xff,0xff,0xff,0xff,0xff,0xff,0xff,0xff,0xff,0xff,0xff,0xff,0xff,0xff,0xff,0xff,0xff,0xff,0xff,0xff,
    0xff,0xff,0xff,0xff,0xff,0xff,0xff,0xff,0xff,0xff,0xff,0xff,0xff,0xff,0xff,0xff,0xff,0xff,0xff,0xff,0xff,0xff,0xff,0xff,
    0xff,0xff,0xff,0xff,0xff,0xff,0xff,0xff,0xff,0xff,0xff,0xff,0xff,0xff,0xff,0xff,0xff,0xff,0xff,0xff,0xff,0xff,0xff,0xff,
    0xff,0xff,0xff,0xff,0xff,0xff,0xff,0xff,0xff,0xff,0xff,0xff,0xff,0xff,0xff,0xff,0xff,0xff,0xff,0xff,0xff,0xff,0xff,0xff,
    0xff,0xff,0xff,0xff,0xff,0xff,0xff,0xff,0xff,0xff,0xff,0xff,0xff,0xff,0xff,0xff,0xff,0xff,0xff,0xff,0xff,0xff,0xff,0xff,
    0xff,0xff,0xff,0xff,0xff,0xff,0xff,0xff,0xff,0xff,0xff,0xff,0xff,0xff,0xff,0xff,0xff,0xff,0xff,0xff,0xff,0xff,0xff,0xff,
    0xff,0xff,0xff,0x00,0x00,0x00,0x00,0xff,0xff,0xff,0xff,0xff,0xff,0x00,0x00,0x00,0x00,0xff,0xff,0xff,0xff,0xff,0xff,0xff,
    0xff,0xff,0xff,0xff,0xff,0xff,0xff,0xff,0xff,0xff,0x00,0x00,0x00,0x00,0xff,0xff,0xff,0xff,0xff,0xff,0xff,0xff,0xff,0xff,
    0xff,0xff,0xff,0xff,0xff,0xff,0xff,0xff,0xff,0xff,0xff,0xff,0xff,0xff,0xff,0xff,0xff,0xff,0xff,0xff,0xff,0xff,0xff,0xff,
    0xff,0xff,0x00,0x00,0x00,0x00,0xff,0xff,0xff,0xff,0xff,0xff,0x00,0x00,0x00,0x00,0xff,0xff,0xff,0xff,0xff,0xff,0xff,0xff,
    0xff,0xff,0xff,0xff,0xff,0xff,0xff,0xff,0xff,0xff,0xff,0xff,0xff,0xff,0xff,0xff,0xff,0xff,0xff,0xff,0xff,0xff,0xff,0xff,
    0xff,0xff,0xff,0xff,0xff,0x00,0x00,0x00,0x00,0xff,0xff,0xff,0xff,0xff,0xff,0xff,0xff,0xff,0xff,0x00,0x00,0x00,0x00,0xff,
    0xff,0xff,0xff,0xff,0xff,0xff,0xff,0xff,0xff,0x00,0x00,0x00,0x00,0xff,0xff,0xff,0xff,0xff,0xff,0xff,0xff,0xff,0xff,0xff,
    0xff,0xff,0x00,0x00,0x00,0x00,0xff,0xff,0xff,0xff,0xff,0xff,0xff,0xff,0xff,0xff,0xff,0xff,0xff,0xff,0xff,0xff,0xff,0xff,
    0xff,0xff,0xff,0xff,0xff,0xff,0xff,0xff,0xff,0xff,0xff,0xff,0xff,0xff,0xff,0xff,0xff,0xff,0xff,0xff,0xff,0xff,0xff,0xff,
    0xff,0xff,0xff,0xff,0xff,0xff,0xff,0xff,0xff,0xff,0x00,0x00,0x00,0x00,0xff,0xff,0xff,0xff,0xff,0xff,0x00,0x00,0x00,0x00,
    0xff,0xff,0xff,0xff,0x00,0x00,0x00,0x00,0xff,0xff,0xff,0xff,0xff,0xff,0xff,0xff,0xff,0xff,0xff,0xff,0xff,0xff,0xff,0xff,
    0xff,0xff,0xff,0xff,0xff,0xff,0xff,0xff,0xff,0xff,0xff,0xff,0xff,0xff,0xff,0xff,0xff,0xff,0xff,0xff,0xff,0xff,0xff,0xff,
    0xff,0xff,0xff,0xff,0xff,0xff,0xff,0xff,0xff,0xff,0xff,0xff,0xff,0xff,0xff,0xff,0xff,0xff,0xff,0xff,0xff,0xff,0xff,0xff,
    0xff,0xff,0xff,0xff,0xff,0xff,0xff,0xff,0xff,0xff,0xff,0xff,0xff,0xff,0xff,0xff,0xff,0xff,0xff,0xff,0xff,0xff,0xff,0xff,
    0xff,0xff,0xff,0xff,0xff,0xff,0xff,0xff,0xff,0xff,0xff,0xff,0xff,0xff,0xff,0xff,0xff,0xff,0xff,0xff,0xff,0xff,0xff,0xff,
    0xff,0xff,0xff,0xff,0xff,0xff,0xff,0xff,0xff,0xff,0xff,0xff,0xff,0xff,0xff,0x00,0x00,0x00,0x00,0xff,0xff,0xff,0xff,0xff,
    0xff,0xff,0xff,0xff,0xff,0xff,0xff,0xff,0x00,0x00,0x00,0x00,0xff,0xff,0xff,0xff,0xff,0xff,0xff,0xff,0xff,0xff,0xff,0xff,
    0x00,0x00,0x00,0x00,0xff,0xff,0xff,0xff,0xff,0xff,0xff,0xff,0xff,0xff,0x00,0x00,0x00,0x00,0xff,0xff,0xff,0xff,0xff,0xff,
    0xff,0x00,0x00,0x00,0x00,0xff,0xff,0xff,0xff,0xff,0xff,0xff,0xff,0xff,0xff,0xff,0xff,0xff,0xff,0xff,0xff,0xff,0xff,0xff,
    0xff,0xff,0xff,0xff,0xff,0xff,0xff,0xff,0xff,0xff,0xff,0xff,0xff,0xff,0xff,0xff,0xff,0xff,0xff,0xff,0xff,0xff,0xff,0xff,
    0xff,0xff,0xff,0xff,0xff,0xff,0xff,0xff,0xff,0xff,0xff,0xff,0xff,0xff,0xff,0xff,0xff,0xff,0xff,0xff,0xff,0x00,0x00,0x00,
    0x00,0xff,0xff,0xff,0xff,0xff,0xff,0xff,0xff,0xff,0xff,0xff,0xff,0xff,0xff,0xff,0xff,0xff,0xff,0xff,0xff,0xff,0xff,0xff,
    0xff,0xff,0xff,0xff,0xff,0xff,0xff,0xff,0xff,0xff,0xff,0xff,0xff,0xff,0xff,0xff,0xff,0xff,0xff,0x00,0x00,0x00,0x00,0xff,
    0xff,0xff,0xff,0xff,0xff,0xff,0xff,0xff,0xff,0xff,0xff,0xff,0xff,0xff,0xff,0xff,0xff,0xff,0x00,0x00,0x00,0x00,0xff,0xff,
    0xff,0xff,0xff,0xff,0xff,0xff,0xff,0x00,0x00,0x00,0x00,0xff,0xff,0xff,0xff,0xff,0xff,0xff,0xff,0xff,0xff,0xff,0xff,0xff,
    0xff,0xff,0xff,0xff,0xff,0xff,0xff,0xff,0xff,0xff,0xff,0xff,0xff,0xff,0xff,0xff,0xff,0xff,0xff,0xff,0xff,0xff,0xff,0xff,
    0xff,0xff,0xff,0xff,0xff,0x00,0x00,0x00,0x00,0xff,0xff,0xff,0xff,0xff,0xff,0x00,0x00,0x00,0x00,0xff,0xff,0xff,0xff,0xff,
    0xff,0xff,0xff,0xff,0x00,0x00,0x00,0x00,0xff,0xff,0xff,0xff,0xff,0xff,0xff,0xff,0xff,0xff,0xff,0xff,0xff,0xff,0xff,0xff,
    0xff,0xff,0xff,0xff,0xff,0xff,0xff,0xff,0xff,0xff,0xff,0xff,0xff,0xff,0xff,0xff,0xff,0xff,0xff,0xff,0xff,0xff,0xff,0xff,
    0xff,0xff,0xff,0xff,0xff,0xff,0xff,0xff,0xff,0xff,0xff,
};
inline constexpr Reference kRefs7_0[] = {
    {171, 175, Section::ReadOnly, Node::Count, Binding::None, nullptr, 65535, 0, 4},
    {181, 185, Section::Code, Node::Count, Binding::None, nullptr, 1, 124, 4},
    {202, 206, Section::Code, Node::Count, Binding::None, nullptr, 1, 140, 4},
    {242, 246, Section::Code, Node::Count, Binding::None, nullptr, 65535, 0, 4},
    {252, 256, Section::Code, Node::Count, Binding::None, nullptr, 1, 158, 4},
    {293, 297, Section::Code, Node::Count, Binding::None, nullptr, 1, 188, 4},
    {307, 311, Section::Code, Node::Count, Binding::None, nullptr, 1, 217, 4},
    {321, 325, Section::Code, Node::Count, Binding::None, nullptr, 1, 382, 4},
    {338, 342, Section::Code, Node::Count, Binding::None, nullptr, 1, 319, 4},
    {394, 398, Section::ReadOnly, Node::Count, Binding::None, nullptr, 65535, 0, 4},
    {404, 408, Section::Code, Node::Count, Binding::None, nullptr, 1, 342, 4},
    {412, 416, Section::Code, Node::Count, Binding::None, nullptr, 1, 372, 4},
    {543, 547, Section::Code, Node::Count, Binding::None, nullptr, 1, 0, 4},
    {560, 564, Section::Code, Node::Count, Binding::None, nullptr, 1, 8, 4},
    {576, 580, Section::Code, Node::Count, Binding::None, nullptr, 1, 15, 4},
    {590, 594, Section::Code, Node::Count, Binding::None, nullptr, 1, 54, 4},
    {601, 605, Section::Code, Node::Count, Binding::None, nullptr, 1, 72, 4},
    {669, 673, Section::Code, Node::Count, Binding::None, nullptr, 1, 111, 4},
    {715, 719, Section::Code, Node::Count, Binding::None, nullptr, 1, 230, 4},
    {738, 742, Section::Code, Node::Count, Binding::None, nullptr, 1, 253, 4},
    {751, 755, Section::Code, Node::Count, Binding::None, nullptr, 1, 253, 4},
    {797, 801, Section::ReadOnly, Node::Count, Binding::None, nullptr, 65535, 0, 4},
    {807, 811, Section::Code, Node::Count, Binding::None, nullptr, 1, 276, 4},
    {820, 824, Section::Code, Node::Count, Binding::None, nullptr, 1, 306, 4},
};
inline constexpr unsigned char kBytes7_1[] = {
    0x41,0xb1,0x01,0xe9,0x00,0x00,0x00,0x00,0xb2,0x01,0xe9,0x00,0x00,0x00,0x00,0x84,0xdb,0x74,0x09,0x84,0xc0,0x75,0x0d,0xe9,
    0x00,0x00,0x00,0x00,0x84,0xc9,0x0f,0x84,0x00,0x00,0x00,0x00,0xbd,0x05,0x40,0x00,0x80,0xc7,0x44,0x24,0x20,0x74,0x00,0x00,
    0x00,0xe9,0x95,0x01,0x00,0x00,0xbd,0x06,0x00,0x07,0x80,0xc7,0x44,0x24,0x20,0xae,0x00,0x00,0x00,0xe9,0x83,0x01,0x00,0x00,
    0x33,0xd2,0xc7,0x44,0x24,0x20,0x94,0x01,0x00,0x00,0xbd,0x57,0x00,0x07,0x80,0x45,0x33,0xc0,0x44,0x8b,0xcd,0x8d,0x4a,0x14,
    0xe8,0x00,0x00,0x00,0x00,0x4c,0x8b,0x54,0x24,0x78,0xe9,0x00,0x00,0x00,0x00,0xc7,0x44,0x24,0x20,0xcc,0x00,0x00,0x00,0xe9,
    0x4f,0x01,0x00,0x00,0xc7,0x44,0x24,0x20,0xda,0x00,0x00,0x00,0x44,0x8b,0xc8,0xe9,0x42,0x01,0x00,0x00,0xbd,0x57,0x00,0x07,
    0x80,0xc7,0x44,0x24,0x20,0xc3,0x01,0x00,0x00,0x44,0x8b,0xcd,0xeb,0x0b,0xc7,0x44,0x24,0x20,0xcd,0x01,0x00,0x00,0x44,0x8b,
    0xc8,0x33,0xd2,0x45,0x33,0xc0,0x8d,0x4a,0x14,0xe8,0x00,0x00,0x00,0x00,0x90,0xe9,0x00,0x00,0x00,0x00,0x41,0x8b,0x4e,0x28,
    0x48,0xff,0xc9,0x49,0x8d,0x0c,0xc9,0x48,0x3b,0xd1,0x0f,0x83,0x00,0x00,0x00,0x00,0x48,0x83,0xc2,0x08,0xe9,0x00,0x00,0x00,
    0x00,0xc7,0x44,0x24,0x20,0xe2,0x00,0x00,0x00,0xe9,0xe5,0x00,0x00,0x00,0x48,0x8b,0x4c,0x24,0x68,0x4c,0x8d,0x05,0x00,0x00,
    0x00,0x00,0xba,0xec,0x00,0x00,0x00,0xe8,0x00,0x00,0x00,0x00,0xcc,0x48,0x8b,0x4c,0x24,0x68,0x4c,0x8d,0x05,0x00,0x00,0x00,
    0x00,0xba,0x44,0x00,0x00,0x00,0xe8,0x00,0x00,0x00,0x00,0xcc,0x33,0xd2,0xc7,0x44,0x24,0x20,0x46,0x00,0x00,0x00,0x44,0x8b,
    0xcd,0x45,0x33,0xc0,0x8d,0x4a,0x14,0xe8,0x00,0x00,0x00,0x00,0x90,0xe9,0x00,0x00,0x00,0x00,0xc7,0x44,0x24,0x20,0xed,0x00,
    0x00,0x00,0xe9,0x8c,0x00,0x00,0x00,0x48,0x8b,0x4c,0x24,0x68,0x4c,0x8d,0x05,0x00,0x00,0x00,0x00,0xba,0xf9,0x00,0x00,0x00,
    0xe8,0x00,0x00,0x00,0x00,0xcc,0x33,0xd2,0xc7,0x44,0x24,0x20,0x33,0x00,0x00,0x00,0x44,0x8b,0xcd,0x45,0x33,0xc0,0x8d,0x4a,
    0x14,0xe8,0x00,0x00,0x00,0x00,0x90,0xe9,0x00,0x00,0x00,0x00,0xc7,0x44,0x24,0x20,0xfa,0x00,0x00,0x00,0xeb,0x4d,0x4d,0x3b,
    0xec,0x0f,0x85,0x00,0x00,0x00,0x00,0x48,0x8b,0x44,0x24,0x78,0x49,0x8b,0x4e,0x08,0x48,0x8b,0x50,0x10,0x48,0x8b,0x49,0x10,
    0xe8,0x00,0x00,0x00,0x00,0x8b,0xe8,0x85,0xc0,0x79,0x18,0x33,0xd2,0xc7,0x44,0x24,0x20,0x25,0x00,0x00,0x00,0x44,0x8b,0xc8,
    0x45,0x33,0xc0,0x8d,0x4a,0x14,0xe8,0x00,0x00,0x00,0x00,0x85,0xed,0x0f,0x89,0x00,0x00,0x00,0x00,0xc7,0x44,0x24,0x20,0xf2,
    0x00,0x00,0x00,0x44,0x8b,0xcd,0x33,0xd2,0x45,0x33,0xc0,0x8d,0x4a,0x14,0xe8,0x00,0x00,0x00,0x00,0x90,0xe9,0x00,0x00,0x00,
    0x00,
};
inline constexpr unsigned char kMask7_1[] = {
    0xff,0xff,0xff,0xff,0x00,0x00,0x00,0x00,0xff,0xff,0xff,0x00,0x00,0x00,0x00,0xff,0xff,0xff,0xff,0xff,0xff,0xff,0xff,0xff,
    0x00,0x00,0x00,0x00,0xff,0xff,0xff,0xff,0x00,0x00,0x00,0x00,0xff,0xff,0xff,0xff,0xff,0xff,0xff,0xff,0xff,0xff,0xff,0xff,
    0xff,0xff,0xff,0xff,0xff,0xff,0xff,0xff,0xff,0xff,0xff,0xff,0xff,0xff,0xff,0xff,0xff,0xff,0xff,0xff,0xff,0xff,0xff,0xff,
    0xff,0xff,0xff,0xff,0xff,0xff,0xff,0xff,0xff,0xff,0xff,0xff,0xff,0xff,0xff,0xff,0xff,0xff,0xff,0xff,0xff,0xff,0xff,0xff,
    0xff,0x00,0x00,0x00,0x00,0xff,0xff,0xff,0xff,0xff,0xff,0x00,0x00,0x00,0x00,0xff,0xff,0xff,0xff,0xff,0xff,0xff,0xff,0xff,
    0xff,0xff,0xff,0xff,0xff,0xff,0xff,0xff,0xff,0xff,0xff,0xff,0xff,0xff,0xff,0xff,0xff,0xff,0xff,0xff,0xff,0xff,0xff,0xff,
    0xff,0xff,0xff,0xff,0xff,0xff,0xff,0xff,0xff,0xff,0xff,0xff,0xff,0xff,0xff,0xff,0xff,0xff,0xff,0xff,0xff,0xff,0xff,0xff,
    0xff,0xff,0xff,0xff,0xff,0xff,0xff,0xff,0xff,0xff,0x00,0x00,0x00,0x00,0xff,0xff,0x00,0x00,0x00,0x00,0xff,0xff,0xff,0xff,
    0xff,0xff,0xff,0xff,0xff,0xff,0xff,0xff,0xff,0xff,0xff,0xff,0x00,0x00,0x00,0x00,0xff,0xff,0xff,0xff,0xff,0x00,0x00,0x00,
    0x00,0xff,0xff,0xff,0xff,0xff,0xff,0xff,0xff,0xff,0xff,0xff,0xff,0xff,0xff,0xff,0xff,0xff,0xff,0xff,0xff,0xff,0x00,0x00,
    0x00,0x00,0xff,0xff,0xff,0xff,0xff,0xff,0x00,0x00,0x00,0x00,0xff,0xff,0xff,0xff,0xff,0xff,0xff,0xff,0xff,0x00,0x00,0x00,
    0x00,0xff,0xff,0xff,0xff,0xff,0xff,0x00,0x00,0x00,0x00,0xff,0xff,0xff,0xff,0xff,0xff,0xff,0xff,0xff,0xff,0xff,0xff,0xff,
    0xff,0xff,0xff,0xff,0xff,0xff,0xff,0xff,0x00,0x00,0x00,0x00,0xff,0xff,0x00,0x00,0x00,0x00,0xff,0xff,0xff,0xff,0xff,0xff,
    0xff,0xff,0xff,0xff,0xff,0xff,0xff,0xff,0xff,0xff,0xff,0xff,0xff,0xff,0xff,0x00,0x00,0x00,0x00,0xff,0xff,0xff,0xff,0xff,
    0xff,0x00,0x00,0x00,0x00,0xff,0xff,0xff,0xff,0xff,0xff,0xff,0xff,0xff,0xff,0xff,0xff,0xff,0xff,0xff,0xff,0xff,0xff,0xff,
    0xff,0xff,0x00,0x00,0x00,0x00,0xff,0xff,0x00,0x00,0x00,0x00,0xff,0xff,0xff,0xff,0xff,0xff,0xff,0xff,0xff,0xff,0xff,0xff,
    0xff,0xff,0xff,0x00,0x00,0x00,0x00,0xff,0xff,0xff,0xff,0xff,0xff,0xff,0xff,0xff,0xff,0xff,0xff,0xff,0xff,0xff,0xff,0xff,
    0xff,0x00,0x00,0x00,0x00,0xff,0xff,0xff,0xff,0xff,0xff,0xff,0xff,0xff,0xff,0xff,0xff,0xff,0xff,0xff,0xff,0xff,0xff,0xff,
    0xff,0xff,0xff,0xff,0xff,0xff,0xff,0x00,0x00,0x00,0x00,0xff,0xff,0xff,0xff,0x00,0x00,0x00,0x00,0xff,0xff,0xff,0xff,0xff,
    0xff,0xff,0xff,0xff,0xff,0xff,0xff,0xff,0xff,0xff,0xff,0xff,0xff,0xff,0xff,0x00,0x00,0x00,0x00,0xff,0xff,0x00,0x00,0x00,
    0x00,
};
inline constexpr Reference kRefs7_1[] = {
    {4, 8, Section::Code, Node::Count, Binding::None, nullptr, 0, 550, 4},
    {11, 15, Section::Code, Node::Count, Binding::None, nullptr, 0, 566, 4},
    {24, 28, Section::Code, Node::Count, Binding::None, nullptr, 0, 66, 4},
    {32, 36, Section::Code, Node::Count, Binding::None, nullptr, 0, 66, 4},
    {97, 101, Section::Code, Node::Count, Binding::None, nullptr, 65535, 0, 4},
    {107, 111, Section::Code, Node::Count, Binding::None, nullptr, 0, 665, 4},
    {178, 182, Section::Code, Node::Count, Binding::None, nullptr, 65535, 0, 4},
    {184, 188, Section::Code, Node::Count, Binding::None, nullptr, 0, 303, 4},
    {204, 208, Section::Code, Node::Count, Binding::None, nullptr, 0, 297, 4},
    {213, 217, Section::Code, Node::Count, Binding::None, nullptr, 0, 297, 4},
    {238, 242, Section::ReadOnly, Node::Count, Binding::None, nullptr, 65535, 0, 4},
    {248, 252, Section::Code, Node::Count, Binding::None, nullptr, 65535, 0, 4},
    {261, 265, Section::ReadOnly, Node::Count, Binding::None, nullptr, 65535, 0, 4},
    {271, 275, Section::Code, Node::Count, Binding::None, nullptr, 65535, 0, 4},
    {296, 300, Section::Code, Node::Count, Binding::None, nullptr, 65535, 0, 4},
    {302, 306, Section::Code, Node::Count, Binding::None, nullptr, 0, 811, 4},
    {327, 331, Section::ReadOnly, Node::Count, Binding::None, nullptr, 65535, 0, 4},
    {337, 341, Section::Code, Node::Count, Binding::None, nullptr, 65535, 0, 4},
    {362, 366, Section::Code, Node::Count, Binding::None, nullptr, 65535, 0, 4},
    {368, 372, Section::Code, Node::Count, Binding::None, nullptr, 0, 408, 4},
    {387, 391, Section::Code, Node::Count, Binding::None, nullptr, 0, 425, 4},
    {409, 413, Section::Code, Node::Count, Binding::None, nullptr, 65535, 0, 4},
    {439, 443, Section::Code, Node::Count, Binding::None, nullptr, 65535, 0, 4},
    {447, 451, Section::Code, Node::Count, Binding::None, nullptr, 0, 425, 4},
    {471, 475, Section::Code, Node::Count, Binding::None, nullptr, 65535, 0, 4},
    {477, 481, Section::Code, Node::Count, Binding::None, nullptr, 0, 425, 4},
};
inline constexpr Fragment kFragments7[] = {
    {kBytes7_1, kMask7_1, 481, kRefs7_1, 26},
};
// ProxyInsert
inline constexpr unsigned char kBytes8_0[] = {
    0x48,0x83,0xec,0x38,0x4c,0x8b,0x49,0x10,0x45,0x8b,0xd0,0x48,0x8b,0x42,0x10,0x49,0x8b,0x49,0x10,0x44,0x8b,0x40,0x18,0x41,
    0x8b,0x51,0x18,0x45,0x8b,0xca,0x48,0x8b,0x01,0x48,0x8b,0x80,0xc0,0x01,0x00,0x00,0xff,0x15,0x00,0x00,0x00,0x00,0x48,0x83,
    0xc4,0x38,0xc3,
};
inline constexpr unsigned char kMask8_0[] = {
    0xff,0xff,0xff,0xff,0xff,0xff,0xff,0xff,0xff,0xff,0xff,0xff,0xff,0xff,0xff,0xff,0xff,0xff,0xff,0xff,0xff,0xff,0xff,0xff,
    0xff,0xff,0xff,0xff,0xff,0xff,0xff,0xff,0xff,0xff,0xff,0xff,0xff,0xff,0xff,0xff,0xff,0xff,0x00,0x00,0x00,0x00,0xff,0xff,
    0xff,0xff,0xff,
};
inline constexpr Reference kRefs8_0[] = {
    {42, 46, Section::ReadOnly, Node::Count, Binding::None, nullptr, 65535, 0, 4},
};
// WindowListCtor
inline constexpr unsigned char kBytes9_0[] = {
    0x48,0x89,0x5c,0x24,0x08,0x57,0x48,0x83,0xec,0x30,0x48,0x8d,0x05,0x00,0x00,0x00,0x00,0x48,0x8b,0xd9,0x48,0x89,0x01,0x4c,
    0x8d,0x0d,0x00,0x00,0x00,0x00,0x33,0xff,0x4c,0x8d,0x05,0x00,0x00,0x00,0x00,0x48,0x83,0xc1,0x08,0x48,0x89,0x7c,0x24,0x20,
    0x48,0x8d,0x15,0x00,0x00,0x00,0x00,0x48,0xff,0x15,0x00,0x00,0x00,0x00,0x0f,0x1f,0x44,0x00,0x00,0x48,0x89,0x7b,0x50,0x48,
    0x8d,0x8b,0x18,0x01,0x00,0x00,0x48,0x89,0xbb,0xf8,0x00,0x00,0x00,0x48,0x89,0xbb,0x00,0x01,0x00,0x00,0x48,0x89,0xbb,0x08,
    0x01,0x00,0x00,0x89,0xbb,0x10,0x01,0x00,0x00,0xe8,0x00,0x00,0x00,0x00,0x48,0x89,0xbb,0x60,0x01,0x00,0x00,0x48,0x8d,0x8b,
    0x88,0x01,0x00,0x00,0x48,0x89,0xbb,0x68,0x01,0x00,0x00,0x48,0x89,0xbb,0x70,0x01,0x00,0x00,0x89,0xbb,0x78,0x01,0x00,0x00,
    0x48,0x89,0xbb,0x80,0x01,0x00,0x00,0xe8,0x00,0x00,0x00,0x00,0x48,0x89,0xbb,0xd0,0x01,0x00,0x00,0x48,0x8b,0xc3,0x48,0x89,
    0xbb,0xd8,0x01,0x00,0x00,0x48,0x89,0xbb,0xe0,0x01,0x00,0x00,0x89,0xbb,0xe8,0x01,0x00,0x00,0x48,0x89,0xbb,0xf0,0x01,0x00,
    0x00,0x48,0x89,0xbb,0xf8,0x01,0x00,0x00,0x48,0x89,0xbb,0x00,0x02,0x00,0x00,0x48,0x89,0xbb,0x08,0x02,0x00,0x00,0x48,0x89,
    0xbb,0x10,0x02,0x00,0x00,0x48,0x89,0xbb,0x18,0x02,0x00,0x00,0x48,0x89,0xbb,0x20,0x02,0x00,0x00,0x48,0x89,0xbb,0x28,0x02,
    0x00,0x00,0x89,0xbb,0x30,0x02,0x00,0x00,0x48,0x89,0xbb,0x48,0x02,0x00,0x00,0x48,0x89,0xbb,0x50,0x02,0x00,0x00,0x89,0xbb,
    0x58,0x02,0x00,0x00,0x48,0x89,0xbb,0x60,0x02,0x00,0x00,0x48,0x89,0xbb,0x68,0x02,0x00,0x00,0x48,0x89,0xbb,0x70,0x02,0x00,
    0x00,0x89,0xbb,0x78,0x02,0x00,0x00,0x48,0x8b,0x5c,0x24,0x40,0x48,0x83,0xc4,0x30,0x5f,0xc3,
};
inline constexpr unsigned char kMask9_0[] = {
    0xff,0xff,0xff,0xff,0xff,0xff,0xff,0xff,0xff,0xff,0xff,0xff,0xff,0x00,0x00,0x00,0x00,0xff,0xff,0xff,0xff,0xff,0xff,0xff,
    0xff,0xff,0x00,0x00,0x00,0x00,0xff,0xff,0xff,0xff,0xff,0x00,0x00,0x00,0x00,0xff,0xff,0xff,0xff,0xff,0xff,0xff,0xff,0xff,
    0xff,0xff,0xff,0x00,0x00,0x00,0x00,0xff,0xff,0xff,0x00,0x00,0x00,0x00,0xff,0xff,0xff,0xff,0xff,0xff,0xff,0xff,0xff,0xff,
    0xff,0xff,0xff,0xff,0xff,0xff,0xff,0xff,0xff,0xff,0xff,0xff,0xff,0xff,0xff,0xff,0xff,0xff,0xff,0xff,0xff,0xff,0xff,0xff,
    0xff,0xff,0xff,0xff,0xff,0xff,0xff,0xff,0xff,0xff,0x00,0x00,0x00,0x00,0xff,0xff,0xff,0xff,0xff,0xff,0xff,0xff,0xff,0xff,
    0xff,0xff,0xff,0xff,0xff,0xff,0xff,0xff,0xff,0xff,0xff,0xff,0xff,0xff,0xff,0xff,0xff,0xff,0xff,0xff,0xff,0xff,0xff,0xff,
    0xff,0xff,0xff,0xff,0xff,0xff,0xff,0xff,0x00,0x00,0x00,0x00,0xff,0xff,0xff,0xff,0xff,0xff,0xff,0xff,0xff,0xff,0xff,0xff,
    0xff,0xff,0xff,0xff,0xff,0xff,0xff,0xff,0xff,0xff,0xff,0xff,0xff,0xff,0xff,0xff,0xff,0xff,0xff,0xff,0xff,0xff,0xff,0xff,
    0xff,0xff,0xff,0xff,0xff,0xff,0xff,0xff,0xff,0xff,0xff,0xff,0xff,0xff,0xff,0xff,0xff,0xff,0xff,0xff,0xff,0xff,0xff,0xff,
    0xff,0xff,0xff,0xff,0xff,0xff,0xff,0xff,0xff,0xff,0xff,0xff,0xff,0xff,0xff,0xff,0xff,0xff,0xff,0xff,0xff,0xff,0xff,0xff,
    0xff,0xff,0xff,0xff,0xff,0xff,0xff,0xff,0xff,0xff,0xff,0xff,0xff,0xff,0xff,0xff,0xff,0xff,0xff,0xff,0xff,0xff,0xff,0xff,
    0xff,0xff,0xff,0xff,0xff,0xff,0xff,0xff,0xff,0xff,0xff,0xff,0xff,0xff,0xff,0xff,0xff,0xff,0xff,0xff,0xff,0xff,0xff,0xff,
    0xff,0xff,0xff,0xff,0xff,0xff,0xff,0xff,0xff,0xff,0xff,0xff,0xff,0xff,0xff,0xff,0xff,0xff,
};
inline constexpr Reference kRefs9_0[] = {
    {13, 17, Section::ReadOnly, Node::Count, Binding::Vtable, nullptr, 65535, 0, 4},
    {26, 30, Section::Code, Node::Count, Binding::None, nullptr, 65535, 0, 4},
    {35, 39, Section::Code, Node::Count, Binding::None, nullptr, 65535, 0, 4},
    {51, 55, Section::Code, Node::Count, Binding::None, nullptr, 65535, 0, 4},
    {58, 62, Section::ReadOnly, Node::Count, Binding::None, "RtlInitializeGenericTable", 65535, 0, 4},
    {106, 110, Section::Code, Node::Count, Binding::None, nullptr, 65535, 0, 4},
    {152, 156, Section::Code, Node::Count, Binding::None, nullptr, 65535, 0, 4},
};
// BandChange
inline constexpr unsigned char kBytes10_0[] = {
    0x48,0x89,0x5c,0x24,0x08,0x48,0x89,0x74,0x24,0x10,0x57,0x48,0x83,0xec,0x30,0x48,0x8b,0xd9,0x48,0x8b,0xf2,0x48,0x8d,0x0d,
    0x00,0x00,0x00,0x00,0x48,0xff,0x15,0x00,0x00,0x00,0x00,0x0f,0x1f,0x44,0x00,0x00,0x48,0x83,0x64,0x24,0x50,0x00,0x4c,0x8d,
    0x4c,0x24,0x50,0x41,0xb0,0x01,0x48,0x8b,0xd6,0x48,0x8b,0xcb,0xe8,0x00,0x00,0x00,0x00,0x8b,0xd8,0x85,0xc0,0x0f,0x88,0x00,
    0x00,0x00,0x00,0x48,0x8b,0x7c,0x24,0x50,0x48,0x85,0xff,0x74,0x13,0x48,0x8b,0x06,0x48,0x8b,0xce,0x48,0x8b,0x40,0x38,0xff,
    0x15,0x00,0x00,0x00,0x00,0x89,0x47,0x70,0x48,0x8d,0x0d,0x00,0x00,0x00,0x00,0x48,0xff,0x15,0x00,0x00,0x00,0x00,0x0f,0x1f,
    0x44,0x00,0x00,0x48,0x8b,0x74,0x24,0x48,0x8b,0xc3,0x48,0x8b,0x5c,0x24,0x40,0x48,0x83,0xc4,0x30,0x5f,0xc3,
};
inline constexpr unsigned char kMask10_0[] = {
    0xff,0xff,0xff,0xff,0xff,0xff,0xff,0xff,0xff,0xff,0xff,0xff,0xff,0xff,0xff,0xff,0xff,0xff,0xff,0xff,0xff,0xff,0xff,0xff,
    0x00,0x00,0x00,0x00,0xff,0xff,0xff,0x00,0x00,0x00,0x00,0xff,0xff,0xff,0xff,0xff,0xff,0xff,0xff,0xff,0xff,0xff,0xff,0xff,
    0xff,0xff,0xff,0xff,0xff,0xff,0xff,0xff,0xff,0xff,0xff,0xff,0xff,0x00,0x00,0x00,0x00,0xff,0xff,0xff,0xff,0xff,0xff,0x00,
    0x00,0x00,0x00,0xff,0xff,0xff,0xff,0xff,0xff,0xff,0xff,0xff,0xff,0xff,0xff,0xff,0xff,0xff,0xff,0xff,0xff,0xff,0xff,0xff,
    0xff,0x00,0x00,0x00,0x00,0xff,0xff,0xff,0xff,0xff,0xff,0x00,0x00,0x00,0x00,0xff,0xff,0xff,0x00,0x00,0x00,0x00,0xff,0xff,
    0xff,0xff,0xff,0xff,0xff,0xff,0xff,0xff,0xff,0xff,0xff,0xff,0xff,0xff,0xff,0xff,0xff,0xff,0xff,0xff,0xff,
};
inline constexpr Reference kRefs10_0[] = {
    {24, 28, Section::Writable, Node::Count, Binding::CriticalSection, nullptr, 65535, 0, 4},
    {31, 35, Section::ReadOnly, Node::Count, Binding::None, "EnterCriticalSection", 65535, 0, 4},
    {61, 65, Section::Code, Node::SyncedData, Binding::None, nullptr, 65535, 0, 4},
    {71, 75, Section::Code, Node::Count, Binding::None, nullptr, 1, 0, 4},
    {97, 101, Section::ReadOnly, Node::Count, Binding::None, nullptr, 65535, 0, 4},
    {107, 111, Section::Writable, Node::Count, Binding::CriticalSection, nullptr, 65535, 0, 4},
    {114, 118, Section::ReadOnly, Node::Count, Binding::None, "LeaveCriticalSection", 65535, 0, 4},
};
inline constexpr unsigned char kBytes10_1[] = {
    0x33,0xd2,0xc7,0x44,0x24,0x20,0x94,0x0c,0x00,0x00,0x44,0x8b,0xcb,0x45,0x33,0xc0,0x8d,0x4a,0x14,0xe8,0x00,0x00,0x00,0x00,
    0x90,0xe9,0x00,0x00,0x00,0x00,
};
inline constexpr unsigned char kMask10_1[] = {
    0xff,0xff,0xff,0xff,0xff,0xff,0xff,0xff,0xff,0xff,0xff,0xff,0xff,0xff,0xff,0xff,0xff,0xff,0xff,0xff,0x00,0x00,0x00,0x00,
    0xff,0xff,0x00,0x00,0x00,0x00,
};
inline constexpr Reference kRefs10_1[] = {
    {20, 24, Section::Code, Node::Count, Binding::None, nullptr, 65535, 0, 4},
    {26, 30, Section::Code, Node::Count, Binding::None, nullptr, 0, 104, 4},
};
inline constexpr Fragment kFragments10[] = {
    {kBytes10_1, kMask10_1, 30, kRefs10_1, 2},
};
// ZOrder
inline constexpr unsigned char kBytes11_0[] = {
    0x48,0x89,0x5c,0x24,0x08,0x55,0x56,0x57,0x41,0x54,0x41,0x55,0x41,0x56,0x41,0x57,0x48,0x8d,0x6c,0x24,0xd9,0x48,0x81,0xec,
    0x00,0x01,0x00,0x00,0x4c,0x8b,0xe9,0x4d,0x8b,0xf8,0x48,0x8d,0x0d,0x00,0x00,0x00,0x00,0x48,0x8b,0xfa,0x48,0xff,0x15,0x00,
    0x00,0x00,0x00,0x0f,0x1f,0x44,0x00,0x00,0x48,0x8b,0x07,0x45,0x33,0xf6,0x48,0x8b,0xcf,0x4c,0x89,0x75,0x6f,0x41,0x8b,0xf6,
    0x48,0x8b,0x40,0x08,0xff,0x15,0x00,0x00,0x00,0x00,0x48,0x8b,0xd8,0x48,0x85,0xc0,0x0f,0x84,0x00,0x00,0x00,0x00,0x48,0x89,
    0x5d,0x6f,0x8b,0xfe,0x85,0xf6,0x0f,0x88,0x00,0x00,0x00,0x00,0x48,0x85,0xdb,0x0f,0x84,0x00,0x00,0x00,0x00,0x48,0x8b,0x43,
    0x78,0x4d,0x8d,0x65,0x08,0x0f,0x57,0xc0,0x4c,0x89,0x74,0x24,0x48,0x0f,0x57,0xc9,0x66,0x0f,0x7f,0x44,0x24,0x50,0x49,0x8b,
    0xcc,0x48,0xc7,0x45,0xa7,0xff,0xff,0xff,0xff,0x48,0x8d,0x54,0x24,0x40,0x44,0x88,0x75,0xaf,0x66,0x0f,0x7f,0x45,0x87,0x66,
    0x0f,0x7f,0x4d,0x97,0x48,0x89,0x44,0x24,0x40,0x48,0xff,0x15,0x00,0x00,0x00,0x00,0x0f,0x1f,0x44,0x00,0x00,0x48,0x85,0xc0,
    0x0f,0x84,0x00,0x00,0x00,0x00,0x48,0x8d,0x58,0x50,0x48,0x89,0x5d,0x7f,0x48,0x85,0xdb,0x0f,0x84,0x00,0x00,0x00,0x00,0x4d,
    0x85,0xff,0x74,0x29,0x4c,0x8d,0x4d,0x7f,0x41,0xb0,0x01,0x49,0x8b,0xd7,0x49,0x8b,0xcd,0xe8,0x00,0x00,0x00,0x00,0x8b,0xf8,
    0x85,0xc0,0x0f,0x88,0x00,0x00,0x00,0x00,0x48,0x8b,0x5d,0x7f,0x48,0x85,0xdb,0x0f,0x84,0x00,0x00,0x00,0x00,0x48,0x8b,0x45,
    0x6f,0x48,0x3b,0x03,0x0f,0x84,0x81,0x02,0x00,0x00,0x48,0x8b,0x08,0x48,0x39,0x41,0x08,0x0f,0x85,0x00,0x00,0x00,0x00,0x48,
    0x8b,0x50,0x08,0x48,0x39,0x02,0x0f,0x85,0x00,0x00,0x00,0x00,0x48,0x89,0x0a,0x48,0x89,0x51,0x08,0x48,0x8b,0x0b,0x48,0x8b,
    0x45,0x6f,0x48,0x39,0x59,0x08,0x0f,0x85,0x00,0x00,0x00,0x00,0x48,0x89,0x08,0x48,0x89,0x58,0x08,0x48,0x89,0x41,0x08,0x48,
    0x89,0x03,0x48,0x8b,0x55,0x6f,0x48,0x8b,0xb2,0x80,0x01,0x00,0x00,0x48,0x85,0xf6,0x0f,0x84,0x4c,0x01,0x00,0x00,0x48,0x8b,
    0x42,0x78,0x0f,0x57,0xc0,0x0f,0x57,0xc9,0x66,0x0f,0x7f,0x44,0x24,0x50,0x48,0x8d,0x54,0x24,0x40,0x66,0x0f,0x7f,0x45,0x87,
    0x49,0x8b,0xcc,0x66,0x0f,0x7f,0x4d,0x97,0x48,0x89,0x44,0x24,0x40,0x4c,0x89,0x74,0x24,0x48,0x48,0xc7,0x45,0xa7,0xff,0xff,
    0xff,0xff,0x44,0x88,0x75,0xaf,0x48,0xff,0x15,0x00,0x00,0x00,0x00,0x0f,0x1f,0x44,0x00,0x00,0x48,0x85,0xc0,0x0f,0x84,0x00,
    0x00,0x00,0x00,0x4c,0x8b,0x78,0x18,0x48,0x8b,0x45,0x6f,0x48,0x8d,0x55,0xc7,0x0f,0x57,0xc0,0x4c,0x89,0x75,0xcf,0x0f,0x57,
    0xc9,0x66,0x0f,0x7f,0x45,0xd7,0x49,0x8b,0xfe,0x48,0xc7,0x45,0x07,0xff,0xff,0xff,0xff,0x48,0x8b,0x48,0x78,0x48,0x89,0x4d,
    0xc7,0x49,0x8b,0xcc,0x40,0x88,0x7d,0x0f,0x66,0x0f,0x7f,0x45,0xe7,0x66,0x0f,0x7f,0x4d,0xf7,0x48,0xff,0x15,0x00,0x00,0x00,
    0x00,0x0f,0x1f,0x44,0x00,0x00,0x48,0x85,0xc0,0x0f,0x84,0x00,0x00,0x00,0x00,0x48,0x83,0xc0,0x50,0x0f,0x84,0x00,0x00,0x00,
    0x00,0x48,0x3b,0xd8,0x74,0x20,0x48,0x8b,0xbb,0x80,0x01,0x00,0x00,0x48,0x85,0xff,0x0f,0x84,0x11,0x01,0x00,0x00,0x48,0x8b,
    0x83,0x90,0x01,0x00,0x00,0x48,0x85,0xc0,0x0f,0x85,0x00,0x00,0x00,0x00,0x41,0xb1,0x01,0xc6,0x44,0x24,0x20,0x01,0x4c,0x8b,
    0xc7,0x49,0x8d,0x4f,0x20,0x48,0x8b,0xd6,0xe8,0x00,0x00,0x00,0x00,0x8b,0xf8,0x85,0xc0,0x0f,0x88,0x00,0x00,0x00,0x00,0x48,
    0x8b,0x4d,0x6f,0x33,0xd2,0x48,0x8b,0x89,0x88,0x01,0x00,0x00,0xe8,0x00,0x00,0x00,0x00,0x8b,0xf8,0x85,0xc0,0x0f,0x88,0x00,
    0x00,0x00,0x00,0x48,0x8b,0x55,0x6f,0x41,0xb8,0x03,0x00,0x00,0x00,0x49,0x8b,0xcd,0xe8,0x00,0x00,0x00,0x00,0x48,0x8b,0x55,
    0x6f,0x48,0x8b,0x82,0x90,0x01,0x00,0x00,0x48,0x85,0xc0,0x0f,0x85,0x00,0x00,0x00,0x00,0x48,0x8b,0x82,0x80,0x01,0x00,0x00,
    0x48,0x85,0xc0,0x74,0x0d,0xf6,0x80,0xf1,0x00,0x00,0x00,0x20,0x0f,0x85,0x00,0x00,0x00,0x00,0x4c,0x8d,0x2d,0x00,0x00,0x00,
    0x00,0x48,0x8b,0x9a,0x18,0x02,0x00,0x00,0x48,0x85,0xdb,0x75,0x2d,0x49,0x8b,0xcd,0x48,0xff,0x15,0x00,0x00,0x00,0x00,0x0f,
    0x1f,0x44,0x00,0x00,0x48,0x8b,0x9c,0x24,0x40,0x01,0x00,0x00,0x8b,0xc7,0x48,0x81,0xc4,0x00,0x01,0x00,0x00,0x41,0x5f,0x41,
    0x5e,0x41,0x5d,0x41,0x5c,0x5f,0x5e,0x5d,0xc3,0xcc,0x83,0xbb,0x38,0x02,0x00,0x00,0x01,0x76,0xca,0x48,0x8b,0x52,0x78,0x49,
    0x8b,0xcc,0x4d,0x8b,0xfe,0xe8,0x00,0x00,0x00,0x00,0x48,0x8b,0x55,0x6f,0x48,0x85,0xc0,0x74,0x39,0x48,0x8d,0x48,0x50,0x48,
    0x85,0xc9,0x74,0x30,0x48,0x8b,0x02,0x48,0x3b,0xc1,0x74,0x28,0x48,0x39,0x98,0x18,0x02,0x00,0x00,0x74,0x1c,0x48,0x8b,0x00,
    0x48,0x3b,0xc1,0x75,0xef,0xeb,0x15,0x48,0x8b,0x5b,0x08,0x48,0x3b,0xd8,0x0f,0x85,0xd2,0xfe,0xff,0xff,0xe9,0xed,0xfe,0xff,
    0xff,0x4c,0x8b,0xf8,0x48,0x8d,0xb3,0x20,0x02,0x00,0x00,0x4d,0x85,0xff,0x74,0x47,0x48,0x8d,0x55,0x6f,0x48,0x8b,0xce,0xe8,
    0x00,0x00,0x00,0x00,0x8b,0x4e,0x18,0x48,0x8b,0x06,0x85,0xc9,0x74,0x11,0x4c,0x3b,0x38,0x74,0x0c,0x41,0xff,0xc6,0x48,0x83,
    0xc0,0x08,0x44,0x3b,0xf1,0x72,0xef,0x45,0x8b,0xc6,0x48,0x8d,0x55,0x6f,0x48,0x8b,0xce,0xe8,0x00,0x00,0x00,0x00,0xe9,0x32,
    0xff,0xff,0xff,0x4c,0x8d,0x2d,0x00,0x00,0x00,0x00,0xe9,0x26,0xff,0xff,0xff,0x8b,0x8b,0x38,0x02,0x00,0x00,0x48,0x8b,0x06,
    0xff,0xc9,0x48,0x39,0x14,0xc8,0x0f,0x84,0x11,0xff,0xff,0xff,0x48,0x8d,0x55,0x6f,0x48,0x8b,0xce,0xe8,0x00,0x00,0x00,0x00,
    0x8b,0x46,0x18,0x44,0x8d,0x40,0x01,0x44,0x3b,0xc0,0x0f,0x82,0x00,0x00,0x00,0x00,0x44,0x3b,0x46,0x14,0x76,0x4a,0x45,0x33,
    0xc9,0x48,0x8d,0x45,0x6f,0x48,0x89,0x45,0x7f,0x48,0x8b,0xce,0x48,0x8d,0x45,0x7f,0x48,0x89,0x44,0x24,0x20,0x41,0x8d,0x51,
    0x08,0x45,0x8d,0x41,0x01,0xe8,0x00,0x00,0x00,0x00,0x85,0xc0,0x0f,0x88,0x00,0x00,0x00,0x00,0x44,0x8b,0x46,0x18,0x48,0x8b,
    0x45,0x7f,0x48,0x8b,0x16,0x41,0xc1,0xe0,0x03,0x48,0x8b,0x08,0x49,0x89,0x0c,0x10,0xff,0x46,0x18,0xe9,0xa5,0xfe,0xff,0xff,
    0x48,0x8b,0x0e,0x48,0x8b,0xd0,0x48,0x8b,0x45,0x6f,0x48,0x89,0x04,0xd1,0x44,0x89,0x46,0x18,0xe9,0x8e,0xfe,0xff,0xff,
};
inline constexpr unsigned char kMask11_0[] = {
    0xff,0xff,0xff,0xff,0xff,0xff,0xff,0xff,0xff,0xff,0xff,0xff,0xff,0xff,0xff,0xff,0xff,0xff,0xff,0xff,0xff,0xff,0xff,0xff,
    0xff,0xff,0xff,0xff,0xff,0xff,0xff,0xff,0xff,0xff,0xff,0xff,0xff,0x00,0x00,0x00,0x00,0xff,0xff,0xff,0xff,0xff,0xff,0x00,
    0x00,0x00,0x00,0xff,0xff,0xff,0xff,0xff,0xff,0xff,0xff,0xff,0xff,0xff,0xff,0xff,0xff,0xff,0xff,0xff,0xff,0xff,0xff,0xff,
    0xff,0xff,0xff,0xff,0xff,0xff,0x00,0x00,0x00,0x00,0xff,0xff,0xff,0xff,0xff,0xff,0xff,0xff,0x00,0x00,0x00,0x00,0xff,0xff,
    0xff,0xff,0xff,0xff,0xff,0xff,0xff,0xff,0x00,0x00,0x00,0x00,0xff,0xff,0xff,0xff,0xff,0x00,0x00,0x00,0x00,0xff,0xff,0xff,
    0xff,0xff,0xff,0xff,0xff,0xff,0xff,0xff,0xff,0xff,0xff,0xff,0xff,0xff,0xff,0xff,0xff,0xff,0xff,0xff,0xff,0xff,0xff,0xff,
    0xff,0xff,0xff,0xff,0xff,0xff,0xff,0xff,0xff,0xff,0xff,0xff,0xff,0xff,0xff,0xff,0xff,0xff,0xff,0xff,0xff,0xff,0xff,0xff,
    0xff,0xff,0xff,0xff,0xff,0xff,0xff,0xff,0xff,0xff,0xff,0xff,0x00,0x00,0x00,0x00,0xff,0xff,0xff,0xff,0xff,0xff,0xff,0xff,
    0xff,0xff,0x00,0x00,0x00,0x00,0xff,0xff,0xff,0xff,0xff,0xff,0xff,0xff,0xff,0xff,0xff,0xff,0xff,0x00,0x00,0x00,0x00,0xff,
    0xff,0xff,0xff,0xff,0xff,0xff,0xff,0xff,0xff,0xff,0xff,0xff,0xff,0xff,0xff,0xff,0xff,0xff,0x00,0x00,0x00,0x00,0xff,0xff,
    0xff,0xff,0xff,0xff,0x00,0x00,0x00,0x00,0xff,0xff,0xff,0xff,0xff,0xff,0xff,0xff,0xff,0x00,0x00,0x00,0x00,0xff,0xff,0xff,
    0xff,0xff,0xff,0xff,0xff,0xff,0xff,0xff,0xff,0xff,0xff,0xff,0xff,0xff,0xff,0xff,0xff,0xff,0xff,0x00,0x00,0x00,0x00,0xff,
    0xff,0xff,0xff,0xff,0xff,0xff,0xff,0xff,0x00,0x00,0x00,0x00,0xff,0xff,0xff,0xff,0xff,0xff,0xff,0xff,0xff,0xff,0xff,0xff,
    0xff,0xff,0xff,0xff,0xff,0xff,0xff,0xff,0x00,0x00,0x00,0x00,0xff,0xff,0xff,0xff,0xff,0xff,0xff,0xff,0xff,0xff,0xff,0xff,
    0xff,0xff,0xff,0xff,0xff,0xff,0xff,0xff,0xff,0xff,0xff,0xff,0xff,0xff,0xff,0xff,0xff,0xff,0xff,0xff,0xff,0xff,0xff,0xff,
    0xff,0xff,0xff,0xff,0xff,0xff,0xff,0xff,0xff,0xff,0xff,0xff,0xff,0xff,0xff,0xff,0xff,0xff,0xff,0xff,0xff,0xff,0xff,0xff,
    0xff,0xff,0xff,0xff,0xff,0xff,0xff,0xff,0xff,0xff,0xff,0xff,0xff,0xff,0xff,0xff,0xff,0xff,0xff,0xff,0xff,0xff,0xff,0xff,
    0xff,0xff,0xff,0xff,0xff,0xff,0xff,0xff,0xff,0x00,0x00,0x00,0x00,0xff,0xff,0xff,0xff,0xff,0xff,0xff,0xff,0xff,0xff,0x00,
    0x00,0x00,0x00,0xff,0xff,0xff,0xff,0xff,0xff,0xff,0xff,0xff,0xff,0xff,0xff,0xff,0xff,0xff,0xff,0xff,0xff,0xff,0xff,0xff,
    0xff,0xff,0xff,0xff,0xff,0xff,0xff,0xff,0xff,0xff,0xff,0xff,0xff,0xff,0xff,0xff,0xff,0xff,0xff,0xff,0xff,0xff,0xff,0xff,
    0xff,0xff,0xff,0xff,0xff,0xff,0xff,0xff,0xff,0xff,0xff,0xff,0xff,0xff,0xff,0xff,0xff,0xff,0xff,0xff,0xff,0x00,0x00,0x00,
    0x00,0xff,0xff,0xff,0xff,0xff,0xff,0xff,0xff,0xff,0xff,0x00,0x00,0x00,0x00,0xff,0xff,0xff,0xff,0xff,0xff,0x00,0x00,0x00,
    0x00,0xff,0xff,0xff,0xff,0xff,0xff,0xff,0xff,0xff,0xff,0xff,0xff,0xff,0xff,0xff,0xff,0xff,0xff,0xff,0xff,0xff,0xff,0xff,
    0xff,0xff,0xff,0xff,0xff,0xff,0xff,0xff,0xff,0xff,0x00,0x00,0x00,0x00,0xff,0xff,0xff,0xff,0xff,0xff,0xff,0xff,0xff,0xff,
    0xff,0xff,0xff,0xff,0xff,0xff,0xff,0xff,0xff,0x00,0x00,0x00,0x00,0xff,0xff,0xff,0xff,0xff,0xff,0x00,0x00,0x00,0x00,0xff,
    0xff,0xff,0xff,0xff,0xff,0xff,0xff,0xff,0xff,0xff,0xff,0xff,0xff,0x00,0x00,0x00,0x00,0xff,0xff,0xff,0xff,0xff,0xff,0x00,
    0x00,0x00,0x00,0xff,0xff,0xff,0xff,0xff,0xff,0xff,0xff,0xff,0xff,0xff,0xff,0xff,0xff,0x00,0x00,0x00,0x00,0xff,0xff,0xff,
    0xff,0xff,0xff,0xff,0xff,0xff,0xff,0xff,0xff,0xff,0xff,0xff,0xff,0x00,0x00,0x00,0x00,0xff,0xff,0xff,0xff,0xff,0xff,0xff,
    0xff,0xff,0xff,0xff,0xff,0xff,0xff,0xff,0xff,0xff,0xff,0xff,0xff,0xff,0x00,0x00,0x00,0x00,0xff,0xff,0xff,0x00,0x00,0x00,
    0x00,0xff,0xff,0xff,0xff,0xff,0xff,0xff,0xff,0xff,0xff,0xff,0xff,0xff,0xff,0xff,0xff,0xff,0xff,0x00,0x00,0x00,0x00,0xff,
    0xff,0xff,0xff,0xff,0xff,0xff,0xff,0xff,0xff,0xff,0xff,0xff,0xff,0xff,0xff,0xff,0xff,0xff,0xff,0xff,0xff,0xff,0xff,0xff,
    0xff,0xff,0xff,0xff,0xff,0xff,0xff,0xff,0xff,0xff,0xff,0xff,0xff,0xff,0xff,0xff,0xff,0xff,0xff,0xff,0xff,0xff,0xff,0xff,
    0xff,0xff,0xff,0xff,0xff,0xff,0x00,0x00,0x00,0x00,0xff,0xff,0xff,0xff,0xff,0xff,0xff,0xff,0xff,0xff,0xff,0xff,0xff,0xff,
    0xff,0xff,0xff,0xff,0xff,0xff,0xff,0xff,0xff,0xff,0xff,0xff,0xff,0xff,0xff,0xff,0xff,0xff,0xff,0xff,0xff,0xff,0xff,0xff,
    0xff,0xff,0xff,0xff,0xff,0xff,0xff,0xff,0xff,0xff,0xff,0xff,0xff,0xff,0xff,0xff,0xff,0xff,0xff,0xff,0xff,0xff,0xff,0xff,
    0xff,0xff,0xff,0xff,0xff,0xff,0xff,0xff,0xff,0xff,0xff,0xff,0xff,0xff,0xff,0xff,0xff,0xff,0xff,0xff,0xff,0xff,0xff,0xff,
    0x00,0x00,0x00,0x00,0xff,0xff,0xff,0xff,0xff,0xff,0xff,0xff,0xff,0xff,0xff,0xff,0xff,0xff,0xff,0xff,0xff,0xff,0xff,0xff,
    0xff,0xff,0xff,0xff,0xff,0xff,0xff,0xff,0xff,0xff,0xff,0xff,0xff,0xff,0xff,0xff,0xff,0xff,0x00,0x00,0x00,0x00,0xff,0xff,
    0xff,0xff,0xff,0xff,0xff,0xff,0x00,0x00,0x00,0x00,0xff,0xff,0xff,0xff,0xff,0xff,0xff,0xff,0xff,0xff,0xff,0xff,0xff,0xff,
    0xff,0xff,0xff,0xff,0xff,0xff,0xff,0xff,0xff,0xff,0xff,0xff,0xff,0xff,0xff,0xff,0xff,0xff,0xff,0xff,0x00,0x00,0x00,0x00,
    0xff,0xff,0xff,0xff,0xff,0xff,0xff,0xff,0xff,0xff,0xff,0xff,0x00,0x00,0x00,0x00,0xff,0xff,0xff,0xff,0xff,0xff,0xff,0xff,
    0xff,0xff,0xff,0xff,0xff,0xff,0xff,0xff,0xff,0xff,0xff,0xff,0xff,0xff,0xff,0xff,0xff,0xff,0xff,0xff,0xff,0xff,0xff,0xff,
    0xff,0xff,0xff,0xff,0xff,0xff,0x00,0x00,0x00,0x00,0xff,0xff,0xff,0xff,0x00,0x00,0x00,0x00,0xff,0xff,0xff,0xff,0xff,0xff,
    0xff,0xff,0xff,0xff,0xff,0xff,0xff,0xff,0xff,0xff,0xff,0xff,0xff,0xff,0xff,0xff,0xff,0xff,0xff,0xff,0xff,0xff,0xff,0xff,
    0xff,0xff,0xff,0xff,0xff,0xff,0xff,0xff,0xff,0xff,0xff,0xff,0xff,0xff,0xff,0xff,0xff,0xff,0xff,0xff,0xff,0xff,0xff,
};
inline constexpr Reference kRefs11_0[] = {
    {37, 41, Section::Writable, Node::Count, Binding::CriticalSection, nullptr, 65535, 0, 4},
    {47, 51, Section::ReadOnly, Node::Count, Binding::None, "EnterCriticalSection", 65535, 0, 4},
    {78, 82, Section::ReadOnly, Node::Count, Binding::None, nullptr, 65535, 0, 4},
    {90, 94, Section::Code, Node::Count, Binding::None, nullptr, 1, 0, 4},
    {104, 108, Section::Code, Node::Count, Binding::None, nullptr, 1, 201, 4},
    {113, 117, Section::Code, Node::Count, Binding::None, nullptr, 1, 261, 4},
    {180, 184, Section::ReadOnly, Node::Count, Binding::None, "RtlLookupElementGenericTable", 65535, 0, 4},
    {194, 198, Section::Code, Node::Count, Binding::None, nullptr, 1, 279, 4},
    {211, 215, Section::Code, Node::Count, Binding::None, nullptr, 1, 287, 4},
    {234, 238, Section::Code, Node::SyncedData, Binding::None, nullptr, 65535, 0, 4},
    {244, 248, Section::Code, Node::Count, Binding::None, nullptr, 1, 304, 4},
    {257, 261, Section::Code, Node::Count, Binding::None, nullptr, 1, 317, 4},
    {283, 287, Section::Code, Node::Count, Binding::None, nullptr, 1, 622, 4},
    {296, 300, Section::Code, Node::Count, Binding::None, nullptr, 1, 622, 4},
    {320, 324, Section::Code, Node::Count, Binding::None, nullptr, 1, 622, 4},
    {417, 421, Section::ReadOnly, Node::Count, Binding::None, "RtlLookupElementGenericTable", 65535, 0, 4},
    {431, 435, Section::Code, Node::Count, Binding::None, nullptr, 1, 335, 4},
    {501, 505, Section::ReadOnly, Node::Count, Binding::None, "RtlLookupElementGenericTable", 65535, 0, 4},
    {515, 519, Section::Code, Node::Count, Binding::None, nullptr, 1, 211, 4},
    {525, 529, Section::Code, Node::Count, Binding::None, nullptr, 1, 211, 4},
    {562, 566, Section::Code, Node::Count, Binding::None, nullptr, 1, 343, 4},
    {585, 589, Section::Code, Node::InsertRelative, Binding::None, nullptr, 65535, 0, 4},
    {595, 599, Section::Code, Node::Count, Binding::None, nullptr, 1, 356, 4},
    {613, 617, Section::Code, Node::Count, Binding::None, nullptr, 65535, 0, 4},
    {623, 627, Section::Code, Node::Count, Binding::None, nullptr, 1, 369, 4},
    {641, 645, Section::Code, Node::Count, Binding::None, nullptr, 65535, 0, 4},
    {661, 665, Section::Code, Node::Count, Binding::None, nullptr, 1, 385, 4},
    {686, 690, Section::Code, Node::Count, Binding::None, nullptr, 1, 431, 4},
    {693, 697, Section::Writable, Node::Count, Binding::CriticalSection, nullptr, 65535, 0, 4},
    {715, 719, Section::ReadOnly, Node::Count, Binding::None, "LeaveCriticalSection", 65535, 0, 4},
    {774, 778, Section::Code, Node::Count, Binding::None, nullptr, 65535, 0, 4},
    {864, 868, Section::Code, Node::Count, Binding::None, nullptr, 65535, 0, 4},
    {906, 910, Section::Code, Node::Count, Binding::None, nullptr, 65535, 0, 4},
    {918, 922, Section::Writable, Node::Count, Binding::CriticalSection, nullptr, 65535, 0, 4},
    {956, 960, Section::Code, Node::Count, Binding::None, nullptr, 65535, 0, 4},
    {972, 976, Section::Code, Node::Count, Binding::None, nullptr, 1, 576, 4},
    {1014, 1018, Section::Code, Node::Count, Binding::None, nullptr, 65535, 0, 4},
    {1022, 1026, Section::Code, Node::Count, Binding::None, nullptr, 1, 592, 4},
};
inline constexpr unsigned char kBytes11_1[] = {
    0x48,0x8b,0x07,0x48,0x8b,0xcf,0x48,0x8b,0x40,0x10,0xff,0x15,0x00,0x00,0x00,0x00,0x48,0x85,0xc0,0x0f,0x84,0x00,0x00,0x00,
    0x00,0x48,0x8b,0x0d,0x00,0x00,0x00,0x00,0xba,0x00,0x03,0x00,0x00,0x48,0x8b,0x01,0x48,0x8b,0x40,0x10,0xff,0x15,0x00,0x00,
    0x00,0x00,0x48,0x85,0xc0,0x74,0x73,0x48,0x8b,0xc8,0xe8,0x00,0x00,0x00,0x00,0x48,0x8b,0xd8,0x48,0x85,0xc0,0x74,0x63,0x48,
    0x89,0x78,0x18,0x48,0x8b,0xd3,0x48,0x8b,0x07,0x48,0x8b,0xcf,0x48,0x8b,0x00,0xff,0x15,0x00,0x00,0x00,0x00,0x48,0x8b,0x07,
    0x48,0x8b,0xcf,0x48,0x8b,0x40,0x18,0xff,0x15,0x00,0x00,0x00,0x00,0x4c,0x8b,0xc3,0x48,0x8b,0xd7,0x49,0x8b,0xcd,0x48,0x89,
    0x43,0x28,0xe8,0x00,0x00,0x00,0x00,0x8b,0xf0,0x85,0xc0,0x0f,0x89,0x00,0x00,0x00,0x00,0x33,0xd2,0xc7,0x44,0x24,0x20,0x8f,
    0x08,0x00,0x00,0x44,0x8b,0xc8,0x45,0x33,0xc0,0x8d,0x4a,0x14,0xe8,0x00,0x00,0x00,0x00,0x48,0x8b,0x5d,0x6f,0xe9,0x00,0x00,
    0x00,0x00,0x33,0xd2,0xc7,0x44,0x24,0x20,0x8b,0x08,0x00,0x00,0xbe,0x0e,0x00,0x07,0x80,0x45,0x33,0xc0,0x44,0x8b,0xce,0x8d,
    0x4a,0x14,0xe8,0x00,0x00,0x00,0x00,0x8b,0xfe,0xc7,0x44,0x24,0x20,0x2b,0x0c,0x00,0x00,0xeb,0x0f,0xbe,0x0e,0x00,0x07,0x80,
    0xc7,0x44,0x24,0x20,0x49,0x0c,0x00,0x00,0x8b,0xfe,0x44,0x8b,0xce,0xeb,0x0b,0xc7,0x44,0x24,0x20,0x6a,0x0c,0x00,0x00,0x44,
    0x8b,0xc8,0x33,0xd2,0x45,0x33,0xc0,0x8d,0x4a,0x14,0xe8,0x00,0x00,0x00,0x00,0x90,0xe9,0x00,0x00,0x00,0x00,0xbf,0x06,0x00,
    0x07,0x80,0xc7,0x44,0x24,0x20,0x2d,0x0c,0x00,0x00,0x44,0x8b,0xcf,0xeb,0xdb,0x49,0x8b,0xde,0xe9,0x00,0x00,0x00,0x00,0xbe,
    0x0e,0x00,0x07,0x80,0xc7,0x44,0x24,0x20,0x30,0x0c,0x00,0x00,0x8b,0xfe,0xeb,0xb2,0xc7,0x44,0x24,0x20,0x36,0x0c,0x00,0x00,
    0x44,0x8b,0xc8,0xeb,0xb5,0xbf,0x06,0x00,0x07,0x80,0xc7,0x44,0x24,0x20,0x39,0x0c,0x00,0x00,0x44,0x8b,0xcf,0xeb,0xa3,0x4d,
    0x8b,0xfe,0xe9,0x00,0x00,0x00,0x00,0x4c,0x39,0x70,0x18,0x48,0x0f,0x45,0xf8,0xe9,0x00,0x00,0x00,0x00,0xc7,0x44,0x24,0x20,
    0x63,0x0c,0x00,0x00,0x44,0x8b,0xc8,0xeb,0x81,0xc7,0x44,0x24,0x20,0x64,0x0c,0x00,0x00,0x44,0x8b,0xc8,0xe9,0x71,0xff,0xff,
    0xff,0x4c,0x8b,0x82,0x80,0x01,0x00,0x00,0x49,0x8d,0x4f,0x20,0x48,0x8b,0xd0,0xc6,0x44,0x24,0x20,0x01,0x41,0xb1,0x01,0xe8,
    0x00,0x00,0x00,0x00,0x8b,0xf8,0x85,0xc0,0x0f,0x88,0x41,0xff,0xff,0xff,0x48,0x8b,0x55,0x6f,0xe9,0x00,0x00,0x00,0x00,0x48,
    0x8d,0x4d,0x7f,0x4c,0x89,0x75,0x7f,0xe8,0x00,0x00,0x00,0x00,0x48,0x8b,0x55,0x6f,0x4c,0x8d,0x4d,0x7f,0x45,0x33,0xc0,0x49,
    0x8b,0xcd,0x48,0x8b,0x52,0x78,0xe8,0x00,0x00,0x00,0x00,0x8b,0xf8,0x85,0xc0,0x79,0x27,0x33,0xd2,0xc7,0x44,0x24,0x20,0x71,
    0x0c,0x00,0x00,0x44,0x8b,0xc8,0x45,0x33,0xc0,0x8d,0x4a,0x14,0xe8,0x00,0x00,0x00,0x00,0x48,0x8d,0x4d,0x7f,0xe8,0x00,0x00,
    0x00,0x00,0x90,0xe9,0x00,0x00,0x00,0x00,0x4c,0x8d,0x2d,0x00,0x00,0x00,0x00,0x49,0x8b,0xcd,0x4c,0x89,0x6c,0x24,0x30,0x48,
    0xff,0x15,0x00,0x00,0x00,0x00,0x0f,0x1f,0x44,0x00,0x00,0x48,0x8b,0x4d,0x7f,0xe8,0x00,0x00,0x00,0x00,0x48,0x8d,0x4c,0x24,
    0x30,0xe8,0x00,0x00,0x00,0x00,0x48,0x8d,0x4d,0x7f,0xe8,0x00,0x00,0x00,0x00,0x48,0x8b,0x55,0x6f,0xe9,0x00,0x00,0x00,0x00,
    0xc7,0x44,0x24,0x20,0xb5,0x00,0x00,0x00,0x41,0xb9,0x16,0x02,0x07,0x80,0xeb,0x0b,0xc7,0x44,0x24,0x20,0xc0,0x00,0x00,0x00,
    0x44,0x8b,0xc8,0x33,0xd2,0x45,0x33,0xc0,0x8d,0x4a,0x14,0xe8,0x00,0x00,0x00,0x00,0x90,0xe9,0x00,0x00,0x00,0x00,0xb9,0x03,
    0x00,0x00,0x00,0xcd,0x29,
};
inline constexpr unsigned char kMask11_1[] = {
    0xff,0xff,0xff,0xff,0xff,0xff,0xff,0xff,0xff,0xff,0xff,0xff,0x00,0x00,0x00,0x00,0xff,0xff,0xff,0xff,0xff,0x00,0x00,0x00,
    0x00,0xff,0xff,0xff,0x00,0x00,0x00,0x00,0xff,0xff,0xff,0xff,0xff,0xff,0xff,0xff,0xff,0xff,0xff,0xff,0xff,0xff,0x00,0x00,
    0x00,0x00,0xff,0xff,0xff,0xff,0xff,0xff,0xff,0xff,0xff,0x00,0x00,0x00,0x00,0xff,0xff,0xff,0xff,0xff,0xff,0xff,0xff,0xff,
    0xff,0xff,0xff,0xff,0xff,0xff,0xff,0xff,0xff,0xff,0xff,0xff,0xff,0xff,0xff,0xff,0xff,0x00,0x00,0x00,0x00,0xff,0xff,0xff,
    0xff,0xff,0xff,0xff,0xff,0xff,0xff,0xff,0xff,0x00,0x00,0x00,0x00,0xff,0xff,0xff,0xff,0xff,0xff,0xff,0xff,0xff,0xff,0xff,
    0xff,0xff,0xff,0x00,0x00,0x00,0x00,0xff,0xff,0xff,0xff,0xff,0xff,0x00,0x00,0x00,0x00,0xff,0xff,0xff,0xff,0xff,0xff,0xff,
    0xff,0xff,0xff,0xff,0xff,0xff,0xff,0xff,0xff,0xff,0xff,0xff,0xff,0x00,0x00,0x00,0x00,0xff,0xff,0xff,0xff,0xff,0x00,0x00,
    0x00,0x00,0xff,0xff,0xff,0xff,0xff,0xff,0xff,0xff,0xff,0xff,0xff,0xff,0xff,0xff,0xff,0xff,0xff,0xff,0xff,0xff,0xff,0xff,
    0xff,0xff,0xff,0x00,0x00,0x00,0x00,0xff,0xff,0xff,0xff,0xff,0xff,0xff,0xff,0xff,0xff,0xff,0xff,0xff,0xff,0xff,0xff,0xff,
    0xff,0xff,0xff,0xff,0xff,0xff,0xff,0xff,0xff,0xff,0xff,0xff,0xff,0xff,0xff,0xff,0xff,0xff,0xff,0xff,0xff,0xff,0xff,0xff,
    0xff,0xff,0xff,0xff,0xff,0xff,0xff,0xff,0xff,0xff,0xff,0x00,0x00,0x00,0x00,0xff,0xff,0x00,0x00,0x00,0x00,0xff,0xff,0xff,
    0xff,0xff,0xff,0xff,0xff,0xff,0xff,0xff,0xff,0xff,0xff,0xff,0xff,0xff,0xff,0xff,0xff,0xff,0xff,0x00,0x00,0x00,0x00,0xff,
    0xff,0xff,0xff,0xff,0xff,0xff,0xff,0xff,0xff,0xff,0xff,0xff,0xff,0xff,0xff,0xff,0xff,0xff,0xff,0xff,0xff,0xff,0xff,0xff,
    0xff,0xff,0xff,0xff,0xff,0xff,0xff,0xff,0xff,0xff,0xff,0xff,0xff,0xff,0xff,0xff,0xff,0xff,0xff,0xff,0xff,0xff,0xff,0xff,
    0xff,0xff,0xff,0x00,0x00,0x00,0x00,0xff,0xff,0xff,0xff,0xff,0xff,0xff,0xff,0xff,0x00,0x00,0x00,0x00,0xff,0xff,0xff,0xff,
    0xff,0xff,0xff,0xff,0xff,0xff,0xff,0xff,0xff,0xff,0xff,0xff,0xff,0xff,0xff,0xff,0xff,0xff,0xff,0xff,0xff,0xff,0xff,0xff,
    0xff,0xff,0xff,0xff,0xff,0xff,0xff,0xff,0xff,0xff,0xff,0xff,0xff,0xff,0xff,0xff,0xff,0xff,0xff,0xff,0xff,0xff,0xff,0xff,
    0x00,0x00,0x00,0x00,0xff,0xff,0xff,0xff,0xff,0xff,0xff,0xff,0xff,0xff,0xff,0xff,0xff,0xff,0xff,0x00,0x00,0x00,0x00,0xff,
    0xff,0xff,0xff,0xff,0xff,0xff,0xff,0xff,0x00,0x00,0x00,0x00,0xff,0xff,0xff,0xff,0xff,0xff,0xff,0xff,0xff,0xff,0xff,0xff,
    0xff,0xff,0xff,0xff,0xff,0xff,0xff,0x00,0x00,0x00,0x00,0xff,0xff,0xff,0xff,0xff,0xff,0xff,0xff,0xff,0xff,0xff,0xff,0xff,
    0xff,0xff,0xff,0xff,0xff,0xff,0xff,0xff,0xff,0xff,0xff,0xff,0xff,0x00,0x00,0x00,0x00,0xff,0xff,0xff,0xff,0xff,0x00,0x00,
    0x00,0x00,0xff,0xff,0x00,0x00,0x00,0x00,0xff,0xff,0xff,0x00,0x00,0x00,0x00,0xff,0xff,0xff,0xff,0xff,0xff,0xff,0xff,0xff,
    0xff,0xff,0x00,0x00,0x00,0x00,0xff,0xff,0xff,0xff,0xff,0xff,0xff,0xff,0xff,0xff,0x00,0x00,0x00,0x00,0xff,0xff,0xff,0xff,
    0xff,0xff,0x00,0x00,0x00,0x00,0xff,0xff,0xff,0xff,0xff,0x00,0x00,0x00,0x00,0xff,0xff,0xff,0xff,0xff,0x00,0x00,0x00,0x00,
    0xff,0xff,0xff,0xff,0xff,0xff,0xff,0xff,0xff,0xff,0xff,0xff,0xff,0xff,0xff,0xff,0xff,0xff,0xff,0xff,0xff,0xff,0xff,0xff,
    0xff,0xff,0xff,0xff,0xff,0xff,0xff,0xff,0xff,0xff,0xff,0xff,0x00,0x00,0x00,0x00,0xff,0xff,0x00,0x00,0x00,0x00,0xff,0xff,
    0xff,0xff,0xff,0xff,0xff,
};
inline constexpr Reference kRefs11_1[] = {
    {12, 16, Section::ReadOnly, Node::Count, Binding::None, nullptr, 65535, 0, 4},
    {21, 25, Section::Code, Node::Count, Binding::None, nullptr, 0, 94, 4},
    {28, 32, Section::Writable, Node::Count, Binding::None, nullptr, 65535, 0, 4},
    {46, 50, Section::ReadOnly, Node::Count, Binding::None, nullptr, 65535, 0, 4},
    {59, 63, Section::Code, Node::Count, Binding::None, nullptr, 65535, 0, 4},
    {89, 93, Section::ReadOnly, Node::Count, Binding::None, nullptr, 65535, 0, 4},
    {105, 109, Section::ReadOnly, Node::Count, Binding::None, nullptr, 65535, 0, 4},
    {123, 127, Section::Code, Node::Count, Binding::None, nullptr, 65535, 0, 4},
    {133, 137, Section::Code, Node::Count, Binding::None, nullptr, 0, 94, 4},
    {157, 161, Section::Code, Node::Count, Binding::None, nullptr, 65535, 0, 4},
    {166, 170, Section::Code, Node::Count, Binding::None, nullptr, 0, 98, 4},
    {195, 199, Section::Code, Node::Count, Binding::None, nullptr, 65535, 0, 4},
    {251, 255, Section::Code, Node::Count, Binding::None, nullptr, 65535, 0, 4},
    {257, 261, Section::Code, Node::Count, Binding::None, nullptr, 0, 915, 4},
    {283, 287, Section::Code, Node::Count, Binding::None, nullptr, 0, 202, 4},
    {339, 343, Section::Code, Node::Count, Binding::None, nullptr, 0, 439, 4},
    {352, 356, Section::Code, Node::Count, Binding::None, nullptr, 0, 566, 4},
    {408, 412, Section::Code, Node::InsertRelative, Binding::None, nullptr, 65535, 0, 4},
    {427, 431, Section::Code, Node::Count, Binding::None, nullptr, 0, 665, 4},
    {440, 444, Section::Code, Node::Count, Binding::None, nullptr, 65535, 0, 4},
    {463, 467, Section::Code, Node::Count, Binding::None, nullptr, 65535, 0, 4},
    {493, 497, Section::Code, Node::Count, Binding::None, nullptr, 65535, 0, 4},
    {502, 506, Section::Code, Node::Count, Binding::None, nullptr, 65535, 0, 4},
    {508, 512, Section::Code, Node::Count, Binding::None, nullptr, 0, 915, 4},
    {515, 519, Section::Writable, Node::Count, Binding::CriticalSection, nullptr, 65535, 0, 4},
    {530, 534, Section::ReadOnly, Node::Count, Binding::None, "EnterCriticalSection", 65535, 0, 4},
    {544, 548, Section::Code, Node::Count, Binding::None, nullptr, 65535, 0, 4},
    {554, 558, Section::Code, Node::Count, Binding::None, nullptr, 65535, 0, 4},
    {563, 567, Section::Code, Node::Count, Binding::None, nullptr, 65535, 0, 4},
    {572, 576, Section::Code, Node::Count, Binding::None, nullptr, 0, 697, 4},
    {612, 616, Section::Code, Node::Count, Binding::None, nullptr, 65535, 0, 4},
    {618, 622, Section::Code, Node::Count, Binding::None, nullptr, 0, 709, 4},
};
inline constexpr Fragment kFragments11[] = {
    {kBytes11_1, kMask11_1, 629, kRefs11_1, 32},
};
// UpdateScene
inline constexpr unsigned char kBytes12_0[] = {
    0x40,0x53,0x55,0x56,0x57,0x41,0x54,0x48,0x83,0xec,0x60,0x48,0x8b,0x05,0x00,0x00,0x00,0x00,0x48,0x33,0xc4,0x48,0x89,0x44,
    0x24,0x50,0x48,0x8b,0xe9,0x45,0x33,0xe4,0x48,0x8d,0x0d,0x00,0x00,0x00,0x00,0x44,0x89,0x64,0x24,0x30,0x41,0x8b,0xf4,0x48,
    0xff,0x15,0x00,0x00,0x00,0x00,0x0f,0x1f,0x44,0x00,0x00,0x48,0x8b,0x1d,0x00,0x00,0x00,0x00,0x48,0xff,0x15,0x00,0x00,0x00,
    0x00,0x0f,0x1f,0x44,0x00,0x00,0x3b,0x83,0x90,0x02,0x00,0x00,0x74,0x00,0x48,0x8b,0x15,0x00,0x00,0x00,0x00,0x45,0x8b,0xc4,
    0x48,0x8b,0x82,0xf0,0x00,0x00,0x00,0x8b,0x48,0x28,0x85,0xc9,0x0f,0x85,0x00,0x00,0x00,0x00,
};
inline constexpr unsigned char kMask12_0[] = {
    0xff,0xff,0xff,0xff,0xff,0xff,0xff,0xff,0xff,0xff,0xff,0xff,0xff,0xff,0x00,0x00,0x00,0x00,0xff,0xff,0xff,0xff,0xff,0xff,
    0xff,0xff,0xff,0xff,0xff,0xff,0xff,0xff,0xff,0xff,0xff,0x00,0x00,0x00,0x00,0xff,0xff,0xff,0xff,0xff,0xff,0xff,0xff,0xff,
    0xff,0xff,0x00,0x00,0x00,0x00,0xff,0xff,0xff,0xff,0xff,0xff,0xff,0xff,0x00,0x00,0x00,0x00,0xff,0xff,0xff,0x00,0x00,0x00,
    0x00,0xff,0xff,0xff,0xff,0xff,0xff,0xff,0xff,0xff,0xff,0xff,0xff,0x00,0xff,0xff,0xff,0x00,0x00,0x00,0x00,0xff,0xff,0xff,
    0xff,0xff,0xff,0xff,0xff,0xff,0xff,0xff,0xff,0xff,0xff,0xff,0xff,0xff,0x00,0x00,0x00,0x00,
};
inline constexpr Reference kRefs12_0[] = {
    {14, 18, Section::Writable, Node::Count, Binding::None, nullptr, 65535, 0, 4},
    {35, 39, Section::Writable, Node::Count, Binding::CriticalSection, nullptr, 65535, 0, 4},
    {50, 54, Section::ReadOnly, Node::Count, Binding::None, "EnterCriticalSection", 65535, 0, 4},
    {62, 66, Section::Writable, Node::Count, Binding::DesktopManager, nullptr, 65535, 0, 4},
    {69, 73, Section::ReadOnly, Node::Count, Binding::None, "GetCurrentThreadId", 65535, 0, 4},
    {85, 86, Section::Code, Node::Count, Binding::None, nullptr, 1, 0, 1},
    {89, 93, Section::Writable, Node::Count, Binding::DesktopManager, nullptr, 65535, 0, 4},
    {110, 114, Section::Code, Node::Count, Binding::None, nullptr, 9, 0, 4},
};
inline constexpr unsigned char kBytes12_1[] = {
    0x4c,0x89,0xac,0x24,0x98,0x00,0x00,0x00,0x48,0x8d,0x0d,0x00,0x00,0x00,0x00,
};
inline constexpr unsigned char kMask12_1[] = {
    0xff,0xff,0xff,0xff,0xff,0xff,0xff,0xff,0xff,0xff,0xff,0x00,0x00,0x00,0x00,
};
inline constexpr Reference kRefs12_1[] = {
    {11, 15, Section::Writable, Node::Count, Binding::CriticalSection, nullptr, 65535, 0, 4},
};
inline constexpr unsigned char kBytes12_2[] = {
    0x4c,0x89,0xbc,0x24,0xa8,0x00,0x00,0x00,0x48,0xff,0x15,0x00,0x00,0x00,0x00,0x0f,0x1f,0x44,0x00,0x00,0x48,0x8b,0x1d,0x00,
    0x00,0x00,0x00,0x41,0x8b,0xfc,0x4c,0x89,0x64,0x24,0x38,0x4c,0x8b,0xab,0xf8,0x00,0x00,0x00,0x39,0xb3,0x08,0x03,0x00,0x00,
    0x0f,0x87,0x00,0x00,0x00,0x00,0x48,0x8d,0x54,0x24,0x38,0x48,0x8d,0x4d,0x08,0x48,0xff,0x15,0x00,0x00,0x00,0x00,0x0f,0x1f,
    0x44,0x00,0x00,0x48,0x8b,0xf8,0x48,0x85,0xc0,0x0f,0x84,0x00,0x00,0x00,0x00,0x48,0x8b,0x5c,0x24,0x38,
};
inline constexpr unsigned char kMask12_2[] = {
    0xff,0xff,0xff,0xff,0xff,0xff,0xff,0xff,0xff,0xff,0xff,0x00,0x00,0x00,0x00,0xff,0xff,0xff,0xff,0xff,0xff,0xff,0xff,0x00,
    0x00,0x00,0x00,0xff,0xff,0xff,0xff,0xff,0xff,0xff,0xff,0xff,0xff,0xff,0xff,0xff,0xff,0xff,0xff,0xff,0xff,0xff,0xff,0xff,
    0xff,0xff,0x00,0x00,0x00,0x00,0xff,0xff,0xff,0xff,0xff,0xff,0xff,0xff,0xff,0xff,0xff,0xff,0x00,0x00,0x00,0x00,0xff,0xff,
    0xff,0xff,0xff,0xff,0xff,0xff,0xff,0xff,0xff,0xff,0xff,0x00,0x00,0x00,0x00,0xff,0xff,0xff,0xff,0xff,
};
inline constexpr Reference kRefs12_2[] = {
    {11, 15, Section::ReadOnly, Node::Count, Binding::None, "EnterCriticalSection", 65535, 0, 4},
    {23, 27, Section::Writable, Node::Count, Binding::DesktopManager, nullptr, 65535, 0, 4},
    {50, 54, Section::Code, Node::Count, Binding::None, nullptr, 13, 0, 4},
    {66, 70, Section::ReadOnly, Node::Count, Binding::None, "RtlEnumerateGenericTableWithoutSplaying", 65535, 0, 4},
    {83, 87, Section::Code, Node::Count, Binding::None, nullptr, 4, 0, 4},
};
inline constexpr unsigned char kBytes12_3[] = {
    0x4c,0x89,0xb4,0x24,0xa0,0x00,0x00,0x00,0x48,0x8b,0x57,0x18,0x48,0x85,0xd2,0x74,0x05,0xe8,0x00,0x00,0x00,0x00,0x48,0x8b,
    0x57,0x28,0x48,0x85,0xd2,0x0f,0x85,0x00,0x00,0x00,0x00,0x48,0x8b,0x7f,0x38,0x48,0x85,0xff,0x0f,0x84,0x83,0x00,0x00,0x00,
    0x48,0x8b,0x47,0x60,0x48,0x85,0xc0,0x74,0x7a,0x4c,0x39,0x60,0x10,0x0f,0x84,0x00,0x00,0x00,0x00,0x4c,0x39,0x60,0x30,0x0f,
    0x84,0x00,0x00,0x00,0x00,0x48,0x8b,0x58,0x18,0x83,0xce,0x01,0x48,0x85,0xdb,0x0f,0x84,0x00,0x00,0x00,0x00,0x48,0x8b,0x03,
    0x48,0x8b,0xcb,0x48,0x8b,0x40,0x08,0xff,0x15,0x00,0x00,0x00,0x00,0x41,0xb6,0x01,0x40,0xf6,0xc6,0x01,0x74,0x1b,0x83,0xe6,
    0xfe,0x48,0x8b,0xcb,0x48,0x85,0xdb,0x74,0x10,0x48,0x8b,0x01,0x49,0x8b,0xdc,0x48,0x8b,0x40,0x10,0xff,0x15,0x00,0x00,0x00,
    0x00,0x45,0x84,0xf6,0x74,0x1d,0x48,0x8b,0x47,0x60,0x48,0x8b,0x48,0x10,0x48,0x8b,0x01,0x48,0x8b,0x40,0x40,0xff,0x15,0x00,
    0x00,0x00,0x00,0x85,0xc0,0x0f,0x88,0x00,0x00,0x00,0x00,0x48,0x8d,0x54,0x24,0x38,0x48,0x8d,0x4d,0x08,0x48,0xff,0x15,0x00,
    0x00,0x00,0x00,0x0f,0x1f,0x44,0x00,0x00,0x48,0x8b,0xf8,0x48,0x85,0xc0,0x0f,0x85,0x34,0xff,0xff,0xff,0x4c,0x8b,0xb4,0x24,
    0xa0,0x00,0x00,0x00,
};
inline constexpr unsigned char kMask12_3[] = {
    0xff,0xff,0xff,0xff,0xff,0xff,0xff,0xff,0xff,0xff,0xff,0xff,0xff,0xff,0xff,0xff,0xff,0xff,0x00,0x00,0x00,0x00,0xff,0xff,
    0xff,0xff,0xff,0xff,0xff,0xff,0xff,0x00,0x00,0x00,0x00,0xff,0xff,0xff,0xff,0xff,0xff,0xff,0xff,0xff,0xff,0xff,0xff,0xff,
    0xff,0xff,0xff,0xff,0xff,0xff,0xff,0xff,0xff,0xff,0xff,0xff,0xff,0xff,0xff,0x00,0x00,0x00,0x00,0xff,0xff,0xff,0xff,0xff,
    0xff,0x00,0x00,0x00,0x00,0xff,0xff,0xff,0xff,0xff,0xff,0xff,0xff,0xff,0xff,0xff,0xff,0x00,0x00,0x00,0x00,0xff,0xff,0xff,
    0xff,0xff,0xff,0xff,0xff,0xff,0xff,0xff,0xff,0x00,0x00,0x00,0x00,0xff,0xff,0xff,0xff,0xff,0xff,0xff,0xff,0xff,0xff,0xff,
    0xff,0xff,0xff,0xff,0xff,0xff,0xff,0xff,0xff,0xff,0xff,0xff,0xff,0xff,0xff,0xff,0xff,0xff,0xff,0xff,0xff,0x00,0x00,0x00,
    0x00,0xff,0xff,0xff,0xff,0xff,0xff,0xff,0xff,0xff,0xff,0xff,0xff,0xff,0xff,0xff,0xff,0xff,0xff,0xff,0xff,0xff,0xff,0x00,
    0x00,0x00,0x00,0xff,0xff,0xff,0xff,0x00,0x00,0x00,0x00,0xff,0xff,0xff,0xff,0xff,0xff,0xff,0xff,0xff,0xff,0xff,0xff,0x00,
    0x00,0x00,0x00,0xff,0xff,0xff,0xff,0xff,0xff,0xff,0xff,0xff,0xff,0xff,0xff,0xff,0xff,0xff,0xff,0xff,0xff,0xff,0xff,0xff,
    0xff,0xff,0xff,0xff,
};
inline constexpr Reference kRefs12_3[] = {
    {18, 22, Section::Code, Node::Count, Binding::None, nullptr, 65535, 0, 4},
    {31, 35, Section::Code, Node::Count, Binding::None, nullptr, 7, 0, 4},
    {63, 67, Section::Code, Node::Count, Binding::None, nullptr, 14, 0, 4},
    {73, 77, Section::Code, Node::Count, Binding::None, nullptr, 14, 0, 4},
    {89, 93, Section::Code, Node::Count, Binding::None, nullptr, 14, 0, 4},
    {105, 109, Section::ReadOnly, Node::Count, Binding::None, nullptr, 65535, 0, 4},
    {141, 145, Section::ReadOnly, Node::Count, Binding::None, nullptr, 65535, 0, 4},
    {167, 171, Section::ReadOnly, Node::Count, Binding::None, nullptr, 65535, 0, 4},
    {175, 179, Section::Code, Node::Count, Binding::None, nullptr, 14, 8, 4},
    {191, 195, Section::ReadOnly, Node::Count, Binding::None, "RtlEnumerateGenericTableWithoutSplaying", 65535, 0, 4},
};
inline constexpr unsigned char kBytes12_4[] = {
    0x48,0x8b,0x95,0xf0,0x01,0x00,0x00,0x4c,0x8b,0xbc,0x24,0xa8,0x00,0x00,0x00,0x48,0x85,0xd2,0x0f,0x85,0x00,0x00,0x00,0x00,
};
inline constexpr unsigned char kMask12_4[] = {
    0xff,0xff,0xff,0xff,0xff,0xff,0xff,0xff,0xff,0xff,0xff,0xff,0xff,0xff,0xff,0xff,0xff,0xff,0xff,0xff,0x00,0x00,0x00,0x00,
};
inline constexpr Reference kRefs12_4[] = {
    {20, 24, Section::Code, Node::Count, Binding::None, nullptr, 15, 0, 4},
};
inline constexpr unsigned char kBytes12_5[] = {
    0x48,0x8b,0x95,0xf8,0x01,0x00,0x00,0x48,0x85,0xd2,0x0f,0x85,0x00,0x00,0x00,0x00,0x48,0x8b,0x85,0x08,0x02,0x00,0x00,0x48,
    0x85,0xc0,0x74,0x0d,0x48,0x8b,0x50,0x30,0x48,0x85,0xd2,0x0f,0x85,0x00,0x00,0x00,0x00,0x4d,0x85,0xed,0x74,0x0a,0x4d,0x39,
    0x65,0x08,0x0f,0x85,0x00,0x00,0x00,0x00,0x48,0x8b,0x05,0x00,0x00,0x00,0x00,0x48,0x8b,0x88,0x08,0x02,0x00,0x00,0x48,0x8b,
    0x01,0x48,0x8b,0x40,0x58,0xff,0x15,0x00,0x00,0x00,0x00,0xf6,0x05,0x00,0x00,0x00,0x00,0x01,0x4c,0x8b,0xac,0x24,0x98,0x00,
    0x00,0x00,0x0f,0x85,0x00,0x00,0x00,0x00,
};
inline constexpr unsigned char kMask12_5[] = {
    0xff,0xff,0xff,0xff,0xff,0xff,0xff,0xff,0xff,0xff,0xff,0xff,0x00,0x00,0x00,0x00,0xff,0xff,0xff,0xff,0xff,0xff,0xff,0xff,
    0xff,0xff,0xff,0xff,0xff,0xff,0xff,0xff,0xff,0xff,0xff,0xff,0xff,0x00,0x00,0x00,0x00,0xff,0xff,0xff,0xff,0xff,0xff,0xff,
    0xff,0xff,0xff,0xff,0x00,0x00,0x00,0x00,0xff,0xff,0xff,0x00,0x00,0x00,0x00,0xff,0xff,0xff,0xff,0xff,0xff,0xff,0xff,0xff,
    0xff,0xff,0xff,0xff,0xff,0xff,0xff,0x00,0x00,0x00,0x00,0xff,0xff,0x00,0x00,0x00,0x00,0xff,0xff,0xff,0xff,0xff,0xff,0xff,
    0xff,0xff,0xff,0xff,0x00,0x00,0x00,0x00,
};
inline constexpr Reference kRefs12_5[] = {
    {12, 16, Section::Code, Node::Count, Binding::None, nullptr, 15, 21, 4},
    {37, 41, Section::Code, Node::Count, Binding::None, nullptr, 10, 0, 4},
    {52, 56, Section::Code, Node::Count, Binding::None, nullptr, 8, 0, 4},
    {59, 63, Section::Writable, Node::Count, Binding::DesktopManager, nullptr, 65535, 0, 4},
    {79, 83, Section::ReadOnly, Node::Count, Binding::None, nullptr, 65535, 0, 4},
    {85, 90, Section::Writable, Node::Count, Binding::None, nullptr, 65535, 0, 4},
    {100, 104, Section::Code, Node::Count, Binding::None, nullptr, 16, 0, 4},
};
inline constexpr unsigned char kBytes12_6[] = {
    0x48,0x8b,0x95,0x48,0x02,0x00,0x00,0x48,0x8d,0x42,0xff,0x48,0x83,0xf8,0xfd,0x76,0x07,0x48,0x8b,0x95,0x38,0x02,0x00,0x00,
    0x48,0x8b,0x05,0x00,0x00,0x00,0x00,0x48,0x8b,0x48,0x28,0x48,0x8b,0x49,0x10,0x48,0x8b,0x01,0x48,0x8b,0x40,0x20,0xff,0x15,
    0x00,0x00,0x00,0x00,0x85,0xc0,0x0f,0x88,0x00,0x00,0x00,0x00,0x48,0x8b,0x8d,0x38,0x02,0x00,0x00,0x44,0x88,0xa5,0x5a,0x02,
    0x00,0x00,0x48,0x85,0xc9,0x0f,0x85,0x00,0x00,0x00,0x00,0x48,0x8b,0xbd,0x48,0x02,0x00,0x00,0x48,0x8d,0x47,0xff,0x48,0x83,
    0xf8,0xfd,0x0f,0x86,0x00,0x00,0x00,0x00,0x4c,0x89,0xa5,0x48,0x02,0x00,0x00,0xe8,0x00,0x00,0x00,0x00,0x85,0xc0,0x78,0x28,
    0x48,0x8b,0x05,0x00,0x00,0x00,0x00,0x48,0x8b,0x88,0xd8,0x00,0x00,0x00,0x48,0x85,0xc9,0x74,0x15,0x48,0x8b,0x01,0x48,0x8b,
    0x40,0x18,0xff,0x15,0x00,0x00,0x00,0x00,0x85,0xc0,0x0f,0x88,0x00,0x00,0x00,0x00,0x48,0x8d,0x0d,0x00,0x00,0x00,0x00,0x48,
    0xff,0x15,0x00,0x00,0x00,0x00,0x0f,0x1f,0x44,0x00,0x00,0x48,0x8d,0x0d,0x00,0x00,0x00,0x00,0x48,0xff,0x15,0x00,0x00,0x00,
    0x00,0x0f,0x1f,0x44,0x00,0x00,0x33,0xc0,0x48,0x8b,0x4c,0x24,0x50,0x48,0x33,0xcc,0xe8,0x00,0x00,0x00,0x00,0x48,0x83,0xc4,
    0x60,0x41,0x5c,0x5f,0x5e,0x5d,0x5b,0xc3,
};
inline constexpr unsigned char kMask12_6[] = {
    0xff,0xff,0xff,0xff,0xff,0xff,0xff,0xff,0xff,0xff,0xff,0xff,0xff,0xff,0xff,0xff,0xff,0xff,0xff,0xff,0xff,0xff,0xff,0xff,
    0xff,0xff,0xff,0x00,0x00,0x00,0x00,0xff,0xff,0xff,0xff,0xff,0xff,0xff,0xff,0xff,0xff,0xff,0xff,0xff,0xff,0xff,0xff,0xff,
    0x00,0x00,0x00,0x00,0xff,0xff,0xff,0xff,0x00,0x00,0x00,0x00,0xff,0xff,0xff,0xff,0xff,0xff,0xff,0xff,0xff,0xff,0xff,0xff,
    0xff,0xff,0xff,0xff,0xff,0xff,0xff,0x00,0x00,0x00,0x00,0xff,0xff,0xff,0xff,0xff,0xff,0xff,0xff,0xff,0xff,0xff,0xff,0xff,
    0xff,0xff,0xff,0xff,0x00,0x00,0x00,0x00,0xff,0xff,0xff,0xff,0xff,0xff,0xff,0xff,0x00,0x00,0x00,0x00,0xff,0xff,0xff,0xff,
    0xff,0xff,0xff,0x00,0x00,0x00,0x00,0xff,0xff,0xff,0xff,0xff,0xff,0xff,0xff,0xff,0xff,0xff,0xff,0xff,0xff,0xff,0xff,0xff,
    0xff,0xff,0xff,0xff,0x00,0x00,0x00,0x00,0xff,0xff,0xff,0xff,0x00,0x00,0x00,0x00,0xff,0xff,0xff,0x00,0x00,0x00,0x00,0xff,
    0xff,0xff,0x00,0x00,0x00,0x00,0xff,0xff,0xff,0xff,0xff,0xff,0xff,0xff,0x00,0x00,0x00,0x00,0xff,0xff,0xff,0x00,0x00,0x00,
    0x00,0xff,0xff,0xff,0xff,0xff,0xff,0xff,0xff,0xff,0xff,0xff,0xff,0xff,0xff,0xff,0xff,0x00,0x00,0x00,0x00,0xff,0xff,0xff,
    0xff,0xff,0xff,0xff,0xff,0xff,0xff,0xff,
};
inline constexpr Reference kRefs12_6[] = {
    {27, 31, Section::Writable, Node::Count, Binding::DesktopManager, nullptr, 65535, 0, 4},
    {48, 52, Section::ReadOnly, Node::Count, Binding::None, nullptr, 65535, 0, 4},
    {56, 60, Section::Code, Node::Count, Binding::None, nullptr, 16, 41, 4},
    {79, 83, Section::Code, Node::Count, Binding::None, nullptr, 16, 75, 4},
    {100, 104, Section::Code, Node::Count, Binding::None, nullptr, 16, 144, 4},
    {112, 116, Section::Code, Node::Count, Binding::None, nullptr, 65535, 0, 4},
    {123, 127, Section::Writable, Node::Count, Binding::DesktopManager, nullptr, 65535, 0, 4},
    {148, 152, Section::ReadOnly, Node::Count, Binding::None, nullptr, 65535, 0, 4},
    {156, 160, Section::Code, Node::Count, Binding::None, nullptr, 16, 193, 4},
    {163, 167, Section::Writable, Node::Count, Binding::CriticalSection, nullptr, 65535, 0, 4},
    {170, 174, Section::ReadOnly, Node::Count, Binding::None, "LeaveCriticalSection", 65535, 0, 4},
    {182, 186, Section::Writable, Node::Count, Binding::CriticalSection, nullptr, 65535, 0, 4},
    {189, 193, Section::ReadOnly, Node::Count, Binding::None, "LeaveCriticalSection", 65535, 0, 4},
    {209, 213, Section::Code, Node::Count, Binding::None, nullptr, 65535, 0, 4},
};
inline constexpr unsigned char kBytes12_7[] = {
    0xe8,0x00,0x00,0x00,0x00,0xe9,0x00,0x00,0x00,0x00,
};
inline constexpr unsigned char kMask12_7[] = {
    0xff,0x00,0x00,0x00,0x00,0xff,0x00,0x00,0x00,0x00,
};
inline constexpr Reference kRefs12_7[] = {
    {1, 5, Section::Code, Node::Count, Binding::None, nullptr, 65535, 0, 4},
    {6, 10, Section::Code, Node::Count, Binding::None, nullptr, 3, 35, 4},
};
inline constexpr unsigned char kBytes12_8[] = {
    0x48,0x8b,0xcd,0xe8,0x00,0x00,0x00,0x00,0x49,0x8b,0x55,0x08,0xe8,0x00,0x00,0x00,0x00,0xe9,0x00,0x00,0x00,0x00,
};
inline constexpr unsigned char kMask12_8[] = {
    0xff,0xff,0xff,0xff,0x00,0x00,0x00,0x00,0xff,0xff,0xff,0xff,0xff,0x00,0x00,0x00,0x00,0xff,0x00,0x00,0x00,0x00,
};
inline constexpr Reference kRefs12_8[] = {
    {4, 8, Section::Code, Node::Count, Binding::None, nullptr, 65535, 0, 4},
    {13, 17, Section::Code, Node::Count, Binding::None, nullptr, 65535, 0, 4},
    {18, 22, Section::Code, Node::Count, Binding::None, nullptr, 5, 56, 4},
};
inline constexpr unsigned char kBytes12_9[] = {
    0x4c,0x8b,0x48,0x10,0x4c,0x8b,0xd1,0x49,0x8b,0x01,0x41,0x8d,0x48,0x01,0x4d,0x8d,0x49,0x08,0x83,0x78,0x18,0x04,0x41,0x0f,
    0x44,0xc8,0x44,0x8b,0xc1,0x49,0x83,0xea,0x01,0x75,0xe4,0x85,0xc9,0x0f,0x8e,0x00,0x00,0x00,0x00,0x48,0x8b,0x82,0xd0,0x00,
    0x00,0x00,0x48,0x85,0xc0,0x74,0x0b,0xf0,0xff,0x40,0x74,0x48,0x8b,0x15,0x00,0x00,0x00,0x00,0x48,0x8b,0x9a,0xd0,0x00,0x00,
    0x00,0x48,0x85,0xdb,0x0f,0x84,0x00,0x00,0x00,0x00,0x48,0x8d,0x0d,0x00,0x00,0x00,0x00,0x48,0xff,0x15,0x00,0x00,0x00,0x00,
    0x0f,0x1f,0x44,0x00,0x00,0x39,0x73,0x40,0x74,0x00,0x40,0x38,0x73,0x78,0x74,0x00,0x40,0x32,0xff,0x48,0x8d,0x0d,0x00,0x00,
    0x00,0x00,0x48,0xff,0x15,0x00,0x00,0x00,0x00,0x0f,0x1f,0x44,0x00,0x00,0xb8,0xff,0xff,0xff,0xff,0xf0,0x0f,0xc1,0x43,0x74,
    0x83,0xf8,0x01,0x0f,0x84,0x00,0x00,0x00,0x00,0x40,0x84,0xff,0x0f,0x84,0x00,0x00,0x00,0x00,0xe9,0x00,0x00,0x00,0x00,
};
inline constexpr unsigned char kMask12_9[] = {
    0xff,0xff,0xff,0xff,0xff,0xff,0xff,0xff,0xff,0xff,0xff,0xff,0xff,0xff,0xff,0xff,0xff,0xff,0xff,0xff,0xff,0xff,0xff,0xff,
    0xff,0xff,0xff,0xff,0xff,0xff,0xff,0xff,0xff,0xff,0xff,0xff,0xff,0xff,0xff,0x00,0x00,0x00,0x00,0xff,0xff,0xff,0xff,0xff,
    0xff,0xff,0xff,0xff,0xff,0xff,0xff,0xff,0xff,0xff,0xff,0xff,0xff,0xff,0x00,0x00,0x00,0x00,0xff,0xff,0xff,0xff,0xff,0xff,
    0xff,0xff,0xff,0xff,0xff,0xff,0x00,0x00,0x00,0x00,0xff,0xff,0xff,0x00,0x00,0x00,0x00,0xff,0xff,0xff,0x00,0x00,0x00,0x00,
    0xff,0xff,0xff,0xff,0xff,0xff,0xff,0xff,0xff,0x00,0xff,0xff,0xff,0xff,0xff,0x00,0xff,0xff,0xff,0xff,0xff,0xff,0x00,0x00,
    0x00,0x00,0xff,0xff,0xff,0x00,0x00,0x00,0x00,0xff,0xff,0xff,0xff,0xff,0xff,0xff,0xff,0xff,0xff,0xff,0xff,0xff,0xff,0xff,
    0xff,0xff,0xff,0xff,0xff,0x00,0x00,0x00,0x00,0xff,0xff,0xff,0xff,0xff,0x00,0x00,0x00,0x00,0xff,0x00,0x00,0x00,0x00,
};
inline constexpr Reference kRefs12_9[] = {
    {39, 43, Section::Code, Node::Count, Binding::None, nullptr, 1, 0, 4},
    {62, 66, Section::Writable, Node::Count, Binding::DesktopManager, nullptr, 65535, 0, 4},
    {78, 82, Section::Code, Node::Count, Binding::None, nullptr, 1, 0, 4},
    {85, 89, Section::Writable, Node::Count, Binding::CriticalSection, nullptr, 65535, 0, 4},
    {92, 96, Section::ReadOnly, Node::Count, Binding::None, "EnterCriticalSection", 65535, 0, 4},
    {105, 106, Section::Code, Node::Count, Binding::None, nullptr, 11, 0, 1},
    {111, 112, Section::Code, Node::Count, Binding::None, nullptr, 11, 0, 1},
    {118, 122, Section::Writable, Node::Count, Binding::CriticalSection, nullptr, 65535, 0, 4},
    {125, 129, Section::ReadOnly, Node::Count, Binding::None, "LeaveCriticalSection", 65535, 0, 4},
    {149, 153, Section::Code, Node::Count, Binding::None, nullptr, 12, 0, 4},
    {158, 162, Section::Code, Node::Count, Binding::None, nullptr, 1, 0, 4},
    {163, 167, Section::Code, Node::Count, Binding::None, nullptr, 6, 179, 4},
};
inline constexpr unsigned char kBytes12_10[] = {
    0xe8,0x00,0x00,0x00,0x00,0xe9,0x00,0x00,0x00,0x00,
};
inline constexpr unsigned char kMask12_10[] = {
    0xff,0x00,0x00,0x00,0x00,0xff,0x00,0x00,0x00,0x00,
};
inline constexpr Reference kRefs12_10[] = {
    {1, 5, Section::Code, Node::Count, Binding::None, nullptr, 65535, 0, 4},
    {6, 10, Section::Code, Node::Count, Binding::None, nullptr, 5, 41, 4},
};
inline constexpr unsigned char kBytes12_11[] = {
    0x40,0xb7,0x01,0xeb,0x00,
};
inline constexpr unsigned char kMask12_11[] = {
    0xff,0xff,0xff,0xff,0x00,
};
inline constexpr Reference kRefs12_11[] = {
    {4, 5, Section::Code, Node::Count, Binding::None, nullptr, 9, 115, 1},
};
inline constexpr unsigned char kBytes12_12[] = {
    0x48,0x8d,0x05,0x00,0x00,0x00,0x00,0x48,0x8d,0x4b,0x48,0x48,0x89,0x03,0xe8,0x00,0x00,0x00,0x00,0x48,0x8d,0x4b,0x28,0xe8,
    0x00,0x00,0x00,0x00,0x48,0x8b,0x0d,0x00,0x00,0x00,0x00,0x48,0x8b,0xd3,0x48,0x8b,0x01,0x48,0x8b,0x40,0x20,0xff,0x15,0x00,
    0x00,0x00,0x00,0x90,0xe9,0x00,0x00,0x00,0x00,
};
inline constexpr unsigned char kMask12_12[] = {
    0xff,0xff,0xff,0x00,0x00,0x00,0x00,0xff,0xff,0xff,0xff,0xff,0xff,0xff,0xff,0x00,0x00,0x00,0x00,0xff,0xff,0xff,0xff,0xff,
    0x00,0x00,0x00,0x00,0xff,0xff,0xff,0x00,0x00,0x00,0x00,0xff,0xff,0xff,0xff,0xff,0xff,0xff,0xff,0xff,0xff,0xff,0xff,0x00,
    0x00,0x00,0x00,0xff,0xff,0x00,0x00,0x00,0x00,
};
inline constexpr Reference kRefs12_12[] = {
    {3, 7, Section::ReadOnly, Node::Count, Binding::None, nullptr, 65535, 0, 4},
    {15, 19, Section::Code, Node::Count, Binding::None, nullptr, 65535, 0, 4},
    {24, 28, Section::Code, Node::Count, Binding::None, nullptr, 65535, 0, 4},
    {31, 35, Section::Writable, Node::Count, Binding::None, nullptr, 65535, 0, 4},
    {47, 51, Section::ReadOnly, Node::Count, Binding::None, nullptr, 65535, 0, 4},
    {53, 57, Section::Code, Node::Count, Binding::None, nullptr, 9, 153, 4},
};
inline constexpr unsigned char kBytes12_13[] = {
    0x48,0x8b,0x93,0xf0,0x02,0x00,0x00,0x8b,0xc7,0x48,0x8b,0x14,0xc2,0xe8,0x00,0x00,0x00,0x00,0xff,0xc7,0x3b,0xbb,0x08,0x03,
    0x00,0x00,0x72,0xe4,0xe9,0x00,0x00,0x00,0x00,
};
inline constexpr unsigned char kMask12_13[] = {
    0xff,0xff,0xff,0xff,0xff,0xff,0xff,0xff,0xff,0xff,0xff,0xff,0xff,0xff,0x00,0x00,0x00,0x00,0xff,0xff,0xff,0xff,0xff,0xff,
    0xff,0xff,0xff,0xff,0xff,0x00,0x00,0x00,0x00,
};
inline constexpr Reference kRefs12_13[] = {
    {14, 18, Section::Code, Node::Count, Binding::None, nullptr, 65535, 0, 4},
    {29, 33, Section::Code, Node::Count, Binding::None, nullptr, 2, 54, 4},
};
inline constexpr unsigned char kBytes12_14[] = {
    0x45,0x32,0xf6,0xe9,0x00,0x00,0x00,0x00,0x48,0x8b,0x8c,0x24,0x88,0x00,0x00,0x00,0x4c,0x8d,0x05,0x00,0x00,0x00,0x00,0x44,
    0x8b,0xc8,0xba,0x90,0x01,0x00,0x00,0xe8,0x00,0x00,0x00,0x00,0x90,0xe9,0x00,0x00,0x00,0x00,
};
inline constexpr unsigned char kMask12_14[] = {
    0xff,0xff,0xff,0xff,0x00,0x00,0x00,0x00,0xff,0xff,0xff,0xff,0xff,0xff,0xff,0xff,0xff,0xff,0xff,0x00,0x00,0x00,0x00,0xff,
    0xff,0xff,0xff,0xff,0xff,0xff,0xff,0xff,0x00,0x00,0x00,0x00,0xff,0xff,0x00,0x00,0x00,0x00,
};
inline constexpr Reference kRefs12_14[] = {
    {4, 8, Section::Code, Node::Count, Binding::None, nullptr, 3, 112, 4},
    {19, 23, Section::ReadOnly, Node::Count, Binding::None, nullptr, 65535, 0, 4},
    {32, 36, Section::Code, Node::Count, Binding::None, nullptr, 65535, 0, 4},
    {38, 42, Section::Code, Node::Count, Binding::None, nullptr, 3, 179, 4},
};
inline constexpr unsigned char kBytes12_15[] = {
    0x4c,0x39,0x62,0x18,0x0f,0x84,0x00,0x00,0x00,0x00,0xe8,0x00,0x00,0x00,0x00,0x90,0xe9,0x00,0x00,0x00,0x00,0x4c,0x39,0x62,
    0x18,0x0f,0x84,0x00,0x00,0x00,0x00,0xe8,0x00,0x00,0x00,0x00,0x90,0xe9,0x00,0x00,0x00,0x00,
};
inline constexpr unsigned char kMask12_15[] = {
    0xff,0xff,0xff,0xff,0xff,0xff,0x00,0x00,0x00,0x00,0xff,0x00,0x00,0x00,0x00,0xff,0xff,0x00,0x00,0x00,0x00,0xff,0xff,0xff,
    0xff,0xff,0xff,0x00,0x00,0x00,0x00,0xff,0x00,0x00,0x00,0x00,0xff,0xff,0x00,0x00,0x00,0x00,
};
inline constexpr Reference kRefs12_15[] = {
    {6, 10, Section::Code, Node::Count, Binding::None, nullptr, 5, 0, 4},
    {11, 15, Section::Code, Node::Count, Binding::None, nullptr, 65535, 0, 4},
    {17, 21, Section::Code, Node::Count, Binding::None, nullptr, 5, 0, 4},
    {27, 31, Section::Code, Node::Count, Binding::None, nullptr, 5, 16, 4},
    {32, 36, Section::Code, Node::Count, Binding::None, nullptr, 65535, 0, 4},
    {38, 42, Section::Code, Node::Count, Binding::None, nullptr, 5, 16, 4},
};
inline constexpr unsigned char kBytes12_16[] = {
    0x48,0x8d,0x44,0x24,0x40,0x41,0xb9,0x01,0x00,0x00,0x00,0x48,0x8d,0x15,0x00,0x00,0x00,0x00,0x48,0x89,0x44,0x24,0x20,0x48,
    0x8d,0x0d,0x00,0x00,0x00,0x00,0xe8,0x00,0x00,0x00,0x00,0x90,0xe9,0x00,0x00,0x00,0x00,0x48,0x8b,0x8c,0x24,0x88,0x00,0x00,
    0x00,0x4c,0x8d,0x05,0x00,0x00,0x00,0x00,0x44,0x8b,0xc8,0xba,0x7c,0x17,0x00,0x00,0xe8,0x00,0x00,0x00,0x00,0x90,0xe9,0x00,
    0x00,0x00,0x00,0x48,0xff,0x15,0x00,0x00,0x00,0x00,0x0f,0x1f,0x44,0x00,0x00,0x48,0x8b,0x8d,0x40,0x02,0x00,0x00,0x48,0xff,
    0x15,0x00,0x00,0x00,0x00,0x0f,0x1f,0x44,0x00,0x00,0x48,0x8b,0x8d,0x38,0x02,0x00,0x00,0x4c,0x89,0xa5,0x40,0x02,0x00,0x00,
    0x48,0xff,0x15,0x00,0x00,0x00,0x00,0x0f,0x1f,0x44,0x00,0x00,0x4c,0x89,0xa5,0x38,0x02,0x00,0x00,0xe9,0x00,0x00,0x00,0x00,
    0x48,0xff,0x15,0x00,0x00,0x00,0x00,0x0f,0x1f,0x44,0x00,0x00,0x48,0x8b,0xcf,0x8b,0xd8,0x48,0xff,0x15,0x00,0x00,0x00,0x00,
    0x0f,0x1f,0x44,0x00,0x00,0x8b,0xcb,0x48,0xff,0x15,0x00,0x00,0x00,0x00,0x0f,0x1f,0x44,0x00,0x00,0x90,0xe9,0x00,0x00,0x00,
    0x00,0x48,0x8b,0x8c,0x24,0x88,0x00,0x00,0x00,0x4c,0x8d,0x05,0x00,0x00,0x00,0x00,0x44,0x8b,0xc8,0xba,0x86,0x17,0x00,0x00,
    0xe8,0x00,0x00,0x00,0x00,0x90,0xe9,0x00,0x00,0x00,0x00,
};
inline constexpr unsigned char kMask12_16[] = {
    0xff,0xff,0xff,0xff,0xff,0xff,0xff,0xff,0xff,0xff,0xff,0xff,0xff,0xff,0x00,0x00,0x00,0x00,0xff,0xff,0xff,0xff,0xff,0xff,
    0xff,0xff,0x00,0x00,0x00,0x00,0xff,0x00,0x00,0x00,0x00,0xff,0xff,0x00,0x00,0x00,0x00,0xff,0xff,0xff,0xff,0xff,0xff,0xff,
    0xff,0xff,0xff,0xff,0x00,0x00,0x00,0x00,0xff,0xff,0xff,0xff,0xff,0xff,0xff,0xff,0xff,0x00,0x00,0x00,0x00,0xff,0xff,0x00,
    0x00,0x00,0x00,0xff,0xff,0xff,0x00,0x00,0x00,0x00,0xff,0xff,0xff,0xff,0xff,0xff,0xff,0xff,0xff,0xff,0xff,0xff,0xff,0xff,
    0xff,0x00,0x00,0x00,0x00,0xff,0xff,0xff,0xff,0xff,0xff,0xff,0xff,0xff,0xff,0xff,0xff,0xff,0xff,0xff,0xff,0xff,0xff,0xff,
    0xff,0xff,0xff,0x00,0x00,0x00,0x00,0xff,0xff,0xff,0xff,0xff,0xff,0xff,0xff,0xff,0xff,0xff,0xff,0xff,0x00,0x00,0x00,0x00,
    0xff,0xff,0xff,0x00,0x00,0x00,0x00,0xff,0xff,0xff,0xff,0xff,0xff,0xff,0xff,0xff,0xff,0xff,0xff,0xff,0x00,0x00,0x00,0x00,
    0xff,0xff,0xff,0xff,0xff,0xff,0xff,0xff,0xff,0xff,0x00,0x00,0x00,0x00,0xff,0xff,0xff,0xff,0xff,0xff,0xff,0x00,0x00,0x00,
    0x00,0xff,0xff,0xff,0xff,0xff,0xff,0xff,0xff,0xff,0xff,0xff,0x00,0x00,0x00,0x00,0xff,0xff,0xff,0xff,0xff,0xff,0xff,0xff,
    0xff,0x00,0x00,0x00,0x00,0xff,0xff,0x00,0x00,0x00,0x00,
};
inline constexpr Reference kRefs12_16[] = {
    {14, 18, Section::ReadOnly, Node::Count, Binding::None, nullptr, 65535, 0, 4},
    {26, 30, Section::Writable, Node::Count, Binding::None, nullptr, 65535, 0, 4},
    {31, 35, Section::Code, Node::Count, Binding::None, nullptr, 65535, 0, 4},
    {37, 41, Section::Code, Node::Count, Binding::None, nullptr, 6, 0, 4},
    {52, 56, Section::ReadOnly, Node::Count, Binding::None, nullptr, 65535, 0, 4},
    {65, 69, Section::Code, Node::Count, Binding::None, nullptr, 65535, 0, 4},
    {71, 75, Section::Code, Node::Count, Binding::None, nullptr, 6, 60, 4},
    {78, 82, Section::ReadOnly, Node::Count, Binding::None, "NtDCompositionCommitSynchronizationObject", 65535, 0, 4},
    {97, 101, Section::ReadOnly, Node::Count, Binding::None, nullptr, 65535, 0, 4},
    {123, 127, Section::ReadOnly, Node::Count, Binding::None, "CloseHandle", 65535, 0, 4},
    {140, 144, Section::Code, Node::Count, Binding::None, nullptr, 6, 83, 4},
    {147, 151, Section::ReadOnly, Node::Count, Binding::None, "GetLastError", 65535, 0, 4},
    {164, 168, Section::ReadOnly, Node::Count, Binding::None, "CloseHandle", 65535, 0, 4},
    {178, 182, Section::ReadOnly, Node::Count, Binding::None, "SetLastError", 65535, 0, 4},
    {189, 193, Section::Code, Node::Count, Binding::None, nullptr, 6, 104, 4},
    {204, 208, Section::ReadOnly, Node::Count, Binding::None, nullptr, 65535, 0, 4},
    {217, 221, Section::Code, Node::Count, Binding::None, nullptr, 65535, 0, 4},
    {223, 227, Section::Code, Node::Count, Binding::None, nullptr, 6, 160, 4},
};
inline constexpr Fragment kFragments12[] = {
    {kBytes12_1, kMask12_1, 15, kRefs12_1, 1},
    {kBytes12_2, kMask12_2, 92, kRefs12_2, 5},
    {kBytes12_3, kMask12_3, 220, kRefs12_3, 10},
    {kBytes12_4, kMask12_4, 24, kRefs12_4, 1},
    {kBytes12_5, kMask12_5, 104, kRefs12_5, 7},
    {kBytes12_6, kMask12_6, 224, kRefs12_6, 14},
    {kBytes12_7, kMask12_7, 10, kRefs12_7, 2},
    {kBytes12_8, kMask12_8, 22, kRefs12_8, 3},
    {kBytes12_9, kMask12_9, 167, kRefs12_9, 12},
    {kBytes12_10, kMask12_10, 10, kRefs12_10, 2},
    {kBytes12_11, kMask12_11, 5, kRefs12_11, 1},
    {kBytes12_12, kMask12_12, 57, kRefs12_12, 6},
    {kBytes12_13, kMask12_13, 33, kRefs12_13, 2},
    {kBytes12_14, kMask12_14, 42, kRefs12_14, 4},
    {kBytes12_15, kMask12_15, 42, kRefs12_15, 6},
    {kBytes12_16, kMask12_16, 227, kRefs12_16, 18},
};
// DestroyWindow
inline constexpr unsigned char kBytes13_0[] = {
    0x48,0x89,0x5c,0x24,0x08,0x48,0x89,0x74,0x24,0x20,0x55,0x57,0x41,0x56,0x48,0x8b,0xec,0x48,0x83,0xec,0x30,0x4c,0x8b,0xf1,
    0x48,0x8b,0xf2,0x48,0x8d,0x0d,0x00,0x00,0x00,0x00,0x48,0xff,0x15,0x00,0x00,0x00,0x00,0x0f,0x1f,0x44,0x00,0x00,0x48,0x8b,
    0x06,0x48,0x8b,0xce,0x48,0x83,0x65,0x28,0x00,0x33,0xff,0x48,0x8b,0x40,0x08,0xff,0x15,0x00,0x00,0x00,0x00,0x48,0x8b,0xd8,
    0x48,0x85,0xc0,0x75,0x19,0x48,0x8b,0x06,0x48,0x8b,0xce,0x48,0x8b,0x40,0x10,0xff,0x15,0x00,0x00,0x00,0x00,0x48,0x85,0xc0,
    0x0f,0x85,0x00,0x00,0x00,0x00,0x48,0x89,0x5d,0x28,0x85,0xff,0x0f,0x88,0x00,0x00,0x00,0x00,0x48,0x85,0xdb,0x75,0x29,0x48,
    0x8d,0x0d,0x00,0x00,0x00,0x00,0x48,0xff,0x15,0x00,0x00,0x00,0x00,0x0f,0x1f,0x44,0x00,0x00,0x48,0x8b,0x5c,0x24,0x50,0x8b,
    0xc7,0x48,0x8b,0x74,0x24,0x68,0x48,0x83,0xc4,0x30,0x41,0x5e,0x5f,0x5d,0xc3,0xcc,0x48,0x8b,0x4b,0x18,0x48,0x85,0xc9,0x74,
    0x1b,0x48,0x8b,0x01,0x33,0xd2,0x48,0x8b,0x00,0xff,0x15,0x00,0x00,0x00,0x00,0x48,0x8b,0x45,0x28,0x48,0x83,0x60,0x18,0x00,
    0x48,0x8b,0x5d,0x28,0xf6,0x83,0x64,0x02,0x00,0x00,0x04,0x48,0x8b,0x73,0x28,0x75,0x52,0xf6,0x83,0x60,0x02,0x00,0x00,0x04,
    0x75,0x34,0x48,0x8b,0x03,0x48,0x39,0x58,0x08,0x75,0x5a,0x48,0x8b,0x4b,0x08,0x48,0x39,0x19,0x75,0x51,0x48,0x89,0x01,0x48,
    0x89,0x48,0x08,0x49,0x8b,0xce,0x48,0x8b,0x45,0x28,0x48,0x89,0x40,0x08,0x48,0x8b,0x45,0x28,0x48,0x89,0x00,0x48,0x8b,0x55,
    0x28,0xe8,0x00,0x00,0x00,0x00,0x49,0x8b,0x9e,0x00,0x02,0x00,0x00,0x48,0x85,0xdb,0x0f,0x84,0x59,0xff,0xff,0xff,0xe9,0x00,
    0x00,0x00,0x00,0x48,0x8d,0x45,0x28,0x49,0x8b,0xce,0x48,0x8d,0x55,0x30,0x48,0x89,0x45,0x30,0xe8,0x00,0x00,0x00,0x00,0x48,
    0x8b,0x5d,0x28,0xeb,0x94,0xb9,0x03,0x00,0x00,0x00,0xcd,0x29,
};
inline constexpr unsigned char kMask13_0[] = {
    0xff,0xff,0xff,0xff,0xff,0xff,0xff,0xff,0xff,0xff,0xff,0xff,0xff,0xff,0xff,0xff,0xff,0xff,0xff,0xff,0xff,0xff,0xff,0xff,
    0xff,0xff,0xff,0xff,0xff,0xff,0x00,0x00,0x00,0x00,0xff,0xff,0xff,0x00,0x00,0x00,0x00,0xff,0xff,0xff,0xff,0xff,0xff,0xff,
    0xff,0xff,0xff,0xff,0xff,0xff,0xff,0xff,0xff,0xff,0xff,0xff,0xff,0xff,0xff,0xff,0xff,0x00,0x00,0x00,0x00,0xff,0xff,0xff,
    0xff,0xff,0xff,0xff,0xff,0xff,0xff,0xff,0xff,0xff,0xff,0xff,0xff,0xff,0xff,0xff,0xff,0x00,0x00,0x00,0x00,0xff,0xff,0xff,
    0xff,0xff,0x00,0x00,0x00,0x00,0xff,0xff,0xff,0xff,0xff,0xff,0xff,0xff,0x00,0x00,0x00,0x00,0xff,0xff,0xff,0xff,0xff,0xff,
    0xff,0xff,0x00,0x00,0x00,0x00,0xff,0xff,0xff,0x00,0x00,0x00,0x00,0xff,0xff,0xff,0xff,0xff,0xff,0xff,0xff,0xff,0xff,0xff,
    0xff,0xff,0xff,0xff,0xff,0xff,0xff,0xff,0xff,0xff,0xff,0xff,0xff,0xff,0xff,0xff,0xff,0xff,0xff,0xff,0xff,0xff,0xff,0xff,
    0xff,0xff,0xff,0xff,0xff,0xff,0xff,0xff,0xff,0xff,0xff,0x00,0x00,0x00,0x00,0xff,0xff,0xff,0xff,0xff,0xff,0xff,0xff,0xff,
    0xff,0xff,0xff,0xff,0xff,0xff,0xff,0xff,0xff,0xff,0xff,0xff,0xff,0xff,0xff,0xff,0xff,0xff,0xff,0xff,0xff,0xff,0xff,0xff,
    0xff,0xff,0xff,0xff,0xff,0xff,0xff,0xff,0xff,0xff,0xff,0xff,0xff,0xff,0xff,0xff,0xff,0xff,0xff,0xff,0xff,0xff,0xff,0xff,
    0xff,0xff,0xff,0xff,0xff,0xff,0xff,0xff,0xff,0xff,0xff,0xff,0xff,0xff,0xff,0xff,0xff,0xff,0xff,0xff,0xff,0xff,0xff,0xff,
    0xff,0xff,0x00,0x00,0x00,0x00,0xff,0xff,0xff,0xff,0xff,0xff,0xff,0xff,0xff,0xff,0xff,0xff,0xff,0xff,0xff,0xff,0xff,0x00,
    0x00,0x00,0x00,0xff,0xff,0xff,0xff,0xff,0xff,0xff,0xff,0xff,0xff,0xff,0xff,0xff,0xff,0xff,0xff,0x00,0x00,0x00,0x00,0xff,
    0xff,0xff,0xff,0xff,0xff,0xff,0xff,0xff,0xff,0xff,0xff,0xff,
};
inline constexpr Reference kRefs13_0[] = {
    {30, 34, Section::Writable, Node::Count, Binding::CriticalSection, nullptr, 65535, 0, 4},
    {37, 41, Section::ReadOnly, Node::Count, Binding::None, "EnterCriticalSection", 65535, 0, 4},
    {65, 69, Section::ReadOnly, Node::Count, Binding::None, nullptr, 65535, 0, 4},
    {89, 93, Section::ReadOnly, Node::Count, Binding::None, nullptr, 65535, 0, 4},
    {98, 102, Section::Code, Node::Count, Binding::None, nullptr, 1, 0, 4},
    {110, 114, Section::Code, Node::Count, Binding::None, nullptr, 1, 79, 4},
    {122, 126, Section::Writable, Node::Count, Binding::CriticalSection, nullptr, 65535, 0, 4},
    {129, 133, Section::ReadOnly, Node::Count, Binding::None, "LeaveCriticalSection", 65535, 0, 4},
    {179, 183, Section::ReadOnly, Node::Count, Binding::None, nullptr, 65535, 0, 4},
    {266, 270, Section::Code, Node::Count, Binding::None, nullptr, 65535, 0, 4},
    {287, 291, Section::Code, Node::Count, Binding::None, nullptr, 1, 208, 4},
    {307, 311, Section::Code, Node::Count, Binding::None, nullptr, 65535, 0, 4},
};
inline constexpr unsigned char kBytes13_1[] = {
    0x48,0x8b,0x0d,0x00,0x00,0x00,0x00,0xba,0x00,0x03,0x00,0x00,0x48,0x8b,0x01,0x48,0x8b,0x40,0x10,0xff,0x15,0x00,0x00,0x00,
    0x00,0x48,0x85,0xc0,0x74,0x0d,0x48,0x8b,0xc8,0xe8,0x00,0x00,0x00,0x00,0x48,0x8b,0xd8,0xeb,0x02,0x33,0xdb,0x48,0x85,0xdb,
    0x75,0x3b,0xbf,0x0e,0x00,0x07,0x80,0xc7,0x44,0x24,0x20,0x8b,0x08,0x00,0x00,0x44,0x8b,0xcf,0x8d,0x4b,0x14,0x45,0x33,0xc0,
    0x33,0xd2,0xe8,0x00,0x00,0x00,0x00,0x33,0xd2,0xc7,0x44,0x24,0x20,0x11,0x09,0x00,0x00,0x44,0x8b,0xcf,0x45,0x33,0xc0,0x8d,
    0x4a,0x14,0xe8,0x00,0x00,0x00,0x00,0x90,0xe9,0x00,0x00,0x00,0x00,0x48,0x89,0x73,0x18,0x48,0x8b,0xd3,0x48,0x8b,0x06,0x48,
    0x8b,0xce,0x48,0x8b,0x00,0xff,0x15,0x00,0x00,0x00,0x00,0x48,0x8b,0x06,0x48,0x8b,0xce,0x48,0x8b,0x40,0x18,0xff,0x15,0x00,
    0x00,0x00,0x00,0x4c,0x8b,0xc3,0x48,0x8b,0xd6,0x49,0x8b,0xce,0x48,0x89,0x43,0x28,0xe8,0x00,0x00,0x00,0x00,0x8b,0xf8,0x85,
    0xc0,0x0f,0x89,0x00,0x00,0x00,0x00,0x33,0xd2,0xc7,0x44,0x24,0x20,0x8f,0x08,0x00,0x00,0x44,0x8b,0xc8,0x45,0x33,0xc0,0x8d,
    0x4a,0x14,0xe8,0x00,0x00,0x00,0x00,0x48,0x8b,0x5d,0x28,0xe9,0x00,0x00,0x00,0x00,0x48,0x3b,0x73,0x10,0x0f,0x85,0x00,0x00,
    0x00,0x00,0x48,0x8b,0x0b,0x48,0x85,0xc9,0x74,0x0d,0xe8,0x00,0x00,0x00,0x00,0x48,0x8b,0x0b,0xe8,0x00,0x00,0x00,0x00,0x48,
    0x8b,0x4b,0x08,0x48,0x85,0xc9,0x74,0x05,0xe8,0x00,0x00,0x00,0x00,0x48,0x83,0x63,0x10,0x00,0xe9,0x00,0x00,0x00,0x00,
};
inline constexpr unsigned char kMask13_1[] = {
    0xff,0xff,0xff,0x00,0x00,0x00,0x00,0xff,0xff,0xff,0xff,0xff,0xff,0xff,0xff,0xff,0xff,0xff,0xff,0xff,0xff,0x00,0x00,0x00,
    0x00,0xff,0xff,0xff,0xff,0xff,0xff,0xff,0xff,0xff,0x00,0x00,0x00,0x00,0xff,0xff,0xff,0xff,0xff,0xff,0xff,0xff,0xff,0xff,
    0xff,0xff,0xff,0xff,0xff,0xff,0xff,0xff,0xff,0xff,0xff,0xff,0xff,0xff,0xff,0xff,0xff,0xff,0xff,0xff,0xff,0xff,0xff,0xff,
    0xff,0xff,0xff,0x00,0x00,0x00,0x00,0xff,0xff,0xff,0xff,0xff,0xff,0xff,0xff,0xff,0xff,0xff,0xff,0xff,0xff,0xff,0xff,0xff,
    0xff,0xff,0xff,0x00,0x00,0x00,0x00,0xff,0xff,0x00,0x00,0x00,0x00,0xff,0xff,0xff,0xff,0xff,0xff,0xff,0xff,0xff,0xff,0xff,
    0xff,0xff,0xff,0xff,0xff,0xff,0xff,0x00,0x00,0x00,0x00,0xff,0xff,0xff,0xff,0xff,0xff,0xff,0xff,0xff,0xff,0xff,0xff,0x00,
    0x00,0x00,0x00,0xff,0xff,0xff,0xff,0xff,0xff,0xff,0xff,0xff,0xff,0xff,0xff,0xff,0xff,0x00,0x00,0x00,0x00,0xff,0xff,0xff,
    0xff,0xff,0xff,0x00,0x00,0x00,0x00,0xff,0xff,0xff,0xff,0xff,0xff,0xff,0xff,0xff,0xff,0xff,0xff,0xff,0xff,0xff,0xff,0xff,
    0xff,0xff,0xff,0x00,0x00,0x00,0x00,0xff,0xff,0xff,0xff,0xff,0x00,0x00,0x00,0x00,0xff,0xff,0xff,0xff,0xff,0xff,0x00,0x00,
    0x00,0x00,0xff,0xff,0xff,0xff,0xff,0xff,0xff,0xff,0xff,0x00,0x00,0x00,0x00,0xff,0xff,0xff,0xff,0x00,0x00,0x00,0x00,0xff,
    0xff,0xff,0xff,0xff,0xff,0xff,0xff,0xff,0xff,0x00,0x00,0x00,0x00,0xff,0xff,0xff,0xff,0xff,0xff,0x00,0x00,0x00,0x00,
};
inline constexpr Reference kRefs13_1[] = {
    {3, 7, Section::Writable, Node::Count, Binding::None, nullptr, 65535, 0, 4},
    {21, 25, Section::ReadOnly, Node::Count, Binding::None, nullptr, 65535, 0, 4},
    {34, 38, Section::Code, Node::Count, Binding::None, nullptr, 65535, 0, 4},
    {75, 79, Section::Code, Node::Count, Binding::None, nullptr, 65535, 0, 4},
    {99, 103, Section::Code, Node::Count, Binding::None, nullptr, 65535, 0, 4},
    {105, 109, Section::Code, Node::Count, Binding::None, nullptr, 0, 119, 4},
    {127, 131, Section::ReadOnly, Node::Count, Binding::None, nullptr, 65535, 0, 4},
    {143, 147, Section::ReadOnly, Node::Count, Binding::None, nullptr, 65535, 0, 4},
    {161, 165, Section::Code, Node::Count, Binding::None, nullptr, 65535, 0, 4},
    {171, 175, Section::Code, Node::Count, Binding::None, nullptr, 0, 102, 4},
    {195, 199, Section::Code, Node::Count, Binding::None, nullptr, 65535, 0, 4},
    {204, 208, Section::Code, Node::Count, Binding::None, nullptr, 0, 106, 4},
    {214, 218, Section::Code, Node::Count, Binding::None, nullptr, 0, 119, 4},
    {227, 231, Section::Code, Node::Count, Binding::None, nullptr, 65535, 0, 4},
    {235, 239, Section::Code, Node::Count, Binding::None, nullptr, 65535, 0, 4},
    {249, 253, Section::Code, Node::Count, Binding::None, nullptr, 65535, 0, 4},
    {259, 263, Section::Code, Node::Count, Binding::None, nullptr, 0, 119, 4},
};
inline constexpr Fragment kFragments13[] = {
    {kBytes13_1, kMask13_1, 263, kRefs13_1, 17},
};
// SyncedData
inline constexpr unsigned char kBytes14_0[] = {
    0x48,0x89,0x5c,0x24,0x08,0x48,0x89,0x6c,0x24,0x10,0x48,0x89,0x74,0x24,0x18,0x57,0x41,0x56,0x41,0x57,0x48,0x83,0xec,0x30,
    0x48,0x8b,0x02,0x4c,0x8b,0xf9,0x48,0x8b,0xca,0x4d,0x8b,0xf1,0x41,0x8a,0xe8,0x48,0x8b,0xf2,0x33,0xff,0x48,0x8b,0x40,0x08,
    0xff,0x15,0x00,0x00,0x00,0x00,0x48,0x8b,0xd8,0x48,0x85,0xc0,0x74,0x1f,0x49,0x89,0x1e,0x48,0x8b,0x5c,0x24,0x50,0x8b,0xc7,
    0x48,0x8b,0x6c,0x24,0x58,0x48,0x8b,0x74,0x24,0x60,0x48,0x83,0xc4,0x30,0x41,0x5f,0x41,0x5e,0x5f,0xc3,0xcc,0x40,0x84,0xed,
    0x74,0x15,0x48,0x8b,0x06,0x48,0x8b,0xce,0x48,0x8b,0x40,0x10,0xff,0x15,0x00,0x00,0x00,0x00,0x48,0x85,0xc0,0x74,0xc7,0x48,
    0x8b,0x0d,0x00,0x00,0x00,0x00,0xba,0x00,0x03,0x00,0x00,0x48,0x8b,0x01,0x48,0x8b,0x40,0x10,0xff,0x15,0x00,0x00,0x00,0x00,
    0x48,0x85,0xc0,0x74,0x5b,0x48,0x8b,0xc8,0xe8,0x00,0x00,0x00,0x00,0x48,0x8b,0xd8,0x48,0x85,0xdb,0x0f,0x84,0x00,0x00,0x00,
    0x00,0x48,0x89,0x73,0x18,0x48,0x8b,0xd3,0x48,0x8b,0x06,0x48,0x8b,0xce,0x48,0x8b,0x00,0xff,0x15,0x00,0x00,0x00,0x00,0x48,
    0x8b,0x06,0x48,0x8b,0xce,0x48,0x8b,0x40,0x18,0xff,0x15,0x00,0x00,0x00,0x00,0x4c,0x8b,0xc3,0x48,0x8b,0xd6,0x49,0x8b,0xcf,
    0x48,0x89,0x43,0x28,0xe8,0x00,0x00,0x00,0x00,0x8b,0xf8,0x85,0xc0,0x0f,0x89,0x53,0xff,0xff,0xff,0xe9,0x00,0x00,0x00,0x00,
    0x33,0xdb,0xeb,0xac,
};
inline constexpr unsigned char kMask14_0[] = {
    0xff,0xff,0xff,0xff,0xff,0xff,0xff,0xff,0xff,0xff,0xff,0xff,0xff,0xff,0xff,0xff,0xff,0xff,0xff,0xff,0xff,0xff,0xff,0xff,
    0xff,0xff,0xff,0xff,0xff,0xff,0xff,0xff,0xff,0xff,0xff,0xff,0xff,0xff,0xff,0xff,0xff,0xff,0xff,0xff,0xff,0xff,0xff,0xff,
    0xff,0xff,0x00,0x00,0x00,0x00,0xff,0xff,0xff,0xff,0xff,0xff,0xff,0xff,0xff,0xff,0xff,0xff,0xff,0xff,0xff,0xff,0xff,0xff,
    0xff,0xff,0xff,0xff,0xff,0xff,0xff,0xff,0xff,0xff,0xff,0xff,0xff,0xff,0xff,0xff,0xff,0xff,0xff,0xff,0xff,0xff,0xff,0xff,
    0xff,0xff,0xff,0xff,0xff,0xff,0xff,0xff,0xff,0xff,0xff,0xff,0xff,0xff,0x00,0x00,0x00,0x00,0xff,0xff,0xff,0xff,0xff,0xff,
    0xff,0xff,0x00,0x00,0x00,0x00,0xff,0xff,0xff,0xff,0xff,0xff,0xff,0xff,0xff,0xff,0xff,0xff,0xff,0xff,0x00,0x00,0x00,0x00,
    0xff,0xff,0xff,0xff,0xff,0xff,0xff,0xff,0xff,0x00,0x00,0x00,0x00,0xff,0xff,0xff,0xff,0xff,0xff,0xff,0xff,0x00,0x00,0x00,
    0x00,0xff,0xff,0xff,0xff,0xff,0xff,0xff,0xff,0xff,0xff,0xff,0xff,0xff,0xff,0xff,0xff,0xff,0xff,0x00,0x00,0x00,0x00,0xff,
    0xff,0xff,0xff,0xff,0xff,0xff,0xff,0xff,0xff,0xff,0xff,0x00,0x00,0x00,0x00,0xff,0xff,0xff,0xff,0xff,0xff,0xff,0xff,0xff,
    0xff,0xff,0xff,0xff,0xff,0x00,0x00,0x00,0x00,0xff,0xff,0xff,0xff,0xff,0xff,0xff,0xff,0xff,0xff,0xff,0x00,0x00,0x00,0x00,
    0xff,0xff,0xff,0xff,
};
inline constexpr Reference kRefs14_0[] = {
    {50, 54, Section::ReadOnly, Node::Count, Binding::None, nullptr, 65535, 0, 4},
    {110, 114, Section::ReadOnly, Node::Count, Binding::None, nullptr, 65535, 0, 4},
    {122, 126, Section::Writable, Node::Count, Binding::None, nullptr, 65535, 0, 4},
    {140, 144, Section::ReadOnly, Node::Count, Binding::None, nullptr, 65535, 0, 4},
    {153, 157, Section::Code, Node::Count, Binding::None, nullptr, 65535, 0, 4},
    {165, 169, Section::Code, Node::Count, Binding::None, nullptr, 1, 0, 4},
    {187, 191, Section::ReadOnly, Node::Count, Binding::None, nullptr, 65535, 0, 4},
    {203, 207, Section::ReadOnly, Node::Count, Binding::None, nullptr, 65535, 0, 4},
    {221, 225, Section::Code, Node::Count, Binding::None, nullptr, 65535, 0, 4},
    {236, 240, Section::Code, Node::Count, Binding::None, nullptr, 1, 18, 4},
};
inline constexpr unsigned char kBytes14_1[] = {
    0xbf,0x0e,0x00,0x07,0x80,0xc7,0x44,0x24,0x20,0x8b,0x08,0x00,0x00,0x44,0x8b,0xcf,0xeb,0x0b,0xc7,0x44,0x24,0x20,0x8f,0x08,
    0x00,0x00,0x44,0x8b,0xc8,0x33,0xd2,0x45,0x33,0xc0,0x8d,0x4a,0x14,0xe8,0x00,0x00,0x00,0x00,0x90,0xe9,0x00,0x00,0x00,0x00,
};
inline constexpr unsigned char kMask14_1[] = {
    0xff,0xff,0xff,0xff,0xff,0xff,0xff,0xff,0xff,0xff,0xff,0xff,0xff,0xff,0xff,0xff,0xff,0xff,0xff,0xff,0xff,0xff,0xff,0xff,
    0xff,0xff,0xff,0xff,0xff,0xff,0xff,0xff,0xff,0xff,0xff,0xff,0xff,0xff,0x00,0x00,0x00,0x00,0xff,0xff,0x00,0x00,0x00,0x00,
};
inline constexpr Reference kRefs14_1[] = {
    {38, 42, Section::Code, Node::Count, Binding::None, nullptr, 65535, 0, 4},
    {44, 48, Section::Code, Node::Count, Binding::None, nullptr, 0, 65, 4},
};
inline constexpr Fragment kFragments14[] = {
    {kBytes14_1, kMask14_1, 48, kRefs14_1, 2},
};
// BandChange
inline constexpr unsigned char kBytes15_0[] = {
    0x48,0x89,0x5c,0x24,0x08,0x48,0x89,0x74,0x24,0x10,0x57,0x48,0x83,0xec,0x30,0x48,0x8b,0xd9,0x48,0x8b,0xf2,0x48,0x8d,0x0d,
    0x00,0x00,0x00,0x00,0x48,0xff,0x15,0x00,0x00,0x00,0x00,0x0f,0x1f,0x44,0x00,0x00,0x48,0x83,0x64,0x24,0x50,0x00,0x4c,0x8d,
    0x4c,0x24,0x50,0x41,0xb0,0x01,0x48,0x8b,0xd6,0x48,0x8b,0xcb,0xe8,0x00,0x00,0x00,0x00,0x8b,0xd8,0x85,0xc0,0x0f,0x88,0x00,
    0x00,0x00,0x00,0x48,0x8b,0x7c,0x24,0x50,0x48,0x85,0xff,0x74,0x13,0x48,0x8b,0x06,0x48,0x8b,0xce,0x48,0x8b,0x40,0x38,0xff,
    0x15,0x00,0x00,0x00,0x00,0x89,0x47,0x70,0x48,0x8d,0x0d,0x00,0x00,0x00,0x00,0x48,0xff,0x15,0x00,0x00,0x00,0x00,0x0f,0x1f,
    0x44,0x00,0x00,0x48,0x8b,0x74,0x24,0x48,0x8b,0xc3,0x48,0x8b,0x5c,0x24,0x40,0x48,0x83,0xc4,0x30,0x5f,0xc3,
};
inline constexpr unsigned char kMask15_0[] = {
    0xff,0xff,0xff,0xff,0xff,0xff,0xff,0xff,0xff,0xff,0xff,0xff,0xff,0xff,0xff,0xff,0xff,0xff,0xff,0xff,0xff,0xff,0xff,0xff,
    0x00,0x00,0x00,0x00,0xff,0xff,0xff,0x00,0x00,0x00,0x00,0xff,0xff,0xff,0xff,0xff,0xff,0xff,0xff,0xff,0xff,0xff,0xff,0xff,
    0xff,0xff,0xff,0xff,0xff,0xff,0xff,0xff,0xff,0xff,0xff,0xff,0xff,0x00,0x00,0x00,0x00,0xff,0xff,0xff,0xff,0xff,0xff,0x00,
    0x00,0x00,0x00,0xff,0xff,0xff,0xff,0xff,0xff,0xff,0xff,0xff,0xff,0xff,0xff,0xff,0xff,0xff,0xff,0xff,0xff,0xff,0xff,0xff,
    0xff,0x00,0x00,0x00,0x00,0xff,0xff,0xff,0xff,0xff,0xff,0x00,0x00,0x00,0x00,0xff,0xff,0xff,0x00,0x00,0x00,0x00,0xff,0xff,
    0xff,0xff,0xff,0xff,0xff,0xff,0xff,0xff,0xff,0xff,0xff,0xff,0xff,0xff,0xff,0xff,0xff,0xff,0xff,0xff,0xff,
};
inline constexpr Reference kRefs15_0[] = {
    {24, 28, Section::Writable, Node::Count, Binding::CriticalSection, nullptr, 65535, 0, 4},
    {31, 35, Section::ReadOnly, Node::Count, Binding::None, "EnterCriticalSection", 65535, 0, 4},
    {61, 65, Section::Code, Node::SyncedData, Binding::None, nullptr, 65535, 0, 4},
    {71, 75, Section::Code, Node::Count, Binding::None, nullptr, 1, 0, 4},
    {97, 101, Section::ReadOnly, Node::Count, Binding::None, nullptr, 65535, 0, 4},
    {107, 111, Section::Writable, Node::Count, Binding::CriticalSection, nullptr, 65535, 0, 4},
    {114, 118, Section::ReadOnly, Node::Count, Binding::None, "LeaveCriticalSection", 65535, 0, 4},
};
inline constexpr unsigned char kBytes15_1[] = {
    0x33,0xd2,0xc7,0x44,0x24,0x20,0xa9,0x0c,0x00,0x00,0x44,0x8b,0xcb,0x45,0x33,0xc0,0x8d,0x4a,0x14,0xe8,0x00,0x00,0x00,0x00,
    0x90,0xe9,0x00,0x00,0x00,0x00,
};
inline constexpr unsigned char kMask15_1[] = {
    0xff,0xff,0xff,0xff,0xff,0xff,0xff,0xff,0xff,0xff,0xff,0xff,0xff,0xff,0xff,0xff,0xff,0xff,0xff,0xff,0x00,0x00,0x00,0x00,
    0xff,0xff,0x00,0x00,0x00,0x00,
};
inline constexpr Reference kRefs15_1[] = {
    {20, 24, Section::Code, Node::Count, Binding::None, nullptr, 65535, 0, 4},
    {26, 30, Section::Code, Node::Count, Binding::None, nullptr, 0, 104, 4},
};
inline constexpr Fragment kFragments15[] = {
    {kBytes15_1, kMask15_1, 30, kRefs15_1, 2},
};
inline constexpr Pattern kPatterns[] = {
    {Node::FindWindow, kBytes0_0, kMask0_0, 112, kRefs0_0, 1, nullptr, 0},
    {Node::DesktopList, kBytes1_0, kMask1_0, 96, kRefs1_0, 2, nullptr, 0},
    {Node::ZOrder, kBytes2_0, kMask2_0, 1057, kRefs2_0, 37, kFragments2, 1},
    {Node::UpdateScene, kBytes3_0, kMask3_0, 114, kRefs3_0, 8, kFragments3, 16},
    {Node::DestroyWindow, kBytes4_0, kMask4_0, 324, kRefs4_0, 12, kFragments4, 1},
    {Node::SyncedData, kBytes5_0, kMask5_0, 244, kRefs5_0, 10, kFragments5, 1},
    {Node::PrecedingVisual, kBytes6_0, kMask6_0, 91, kRefs6_0, 2, kFragments6, 1},
    {Node::InsertRelative, kBytes7_0, kMask7_0, 875, kRefs7_0, 24, kFragments7, 1},
    {Node::ProxyInsert, kBytes8_0, kMask8_0, 51, kRefs8_0, 1, nullptr, 0},
    {Node::WindowListCtor, kBytes9_0, kMask9_0, 306, kRefs9_0, 7, nullptr, 0},
    {Node::BandChange, kBytes10_0, kMask10_0, 141, kRefs10_0, 7, kFragments10, 1},
    {Node::ZOrder, kBytes11_0, kMask11_0, 1079, kRefs11_0, 38, kFragments11, 1},
    {Node::UpdateScene, kBytes12_0, kMask12_0, 114, kRefs12_0, 8, kFragments12, 16},
    {Node::DestroyWindow, kBytes13_0, kMask13_0, 324, kRefs13_0, 12, kFragments13, 1},
    {Node::SyncedData, kBytes14_0, kMask14_0, 244, kRefs14_0, 10, kFragments14, 1},
    {Node::BandChange, kBytes15_0, kMask15_0, 141, kRefs15_0, 7, kFragments15, 1},
};
}
