// Generated by tools/dwm_zorder/generate_signature_model.py; do not edit bytes by hand.
// Reviewed 24H2 x64 ABI; build, timestamp, PDB identity and RVAs are not match gates.
#pragma once
#include "RuntimeResolver.h"
namespace ks::dwm_order::runtime::signatures
{
inline constexpr Layout kLayout{0x18, 0x28, 0x80, 0x88, 0x1b8};
// FindWindow
inline constexpr unsigned char kBytes0[] = {
    0x48,0x89,0x5c,0x24,0x18,0x57,0x48,0x83,0xec,0x20,0x33,0xff,0x48,0x8b,0xda,0x48,0x89,0x7c,0x24,0x38,0x48,0x85,0xd2,0x75,
    0x3e,0x8b,0xc7,0x48,0x8b,0x5c,0x24,0x40,0x48,0x83,0xc4,0x20,0x5f,0xc3,0xcc,0x48,0x8b,0xf8,0x48,0x8d,0x54,0x24,0x38,0x48,
    0x8b,0xce,0x48,0xff,0x15,0x00,0x00,0x00,0x00,0x0f,0x1f,0x44,0x00,0x00,0x48,0x85,0xc0,0x75,0x3d,0x48,0x8b,0x74,0x24,0x30,
    0x48,0x8b,0xc7,0x48,0x8b,0x5c,0x24,0x40,0x48,0x83,0xc4,0x20,0x5f,0xc3,0xcc,0x48,0x89,0x74,0x24,0x30,0x48,0x8d,0x54,0x24,
    0x38,0x48,0x8d,0x71,0x08,0x48,0x8b,0xce,0x48,0xff,0x15,0x00,0x00,0x00,0x00,0x0f,0x1f,0x44,0x00,0x00,0x48,0x85,0xc0,0x74,
    0xca,0x0f,0x1f,0x80,0x00,0x00,0x00,0x00,0x48,0x85,0xff,0x75,0xbe,0x48,0x8d,0x48,0x50,0x48,0x8b,0x40,0x50,0x0f,0x1f,0x00,
    0x48,0x3b,0xc1,0x74,0x95,0x48,0x39,0x58,0x28,0x74,0x8c,0x48,0x8b,0x00,0xeb,0xf0,
};
inline constexpr unsigned char kMask0[] = {
    0xff,0xff,0xff,0xff,0xff,0xff,0xff,0xff,0xff,0xff,0xff,0xff,0xff,0xff,0xff,0xff,0xff,0xff,0xff,0xff,0xff,0xff,0xff,0xff,
    0xff,0xff,0xff,0xff,0xff,0xff,0xff,0xff,0xff,0xff,0xff,0xff,0xff,0xff,0xff,0xff,0xff,0xff,0xff,0xff,0xff,0xff,0xff,0xff,
    0xff,0xff,0xff,0xff,0xff,0x00,0x00,0x00,0x00,0xff,0xff,0xff,0xff,0xff,0xff,0xff,0xff,0xff,0xff,0xff,0xff,0xff,0xff,0xff,
    0xff,0xff,0xff,0xff,0xff,0xff,0xff,0xff,0xff,0xff,0xff,0xff,0xff,0xff,0xff,0xff,0xff,0xff,0xff,0xff,0xff,0xff,0xff,0xff,
    0xff,0xff,0xff,0xff,0xff,0xff,0xff,0xff,0xff,0xff,0xff,0x00,0x00,0x00,0x00,0xff,0xff,0xff,0xff,0xff,0xff,0xff,0xff,0xff,
    0xff,0xff,0xff,0xff,0xff,0xff,0xff,0xff,0xff,0xff,0xff,0xff,0xff,0xff,0xff,0xff,0xff,0xff,0xff,0xff,0xff,0xff,0xff,0xff,
    0xff,0xff,0xff,0xff,0xff,0xff,0xff,0xff,0xff,0xff,0xff,0xff,0xff,0xff,0xff,0xff,
};
inline constexpr Reference kRefs0[] = {
    {53, 57, Section::ReadOnly, Node::Count, Binding::None, "RtlEnumerateGenericTableWithoutSplaying"},
    {107, 111, Section::ReadOnly, Node::Count, Binding::None, "RtlEnumerateGenericTableWithoutSplaying"},
};
// DesktopList
inline constexpr unsigned char kBytes1[] = {
    0x48,0x8b,0xc4,0x53,0x48,0x81,0xec,0x80,0x00,0x00,0x00,0x0f,0x57,0xc0,0x48,0x89,0x50,0x98,0x33,0xdb,0x66,0x0f,0x7f,0x40,
    0xa8,0x0f,0x57,0xc9,0x48,0x89,0x58,0xa0,0x48,0x8d,0x50,0x98,0x66,0x0f,0x7f,0x48,0xb8,0x48,0x83,0xc1,0x08,0x66,0x0f,0x7f,
    0x40,0xc8,0x88,0x58,0xe0,0x0f,0x11,0x40,0xe8,0x48,0xc7,0x40,0xd8,0xff,0xff,0xff,0xff,0x48,0xff,0x15,0x00,0x00,0x00,0x00,
    0x0f,0x1f,0x44,0x00,0x00,0x48,0x85,0xc0,0x48,0x8d,0x48,0x50,0x48,0x0f,0x44,0xcb,0x48,0x8b,0xc1,0x48,0x81,0xc4,0x80,0x00,
    0x00,0x00,0x5b,0xc3,
};
inline constexpr unsigned char kMask1[] = {
    0xff,0xff,0xff,0xff,0xff,0xff,0xff,0xff,0xff,0xff,0xff,0xff,0xff,0xff,0xff,0xff,0xff,0xff,0xff,0xff,0xff,0xff,0xff,0xff,
    0xff,0xff,0xff,0xff,0xff,0xff,0xff,0xff,0xff,0xff,0xff,0xff,0xff,0xff,0xff,0xff,0xff,0xff,0xff,0xff,0xff,0xff,0xff,0xff,
    0xff,0xff,0xff,0xff,0xff,0xff,0xff,0xff,0xff,0xff,0xff,0xff,0xff,0xff,0xff,0xff,0xff,0xff,0xff,0xff,0x00,0x00,0x00,0x00,
    0xff,0xff,0xff,0xff,0xff,0xff,0xff,0xff,0xff,0xff,0xff,0xff,0xff,0xff,0xff,0xff,0xff,0xff,0xff,0xff,0xff,0xff,0xff,0xff,
    0xff,0xff,0xff,0xff,
};
inline constexpr Reference kRefs1[] = {
    {68, 72, Section::ReadOnly, Node::Count, Binding::None, "RtlLookupElementGenericTable"},
};
// ZOrder
inline constexpr unsigned char kBytes2[] = {
    0x48,0x89,0x5c,0x24,0x08,0x48,0x89,0x74,0x24,0x10,0x48,0x89,0x7c,0x24,0x18,0x55,0x41,0x56,0x41,0x57,0x48,0x8b,0xec,0x48,
    0x83,0xec,0x40,0x4d,0x8b,0xf8,0x48,0x8b,0xda,0x4c,0x8b,0xf1,0x48,0x8d,0x0d,0x00,0x00,0x00,0x00,0x48,0x89,0x4d,0xf8,0x48,
    0xff,0x15,0x00,0x00,0x00,0x00,0x0f,0x1f,0x44,0x00,0x00,0x90,0x33,0xff,0x8b,0xf7,0x48,0x89,0x7d,0x38,0x4c,0x8d,0x4d,0x38,
    0x41,0xb0,0x01,0x48,0x8b,0xd3,0x49,0x8b,0xce,0xe8,0x00,0x00,0x00,0x00,0x48,0x8b,0x55,0x38,0x48,0x85,0xd2,0x75,0x49,0x48,
    0x89,0x7c,0x24,0x28,0xc7,0x44,0x24,0x20,0x07,0x10,0x00,0x00,0x41,0xb9,0x06,0x00,0x07,0x80,0x41,0x8b,0xf1,0x45,0x33,0xc0,
    0x33,0xd2,0x8d,0x4a,0x14,0xe8,0x00,0x00,0x00,0x00,0x90,0x48,0x8d,0x4d,0xf8,0xe8,0x00,0x00,0x00,0x00,0x8b,0xc6,0x48,0x8b,
    0x5c,0x24,0x60,0x48,0x8b,0x74,0x24,0x68,0x48,0x8b,0x7c,0x24,0x70,0x48,0x83,0xc4,0x40,0x41,0x5f,0x41,0x5e,0x5d,0xc3,0xcc,
    0x48,0x8b,0x92,0x88,0x00,0x00,0x00,0x49,0x8b,0xce,0xe8,0x00,0x00,0x00,0x00,0x48,0x8b,0xd8,0x48,0x85,0xc0,0x75,0x17,0xbe,
    0x0e,0x00,0x07,0x80,0x48,0x89,0x7c,0x24,0x28,0xc7,0x44,0x24,0x20,0x0a,0x10,0x00,0x00,0x44,0x8b,0xce,0xeb,0x9f,0x48,0x89,
    0x5d,0xf0,0x4d,0x85,0xff,0x74,0x2d,0x4c,0x8d,0x4d,0xf0,0x41,0xb0,0x01,0x49,0x8b,0xd7,0x49,0x8b,0xce,0xe8,0x00,0x00,0x00,
    0x00,0x48,0x8b,0x45,0xf0,0x48,0x85,0xc0,0x75,0x12,0x48,0x89,0x7c,0x24,0x28,0xc7,0x44,0x24,0x20,0x15,0x10,0x00,0x00,0xe9,
    0x60,0xff,0xff,0xff,0x48,0x8b,0x4d,0x38,0x48,0x3b,0x08,0x0f,0x84,0x6a,0xff,0xff,0xff,0x48,0x8b,0x11,0x4c,0x8b,0x41,0x08,
    0x48,0x39,0x4a,0x08,0x0f,0x85,0x41,0x03,0x00,0x00,0x49,0x39,0x08,0x0f,0x85,0x38,0x03,0x00,0x00,0x49,0x89,0x10,0x4c,0x89,
    0x42,0x08,0x48,0x8b,0x4d,0x38,0x4c,0x8b,0x00,0x49,0x39,0x40,0x08,0x0f,0x85,0x20,0x03,0x00,0x00,0x4c,0x89,0x01,0x48,0x89,
    0x41,0x08,0x49,0x89,0x48,0x08,0x48,0x89,0x08,0x48,0x85,0xd2,0x74,0x2b,0x48,0x3b,0xd3,0x74,0x26,0x45,0x33,0xc0,0x49,0x8b,
    0xce,0xe8,0x00,0x00,0x00,0x00,0x8b,0xf0,0x85,0xc0,0x79,0x15,0x48,0x89,0x7c,0x24,0x28,0xc7,0x44,0x24,0x20,0x23,0x10,0x00,
    0x00,0x44,0x8b,0xc8,0xe9,0xec,0xfe,0xff,0xff,0x48,0x8b,0x55,0x38,0x48,0x39,0xba,0xb8,0x01,0x00,0x00,0x0f,0x84,0x46,0x01,
    0x00,0x00,0x41,0xb0,0x01,0x49,0x8b,0xce,0xe8,0x00,0x00,0x00,0x00,0x8b,0xf0,0x85,0xc0,0x0f,0x88,0xcf,0x01,0x00,0x00,0x48,
    0x8b,0x55,0x38,0x48,0x8b,0x92,0x88,0x00,0x00,0x00,0x49,0x8b,0xce,0xe8,0x00,0x00,0x00,0x00,0x48,0x8b,0xd8,0x48,0x8b,0x4d,
    0x38,0x33,0xd2,0x48,0x8b,0x89,0xc0,0x01,0x00,0x00,0xe8,0x00,0x00,0x00,0x00,0x8b,0xf0,0x85,0xc0,0x0f,0x88,0x8b,0x01,0x00,
    0x00,0x48,0x8b,0x0d,0x00,0x00,0x00,0x00,0x48,0x8b,0x89,0xd8,0x01,0x00,0x00,0x48,0x8b,0x11,0x48,0x8b,0x82,0xc0,0x00,0x00,
    0x00,0x48,0x8b,0x55,0x38,0xe8,0x00,0x00,0x00,0x00,0x8b,0xf0,0x85,0xc0,0x0f,0x88,0x4e,0x01,0x00,0x00,0x48,0x8b,0x55,0x38,
    0x49,0x3b,0x96,0xd0,0x02,0x00,0x00,0x75,0x2d,0x49,0x39,0xbe,0x38,0x02,0x00,0x00,0x74,0x24,0x49,0x8b,0xce,0xe8,0x00,0x00,
    0x00,0x00,0x8b,0xf0,0x85,0xc0,0x79,0x12,0x48,0x89,0x7c,0x24,0x28,0xc7,0x44,0x24,0x20,0x34,0x10,0x00,0x00,0xe9,0x3f,0xff,
    0xff,0xff,0x48,0x8b,0x55,0x38,0x48,0x8b,0x82,0xd0,0x01,0x00,0x00,0x48,0x85,0xc0,0x74,0x35,0x48,0x8d,0x8b,0x90,0x00,0x00,
    0x00,0x41,0xb1,0x01,0x4c,0x8b,0x82,0xb8,0x01,0x00,0x00,0x48,0x8b,0xd0,0xe8,0x00,0x00,0x00,0x00,0x8b,0xf0,0x85,0xc0,0x79,
    0x12,0x48,0x89,0x7c,0x24,0x28,0xc7,0x44,0x24,0x20,0x3a,0x10,0x00,0x00,0xe9,0xfe,0xfe,0xff,0xff,0x48,0x8b,0x55,0x38,0x48,
    0x8b,0x82,0xb8,0x01,0x00,0x00,0x48,0x85,0xc0,0x74,0x4d,0xf6,0x80,0xc9,0x00,0x00,0x00,0x10,0x74,0x44,0x48,0x89,0x7d,0xf0,
    0x48,0x8d,0x4d,0xf0,0xe8,0x00,0x00,0x00,0x00,0x48,0x8b,0x45,0x38,0x4c,0x8d,0x4d,0xf0,0x45,0x33,0xc0,0x48,0x8b,0x90,0x88,
    0x00,0x00,0x00,0x49,0x8b,0xce,0xe8,0x00,0x00,0x00,0x00,0x8b,0xf0,0x85,0xc0,0x78,0x65,0x48,0x8b,0x4d,0xf0,0xe8,0x00,0x00,
    0x00,0x00,0x90,0x48,0x8d,0x4d,0xf0,0xe8,0x00,0x00,0x00,0x00,0x48,0x8b,0x55,0x38,0x48,0x8b,0x9a,0x58,0x02,0x00,0x00,0x48,
    0x85,0xdb,0x0f,0x84,0x93,0xfd,0xff,0xff,0x83,0xbb,0x78,0x02,0x00,0x00,0x01,0x0f,0x86,0x86,0xfd,0xff,0xff,0x4c,0x8b,0xff,
    0x48,0x8b,0x92,0x88,0x00,0x00,0x00,0x49,0x8b,0xce,0xe8,0x00,0x00,0x00,0x00,0x48,0x8b,0x55,0x38,0x48,0x85,0xc0,0x74,0x7b,
    0x48,0x8b,0x0a,0x48,0x3b,0xc8,0x74,0x73,0x48,0x39,0x99,0x58,0x02,0x00,0x00,0x74,0x67,0x48,0x8b,0x09,0xeb,0xed,0x48,0x89,
    0x7c,0x24,0x28,0xc7,0x44,0x24,0x20,0x41,0x10,0x00,0x00,0x44,0x8b,0xc8,0x45,0x33,0xc0,0x33,0xd2,0x8d,0x4a,0x14,0xe8,0x00,
    0x00,0x00,0x00,0x90,0x48,0x8d,0x4d,0xf0,0xe8,0x00,0x00,0x00,0x00,0xe9,0x29,0xfd,0xff,0xff,0x48,0x89,0x7c,0x24,0x28,0xc7,
    0x44,0x24,0x20,0x2f,0x10,0x00,0x00,0xe9,0x15,0xfe,0xff,0xff,0x48,0x89,0x7c,0x24,0x28,0xc7,0x44,0x24,0x20,0x2e,0x10,0x00,
    0x00,0xe9,0x03,0xfe,0xff,0xff,0x48,0x89,0x7c,0x24,0x28,0xc7,0x44,0x24,0x20,0x2a,0x10,0x00,0x00,0xe9,0xf1,0xfd,0xff,0xff,
    0x4c,0x8b,0xf9,0x4c,0x8d,0x9b,0x60,0x02,0x00,0x00,0x4d,0x85,0xff,0x74,0x3a,0x48,0x8d,0x55,0x38,0x49,0x8b,0xcb,0xe8,0x00,
    0x00,0x00,0x00,0x49,0x8b,0x03,0x41,0x39,0x7b,0x18,0x76,0x11,0x4c,0x3b,0x38,0x74,0x0c,0xff,0xc7,0x48,0x83,0xc0,0x08,0x41,
    0x3b,0x7b,0x18,0x72,0xef,0x44,0x8b,0xc7,0x48,0x8d,0x55,0x38,0x49,0x8b,0xcb,0xe8,0x00,0x00,0x00,0x00,0xe9,0xaa,0xfc,0xff,
    0xff,0x8b,0x8b,0x78,0x02,0x00,0x00,0xff,0xc9,0x49,0x8b,0x03,0x48,0x39,0x14,0xc8,0x0f,0x84,0x95,0xfc,0xff,0xff,0x48,0x8d,
    0x55,0x38,0x49,0x8b,0xcb,0xe8,0x00,0x00,0x00,0x00,0x41,0x8b,0x43,0x18,0x44,0x8d,0x40,0x01,0x44,0x3b,0xc0,0x73,0x18,0x48,
    0x89,0x7c,0x24,0x28,0xc7,0x44,0x24,0x20,0xb3,0x00,0x00,0x00,0x41,0xb9,0x16,0x02,0x07,0x80,0xe9,0x56,0xfc,0xff,0xff,0x45,
    0x3b,0x43,0x14,0x77,0x17,0x48,0x8b,0xd0,0x49,0x8b,0x0b,0x48,0x8b,0x45,0x38,0x48,0x89,0x04,0xd1,0x45,0x89,0x43,0x18,0xe9,
    0x47,0xfc,0xff,0xff,0x4c,0x8d,0x4d,0x38,0xba,0x08,0x00,0x00,0x00,0x44,0x8d,0x42,0xf9,0x49,0x8b,0xcb,0xe8,0x00,0x00,0x00,
    0x00,0x85,0xc0,0x0f,0x89,0x2a,0xfc,0xff,0xff,0x48,0x89,0x7c,0x24,0x28,0xc7,0x44,0x24,0x20,0xbe,0x00,0x00,0x00,0xe9,0x16,
    0xfd,0xff,0xff,0xb9,0x03,0x00,0x00,0x00,0xcd,0x29,
};
inline constexpr unsigned char kMask2[] = {
    0xff,0xff,0xff,0xff,0xff,0xff,0xff,0xff,0xff,0xff,0xff,0xff,0xff,0xff,0xff,0xff,0xff,0xff,0xff,0xff,0xff,0xff,0xff,0xff,
    0xff,0xff,0xff,0xff,0xff,0xff,0xff,0xff,0xff,0xff,0xff,0xff,0xff,0xff,0xff,0x00,0x00,0x00,0x00,0xff,0xff,0xff,0xff,0xff,
    0xff,0xff,0x00,0x00,0x00,0x00,0xff,0xff,0xff,0xff,0xff,0xff,0xff,0xff,0xff,0xff,0xff,0xff,0xff,0xff,0xff,0xff,0xff,0xff,
    0xff,0xff,0xff,0xff,0xff,0xff,0xff,0xff,0xff,0xff,0x00,0x00,0x00,0x00,0xff,0xff,0xff,0xff,0xff,0xff,0xff,0xff,0xff,0xff,
    0xff,0xff,0xff,0xff,0xff,0xff,0xff,0xff,0xff,0xff,0xff,0xff,0xff,0xff,0xff,0xff,0xff,0xff,0xff,0xff,0xff,0xff,0xff,0xff,
    0xff,0xff,0xff,0xff,0xff,0xff,0x00,0x00,0x00,0x00,0xff,0xff,0xff,0xff,0xff,0xff,0x00,0x00,0x00,0x00,0xff,0xff,0xff,0xff,
    0xff,0xff,0xff,0xff,0xff,0xff,0xff,0xff,0xff,0xff,0xff,0xff,0xff,0xff,0xff,0xff,0xff,0xff,0xff,0xff,0xff,0xff,0xff,0xff,
    0xff,0xff,0xff,0xff,0xff,0xff,0xff,0xff,0xff,0xff,0xff,0x00,0x00,0x00,0x00,0xff,0xff,0xff,0xff,0xff,0xff,0xff,0xff,0xff,
    0xff,0xff,0xff,0xff,0xff,0xff,0xff,0xff,0xff,0xff,0xff,0xff,0xff,0xff,0xff,0xff,0xff,0xff,0xff,0xff,0xff,0xff,0xff,0xff,
    0xff,0xff,0xff,0xff,0xff,0xff,0xff,0xff,0xff,0xff,0xff,0xff,0xff,0xff,0xff,0xff,0xff,0xff,0xff,0xff,0xff,0x00,0x00,0x00,
    0x00,0xff,0xff,0xff,0xff,0xff,0xff,0xff,0xff,0xff,0xff,0xff,0xff,0xff,0xff,0xff,0xff,0xff,0xff,0xff,0xff,0xff,0xff,0xff,
    0xff,0xff,0xff,0xff,0xff,0xff,0xff,0xff,0xff,0xff,0xff,0xff,0xff,0xff,0xff,0xff,0xff,0xff,0xff,0xff,0xff,0xff,0xff,0xff,
    0xff,0xff,0xff,0xff,0xff,0xff,0xff,0xff,0xff,0xff,0xff,0xff,0xff,0xff,0xff,0xff,0xff,0xff,0xff,0xff,0xff,0xff,0xff,0xff,
    0xff,0xff,0xff,0xff,0xff,0xff,0xff,0xff,0xff,0xff,0xff,0xff,0xff,0xff,0xff,0xff,0xff,0xff,0xff,0xff,0xff,0xff,0xff,0xff,
    0xff,0xff,0xff,0xff,0xff,0xff,0xff,0xff,0xff,0xff,0xff,0xff,0xff,0xff,0xff,0xff,0xff,0xff,0xff,0xff,0xff,0xff,0xff,0xff,
    0xff,0xff,0x00,0x00,0x00,0x00,0xff,0xff,0xff,0xff,0xff,0xff,0xff,0xff,0xff,0xff,0xff,0xff,0xff,0xff,0xff,0xff,0xff,0xff,
    0xff,0xff,0xff,0xff,0xff,0xff,0xff,0xff,0xff,0xff,0xff,0xff,0xff,0xff,0xff,0xff,0xff,0xff,0xff,0xff,0xff,0xff,0xff,0xff,
    0xff,0xff,0xff,0xff,0xff,0xff,0xff,0xff,0xff,0x00,0x00,0x00,0x00,0xff,0xff,0xff,0xff,0xff,0xff,0xff,0xff,0xff,0xff,0xff,
    0xff,0xff,0xff,0xff,0xff,0xff,0xff,0xff,0xff,0xff,0xff,0xff,0xff,0xff,0x00,0x00,0x00,0x00,0xff,0xff,0xff,0xff,0xff,0xff,
    0xff,0xff,0xff,0xff,0xff,0xff,0xff,0xff,0xff,0xff,0xff,0x00,0x00,0x00,0x00,0xff,0xff,0xff,0xff,0xff,0xff,0xff,0xff,0xff,
    0xff,0xff,0xff,0xff,0x00,0x00,0x00,0x00,0xff,0xff,0xff,0xff,0xff,0xff,0xff,0xff,0xff,0xff,0xff,0xff,0xff,0xff,0xff,0xff,
    0xff,0xff,0xff,0xff,0xff,0xff,0x00,0x00,0x00,0x00,0xff,0xff,0xff,0xff,0xff,0xff,0xff,0xff,0xff,0xff,0xff,0xff,0xff,0xff,
    0xff,0xff,0xff,0xff,0xff,0xff,0xff,0xff,0xff,0xff,0xff,0xff,0xff,0xff,0xff,0xff,0xff,0xff,0xff,0xff,0xff,0xff,0x00,0x00,
    0x00,0x00,0xff,0xff,0xff,0xff,0xff,0xff,0xff,0xff,0xff,0xff,0xff,0xff,0xff,0xff,0xff,0xff,0xff,0xff,0xff,0xff,0xff,0xff,
    0xff,0xff,0xff,0xff,0xff,0xff,0xff,0xff,0xff,0xff,0xff,0xff,0xff,0xff,0xff,0xff,0xff,0xff,0xff,0xff,0xff,0xff,0xff,0xff,
    0xff,0xff,0xff,0xff,0xff,0xff,0xff,0xff,0xff,0xff,0xff,0xff,0xff,0xff,0xff,0x00,0x00,0x00,0x00,0xff,0xff,0xff,0xff,0xff,
    0xff,0xff,0xff,0xff,0xff,0xff,0xff,0xff,0xff,0xff,0xff,0xff,0xff,0xff,0xff,0xff,0xff,0xff,0xff,0xff,0xff,0xff,0xff,0xff,
    0xff,0xff,0xff,0xff,0xff,0xff,0xff,0xff,0xff,0xff,0xff,0xff,0xff,0xff,0xff,0xff,0xff,0xff,0xff,0xff,0xff,0xff,0xff,0xff,
    0xff,0xff,0xff,0xff,0xff,0x00,0x00,0x00,0x00,0xff,0xff,0xff,0xff,0xff,0xff,0xff,0xff,0xff,0xff,0xff,0xff,0xff,0xff,0xff,
    0xff,0xff,0xff,0xff,0xff,0xff,0xff,0x00,0x00,0x00,0x00,0xff,0xff,0xff,0xff,0xff,0xff,0xff,0xff,0xff,0xff,0xff,0x00,0x00,
    0x00,0x00,0xff,0xff,0xff,0xff,0xff,0xff,0x00,0x00,0x00,0x00,0xff,0xff,0xff,0xff,0xff,0xff,0xff,0xff,0xff,0xff,0xff,0xff,
    0xff,0xff,0xff,0xff,0xff,0xff,0xff,0xff,0xff,0xff,0xff,0xff,0xff,0xff,0xff,0xff,0xff,0xff,0xff,0xff,0xff,0xff,0xff,0xff,
    0xff,0xff,0xff,0xff,0xff,0xff,0xff,0xff,0xff,0xff,0xff,0x00,0x00,0x00,0x00,0xff,0xff,0xff,0xff,0xff,0xff,0xff,0xff,0xff,
    0xff,0xff,0xff,0xff,0xff,0xff,0xff,0xff,0xff,0xff,0xff,0xff,0xff,0xff,0xff,0xff,0xff,0xff,0xff,0xff,0xff,0xff,0xff,0xff,
    0xff,0xff,0xff,0xff,0xff,0xff,0xff,0xff,0xff,0xff,0xff,0xff,0xff,0xff,0xff,0xff,0xff,0xff,0xff,0xff,0xff,0xff,0xff,0x00,
    0x00,0x00,0x00,0xff,0xff,0xff,0xff,0xff,0xff,0x00,0x00,0x00,0x00,0xff,0xff,0xff,0xff,0xff,0xff,0xff,0xff,0xff,0xff,0xff,
    0xff,0xff,0xff,0xff,0xff,0xff,0xff,0xff,0xff,0xff,0xff,0xff,0xff,0xff,0xff,0xff,0xff,0xff,0xff,0xff,0xff,0xff,0xff,0xff,
    0xff,0xff,0xff,0xff,0xff,0xff,0xff,0xff,0xff,0xff,0xff,0xff,0xff,0xff,0xff,0xff,0xff,0xff,0xff,0xff,0xff,0xff,0xff,0xff,
    0xff,0xff,0xff,0xff,0xff,0xff,0xff,0xff,0xff,0xff,0xff,0xff,0xff,0xff,0xff,0xff,0xff,0xff,0xff,0xff,0xff,0xff,0xff,0x00,
    0x00,0x00,0x00,0xff,0xff,0xff,0xff,0xff,0xff,0xff,0xff,0xff,0xff,0xff,0xff,0xff,0xff,0xff,0xff,0xff,0xff,0xff,0xff,0xff,
    0xff,0xff,0xff,0xff,0xff,0xff,0xff,0xff,0xff,0xff,0xff,0xff,0xff,0xff,0xff,0xff,0x00,0x00,0x00,0x00,0xff,0xff,0xff,0xff,
    0xff,0xff,0xff,0xff,0xff,0xff,0xff,0xff,0xff,0xff,0xff,0xff,0xff,0xff,0xff,0xff,0xff,0xff,0xff,0xff,0xff,0xff,0xff,0xff,
    0xff,0xff,0xff,0xff,0xff,0xff,0x00,0x00,0x00,0x00,0xff,0xff,0xff,0xff,0xff,0xff,0xff,0xff,0xff,0xff,0xff,0xff,0xff,0xff,
    0xff,0xff,0xff,0xff,0xff,0xff,0xff,0xff,0xff,0xff,0xff,0xff,0xff,0xff,0xff,0xff,0xff,0xff,0xff,0xff,0xff,0xff,0xff,0xff,
    0xff,0xff,0xff,0xff,0xff,0xff,0xff,0xff,0xff,0xff,0xff,0xff,0xff,0xff,0xff,0xff,0xff,0xff,0xff,0xff,0xff,0xff,0xff,0xff,
    0xff,0xff,0xff,0xff,0xff,0xff,0xff,0xff,0xff,0xff,0xff,0xff,0xff,0xff,0xff,0xff,0xff,0xff,0xff,0xff,0xff,0x00,0x00,0x00,
    0x00,0xff,0xff,0xff,0xff,0xff,0xff,0xff,0xff,0xff,0xff,0xff,0xff,0xff,0xff,0xff,0xff,0xff,0xff,0xff,0xff,0xff,0xff,0xff,
    0xff,0xff,0xff,0xff,0xff,0xff,0xff,0xff,0xff,0xff,
};
inline constexpr Reference kRefs2[] = {
    {39, 43, Section::Writable, Node::Count, Binding::CriticalSection, nullptr},
    {50, 54, Section::ReadOnly, Node::Count, Binding::None, "EnterCriticalSection"},
    {82, 86, Section::Code, Node::SyncedData, Binding::None, nullptr},
    {126, 130, Section::Code, Node::Count, Binding::None, nullptr},
    {136, 140, Section::Code, Node::Count, Binding::None, nullptr},
    {179, 183, Section::Code, Node::DesktopList, Binding::None, nullptr},
    {237, 241, Section::Code, Node::SyncedData, Binding::None, nullptr},
    {362, 366, Section::Code, Node::Reevaluate, Binding::None, nullptr},
    {417, 421, Section::Code, Node::Reevaluate, Binding::None, nullptr},
    {446, 450, Section::Code, Node::Count, Binding::None, nullptr},
    {467, 471, Section::Code, Node::Count, Binding::None, nullptr},
    {484, 488, Section::Writable, Node::Count, Binding::DesktopManager, nullptr},
    {510, 514, Section::Code, Node::Count, Binding::None, nullptr},
    {550, 554, Section::Code, Node::Count, Binding::None, nullptr},
    {615, 619, Section::Code, Node::InsertRelative, Binding::None, nullptr},
    {677, 681, Section::Code, Node::Count, Binding::None, nullptr},
    {703, 707, Section::Code, Node::Count, Binding::None, nullptr},
    {718, 722, Section::Code, Node::Count, Binding::None, nullptr},
    {728, 732, Section::Code, Node::Count, Binding::None, nullptr},
    {779, 783, Section::Code, Node::DesktopList, Binding::None, nullptr},
    {839, 843, Section::Code, Node::Count, Binding::None, nullptr},
    {849, 853, Section::Code, Node::Count, Binding::None, nullptr},
    {935, 939, Section::Code, Node::Count, Binding::None, nullptr},
    {976, 980, Section::Code, Node::Count, Binding::None, nullptr},
    {1014, 1018, Section::Code, Node::Count, Binding::None, nullptr},
    {1101, 1105, Section::Code, Node::Count, Binding::None, nullptr},
};
// UpdateScene
inline constexpr unsigned char kBytes3[] = {
    0x48,0x89,0x5c,0x24,0x08,0x48,0x89,0x74,0x24,0x18,0x57,0x48,0x83,0xec,0x20,0x48,0x8b,0xd9,0x48,0x8b,0x05,0x00,0x00,0x00,
    0x00,0x80,0x78,0x19,0x00,0x74,0x6b,0x48,0x8d,0x35,0x00,0x00,0x00,0x00,0x48,0x89,0x74,0x24,0x38,0x48,0x8b,0xce,0x48,0xff,
    0x15,0x00,0x00,0x00,0x00,0x0f,0x1f,0x44,0x00,0x00,0x90,0x48,0x8b,0x3d,0x00,0x00,0x00,0x00,0x48,0xff,0x15,0x00,0x00,0x00,
    0x00,0x0f,0x1f,0x44,0x00,0x00,0x3b,0x87,0x68,0x04,0x00,0x00,0x74,0x17,0x48,0x8b,0x0d,0x00,0x00,0x00,0x00,0x48,0x8b,0x89,
    0xb8,0x00,0x00,0x00,0xe8,0x00,0x00,0x00,0x00,0x85,0xc0,0x7f,0x6c,0x48,0x8b,0xcb,0xe8,0x00,0x00,0x00,0x00,0x8b,0xd8,0x85,
    0xc0,0x78,0x22,0x48,0x8b,0xce,0x48,0xff,0x15,0x00,0x00,0x00,0x00,0x0f,0x1f,0x44,0x00,0x00,0x33,0xc0,0x48,0x8b,0x5c,0x24,
    0x30,0x48,0x8b,0x74,0x24,0x40,0x48,0x83,0xc4,0x20,0x5f,0xc3,0xcc,0x48,0x8b,0x4c,0x24,0x28,0x44,0x8b,0xcb,0x4c,0x8d,0x05,
    0x00,0x00,0x00,0x00,0xba,0x36,0x1c,0x00,0x00,0xe8,0x00,0x00,0x00,0x00,0x90,0x48,0x8b,0xce,0x48,0xff,0x15,0x00,0x00,0x00,
    0x00,0x0f,0x1f,0x44,0x00,0x00,0x8b,0xc3,0x48,0x8b,0x5c,0x24,0x30,0x48,0x8b,0x74,0x24,0x40,0x48,0x83,0xc4,0x20,0x5f,0xc3,
    0xcc,0xe8,0x00,0x00,0x00,0x00,0x90,0x48,0x8b,0xf8,0x48,0x85,0xc0,0x74,0x86,0x48,0x8b,0xc8,0xe8,0x00,0x00,0x00,0x00,0x48,
    0x8b,0xcf,0x84,0xc0,0x74,0x0a,0xe8,0x00,0x00,0x00,0x00,0xe9,0x7b,0xff,0xff,0xff,0xe8,0x00,0x00,0x00,0x00,0xe9,0x63,0xff,
    0xff,0xff,
};
inline constexpr unsigned char kMask3[] = {
    0xff,0xff,0xff,0xff,0xff,0xff,0xff,0xff,0xff,0xff,0xff,0xff,0xff,0xff,0xff,0xff,0xff,0xff,0xff,0xff,0xff,0x00,0x00,0x00,
    0x00,0xff,0xff,0xff,0xff,0xff,0xff,0xff,0xff,0xff,0x00,0x00,0x00,0x00,0xff,0xff,0xff,0xff,0xff,0xff,0xff,0xff,0xff,0xff,
    0xff,0x00,0x00,0x00,0x00,0xff,0xff,0xff,0xff,0xff,0xff,0xff,0xff,0xff,0x00,0x00,0x00,0x00,0xff,0xff,0xff,0x00,0x00,0x00,
    0x00,0xff,0xff,0xff,0xff,0xff,0xff,0xff,0xff,0xff,0xff,0xff,0xff,0xff,0xff,0xff,0xff,0x00,0x00,0x00,0x00,0xff,0xff,0xff,
    0xff,0xff,0xff,0xff,0xff,0x00,0x00,0x00,0x00,0xff,0xff,0xff,0xff,0xff,0xff,0xff,0xff,0x00,0x00,0x00,0x00,0xff,0xff,0xff,
    0xff,0xff,0xff,0xff,0xff,0xff,0xff,0xff,0xff,0x00,0x00,0x00,0x00,0xff,0xff,0xff,0xff,0xff,0xff,0xff,0xff,0xff,0xff,0xff,
    0xff,0xff,0xff,0xff,0xff,0xff,0xff,0xff,0xff,0xff,0xff,0xff,0xff,0xff,0xff,0xff,0xff,0xff,0xff,0xff,0xff,0xff,0xff,0xff,
    0x00,0x00,0x00,0x00,0xff,0xff,0xff,0xff,0xff,0xff,0x00,0x00,0x00,0x00,0xff,0xff,0xff,0xff,0xff,0xff,0xff,0x00,0x00,0x00,
    0x00,0xff,0xff,0xff,0xff,0xff,0xff,0xff,0xff,0xff,0xff,0xff,0xff,0xff,0xff,0xff,0xff,0xff,0xff,0xff,0xff,0xff,0xff,0xff,
    0xff,0xff,0x00,0x00,0x00,0x00,0xff,0xff,0xff,0xff,0xff,0xff,0xff,0xff,0xff,0xff,0xff,0xff,0xff,0x00,0x00,0x00,0x00,0xff,
    0xff,0xff,0xff,0xff,0xff,0xff,0xff,0x00,0x00,0x00,0x00,0xff,0xff,0xff,0xff,0xff,0xff,0x00,0x00,0x00,0x00,0xff,0xff,0xff,
    0xff,0xff,
};
inline constexpr Reference kRefs3[] = {
    {21, 25, Section::Writable, Node::Count, Binding::DesktopManager, nullptr},
    {34, 38, Section::Writable, Node::Count, Binding::CriticalSection, nullptr},
    {49, 53, Section::ReadOnly, Node::Count, Binding::None, "EnterCriticalSection"},
    {62, 66, Section::Writable, Node::Count, Binding::DesktopManager, nullptr},
    {69, 73, Section::ReadOnly, Node::Count, Binding::None, "GetCurrentThreadId"},
    {89, 93, Section::Writable, Node::Count, Binding::DesktopManager, nullptr},
    {101, 105, Section::Code, Node::Count, Binding::None, nullptr},
    {113, 117, Section::Code, Node::Count, Binding::None, nullptr},
    {129, 133, Section::ReadOnly, Node::Count, Binding::None, "LeaveCriticalSection"},
    {168, 172, Section::ReadOnly, Node::Count, Binding::None, nullptr},
    {178, 182, Section::Code, Node::Count, Binding::None, nullptr},
    {189, 193, Section::ReadOnly, Node::Count, Binding::None, "LeaveCriticalSection"},
    {218, 222, Section::Code, Node::Count, Binding::None, nullptr},
    {235, 239, Section::Code, Node::Count, Binding::None, nullptr},
    {247, 251, Section::Code, Node::Count, Binding::None, nullptr},
    {257, 261, Section::Code, Node::Count, Binding::None, nullptr},
};
// DestroyWindow
inline constexpr unsigned char kBytes4[] = {
    0x48,0x89,0x5c,0x24,0x08,0x48,0x89,0x74,0x24,0x10,0x55,0x57,0x41,0x56,0x48,0x8b,0xec,0x48,0x83,0xec,0x30,0x48,0x8b,0xda,
    0x48,0x8b,0xf1,0x48,0x8d,0x0d,0x00,0x00,0x00,0x00,0x48,0x89,0x4d,0xf0,0x48,0xff,0x15,0x00,0x00,0x00,0x00,0x0f,0x1f,0x44,
    0x00,0x00,0x90,0x48,0x83,0x65,0x30,0x00,0x4c,0x8d,0x4d,0x30,0x41,0xb0,0x01,0x48,0x8b,0xd3,0x48,0x8b,0xce,0xe8,0x00,0x00,
    0x00,0x00,0x48,0x8b,0x55,0x30,0x48,0x85,0xd2,0x0f,0x84,0x12,0x01,0x00,0x00,0x48,0x8b,0x4a,0x18,0x48,0x85,0xc9,0x74,0x1a,
    0x48,0x8b,0x01,0x33,0xd2,0x48,0x8b,0x00,0xe8,0x00,0x00,0x00,0x00,0x48,0x8b,0x45,0x30,0x48,0x83,0x60,0x18,0x00,0x48,0x8b,
    0x55,0x30,0x4c,0x8b,0x72,0x28,0xf6,0x82,0xe4,0x02,0x00,0x00,0x02,0x74,0x18,0x48,0x8d,0x45,0x30,0x48,0x89,0x45,0x38,0x48,
    0x8d,0x55,0x38,0x48,0x8b,0xce,0xe8,0x00,0x00,0x00,0x00,0x48,0x8b,0x55,0x30,0x48,0x8b,0x05,0x00,0x00,0x00,0x00,0x48,0x8b,
    0x88,0xd8,0x01,0x00,0x00,0x48,0x8b,0x01,0x48,0x8b,0x80,0xb8,0x00,0x00,0x00,0xe8,0x00,0x00,0x00,0x00,0x48,0x8b,0x4d,0x18,
    0x85,0xc0,0x79,0x14,0x44,0x8b,0xc8,0x4c,0x8d,0x05,0x00,0x00,0x00,0x00,0xba,0x8e,0x0a,0x00,0x00,0xe8,0x00,0x00,0x00,0x00,
    0x48,0x8d,0x0d,0x00,0x00,0x00,0x00,0xe8,0x00,0x00,0x00,0x00,0x84,0xc0,0x74,0x28,0x48,0x8b,0x7d,0x30,0x48,0x8b,0xbf,0xa8,
    0x02,0x00,0x00,0x48,0x8b,0x1f,0x48,0x3b,0xdf,0x74,0x15,0x48,0x8b,0x4b,0x18,0x48,0xff,0x15,0x00,0x00,0x00,0x00,0x0f,0x1f,
    0x44,0x00,0x00,0x48,0x8b,0x1b,0xeb,0xe6,0x48,0x8b,0x45,0x30,0xf6,0x80,0xe0,0x02,0x00,0x00,0x04,0x75,0x34,0x48,0x8b,0x10,
    0x48,0x8b,0x48,0x08,0x48,0x39,0x42,0x08,0x75,0x5e,0x48,0x39,0x01,0x75,0x59,0x48,0x89,0x11,0x48,0x89,0x4a,0x08,0x48,0x8b,
    0x45,0x30,0x48,0x89,0x40,0x08,0x48,0x8b,0x45,0x30,0x48,0x89,0x00,0x48,0x8b,0x55,0x30,0x48,0x8b,0xce,0xe8,0x00,0x00,0x00,
    0x00,0x48,0x8b,0x8e,0x30,0x02,0x00,0x00,0x48,0x85,0xc9,0x74,0x0c,0x4c,0x3b,0x71,0x08,0x75,0x06,0xe8,0x00,0x00,0x00,0x00,
    0x90,0x48,0x8d,0x4d,0xf0,0xe8,0x00,0x00,0x00,0x00,0x33,0xc0,0x48,0x8b,0x5c,0x24,0x50,0x48,0x8b,0x74,0x24,0x58,0x48,0x83,
    0xc4,0x30,0x41,0x5e,0x5f,0x5d,0xc3,0xcc,0xb9,0x03,0x00,0x00,0x00,0xcd,0x29,
};
inline constexpr unsigned char kMask4[] = {
    0xff,0xff,0xff,0xff,0xff,0xff,0xff,0xff,0xff,0xff,0xff,0xff,0xff,0xff,0xff,0xff,0xff,0xff,0xff,0xff,0xff,0xff,0xff,0xff,
    0xff,0xff,0xff,0xff,0xff,0xff,0x00,0x00,0x00,0x00,0xff,0xff,0xff,0xff,0xff,0xff,0xff,0x00,0x00,0x00,0x00,0xff,0xff,0xff,
    0xff,0xff,0xff,0xff,0xff,0xff,0xff,0xff,0xff,0xff,0xff,0xff,0xff,0xff,0xff,0xff,0xff,0xff,0xff,0xff,0xff,0xff,0x00,0x00,
    0x00,0x00,0xff,0xff,0xff,0xff,0xff,0xff,0xff,0xff,0xff,0xff,0xff,0xff,0xff,0xff,0xff,0xff,0xff,0xff,0xff,0xff,0xff,0xff,
    0xff,0xff,0xff,0xff,0xff,0xff,0xff,0xff,0xff,0x00,0x00,0x00,0x00,0xff,0xff,0xff,0xff,0xff,0xff,0xff,0xff,0xff,0xff,0xff,
    0xff,0xff,0xff,0xff,0xff,0xff,0xff,0xff,0xff,0xff,0xff,0xff,0xff,0xff,0xff,0xff,0xff,0xff,0xff,0xff,0xff,0xff,0xff,0xff,
    0xff,0xff,0xff,0xff,0xff,0xff,0xff,0x00,0x00,0x00,0x00,0xff,0xff,0xff,0xff,0xff,0xff,0xff,0x00,0x00,0x00,0x00,0xff,0xff,
    0xff,0xff,0xff,0xff,0xff,0xff,0xff,0xff,0xff,0xff,0xff,0xff,0xff,0xff,0xff,0xff,0x00,0x00,0x00,0x00,0xff,0xff,0xff,0xff,
    0xff,0xff,0xff,0xff,0xff,0xff,0xff,0xff,0xff,0xff,0x00,0x00,0x00,0x00,0xff,0xff,0xff,0xff,0xff,0xff,0x00,0x00,0x00,0x00,
    0xff,0xff,0xff,0x00,0x00,0x00,0x00,0xff,0x00,0x00,0x00,0x00,0xff,0xff,0xff,0xff,0xff,0xff,0xff,0xff,0xff,0xff,0xff,0xff,
    0xff,0xff,0xff,0xff,0xff,0xff,0xff,0xff,0xff,0xff,0xff,0xff,0xff,0xff,0xff,0xff,0xff,0xff,0x00,0x00,0x00,0x00,0xff,0xff,
    0xff,0xff,0xff,0xff,0xff,0xff,0xff,0xff,0xff,0xff,0xff,0xff,0xff,0xff,0xff,0xff,0xff,0xff,0xff,0xff,0xff,0xff,0xff,0xff,
    0xff,0xff,0xff,0xff,0xff,0xff,0xff,0xff,0xff,0xff,0xff,0xff,0xff,0xff,0xff,0xff,0xff,0xff,0xff,0xff,0xff,0xff,0xff,0xff,
    0xff,0xff,0xff,0xff,0xff,0xff,0xff,0xff,0xff,0xff,0xff,0xff,0xff,0xff,0xff,0xff,0xff,0xff,0xff,0xff,0xff,0x00,0x00,0x00,
    0x00,0xff,0xff,0xff,0xff,0xff,0xff,0xff,0xff,0xff,0xff,0xff,0xff,0xff,0xff,0xff,0xff,0xff,0xff,0xff,0x00,0x00,0x00,0x00,
    0xff,0xff,0xff,0xff,0xff,0xff,0x00,0x00,0x00,0x00,0xff,0xff,0xff,0xff,0xff,0xff,0xff,0xff,0xff,0xff,0xff,0xff,0xff,0xff,
    0xff,0xff,0xff,0xff,0xff,0xff,0xff,0xff,0xff,0xff,0xff,0xff,0xff,0xff,0xff,
};
inline constexpr Reference kRefs4[] = {
    {30, 34, Section::Writable, Node::Count, Binding::CriticalSection, nullptr},
    {41, 45, Section::ReadOnly, Node::Count, Binding::None, "EnterCriticalSection"},
    {70, 74, Section::Code, Node::SyncedData, Binding::None, nullptr},
    {105, 109, Section::Code, Node::Count, Binding::None, nullptr},
    {151, 155, Section::Code, Node::Count, Binding::None, nullptr},
    {162, 166, Section::Writable, Node::Count, Binding::DesktopManager, nullptr},
    {184, 188, Section::Code, Node::Count, Binding::None, nullptr},
    {202, 206, Section::ReadOnly, Node::Count, Binding::None, nullptr},
    {212, 216, Section::Code, Node::Count, Binding::None, nullptr},
    {219, 223, Section::Writable, Node::Count, Binding::None, nullptr},
    {224, 228, Section::Code, Node::Count, Binding::None, nullptr},
    {258, 262, Section::ReadOnly, Node::Count, Binding::None, "SetEvent"},
    {333, 337, Section::Code, Node::Count, Binding::None, nullptr},
    {356, 360, Section::Code, Node::Count, Binding::None, nullptr},
    {366, 370, Section::Code, Node::Count, Binding::None, nullptr},
};
// SyncedData
inline constexpr unsigned char kBytes5[] = {
    0x48,0x89,0x5c,0x24,0x08,0x48,0x89,0x6c,0x24,0x18,0x56,0x57,0x41,0x56,0x48,0x83,0xec,0x20,0x4d,0x8b,0xf1,0x41,0x8a,0xf0,
    0x48,0x8b,0xfa,0x48,0x8b,0xe9,0x48,0x8b,0x02,0x48,0x8b,0xca,0x48,0x8b,0x40,0x08,0xe8,0x00,0x00,0x00,0x00,0x48,0x8b,0xd8,
    0x48,0x85,0xc0,0x0f,0x85,0x8e,0x00,0x00,0x00,0x40,0x84,0xf6,0x74,0x14,0x48,0x8b,0x0f,0x48,0x8b,0x41,0x10,0x48,0x8b,0xcf,
    0xe8,0x00,0x00,0x00,0x00,0x48,0x85,0xc0,0x74,0x75,0xb9,0xa8,0x03,0x00,0x00,0xe8,0x00,0x00,0x00,0x00,0x48,0x89,0x44,0x24,
    0x48,0x48,0x85,0xc0,0x74,0x0d,0x48,0x8b,0xc8,0xe8,0x00,0x00,0x00,0x00,0x48,0x8b,0xd8,0xeb,0x02,0x33,0xdb,0x48,0x85,0xdb,
    0x75,0x17,0x48,0x8b,0x4c,0x24,0x38,0x4c,0x8d,0x05,0x00,0x00,0x00,0x00,0xba,0xe4,0x09,0x00,0x00,0xe8,0x00,0x00,0x00,0x00,
    0xcc,0x48,0x89,0x7b,0x18,0x48,0x8b,0x07,0x48,0x8b,0xd3,0x48,0x8b,0xcf,0x48,0x8b,0x00,0xe8,0x00,0x00,0x00,0x00,0x48,0x8b,
    0x07,0x48,0x8b,0xcf,0x48,0x8b,0x40,0x18,0xe8,0x00,0x00,0x00,0x00,0x48,0x89,0x43,0x28,0x4c,0x8b,0xc3,0x48,0x8b,0xd7,0x48,
    0x8b,0xcd,0xe8,0x00,0x00,0x00,0x00,0x49,0x89,0x1e,0x48,0x8b,0x5c,0x24,0x40,0x48,0x8b,0x6c,0x24,0x50,0x48,0x83,0xc4,0x20,
    0x41,0x5e,0x5f,0x5e,0xc3,
};
inline constexpr unsigned char kMask5[] = {
    0xff,0xff,0xff,0xff,0xff,0xff,0xff,0xff,0xff,0xff,0xff,0xff,0xff,0xff,0xff,0xff,0xff,0xff,0xff,0xff,0xff,0xff,0xff,0xff,
    0xff,0xff,0xff,0xff,0xff,0xff,0xff,0xff,0xff,0xff,0xff,0xff,0xff,0xff,0xff,0xff,0xff,0x00,0x00,0x00,0x00,0xff,0xff,0xff,
    0xff,0xff,0xff,0xff,0xff,0xff,0xff,0xff,0xff,0xff,0xff,0xff,0xff,0xff,0xff,0xff,0xff,0xff,0xff,0xff,0xff,0xff,0xff,0xff,
    0xff,0x00,0x00,0x00,0x00,0xff,0xff,0xff,0xff,0xff,0xff,0xff,0xff,0xff,0xff,0xff,0x00,0x00,0x00,0x00,0xff,0xff,0xff,0xff,
    0xff,0xff,0xff,0xff,0xff,0xff,0xff,0xff,0xff,0xff,0x00,0x00,0x00,0x00,0xff,0xff,0xff,0xff,0xff,0xff,0xff,0xff,0xff,0xff,
    0xff,0xff,0xff,0xff,0xff,0xff,0xff,0xff,0xff,0xff,0x00,0x00,0x00,0x00,0xff,0xff,0xff,0xff,0xff,0xff,0x00,0x00,0x00,0x00,
    0xff,0xff,0xff,0xff,0xff,0xff,0xff,0xff,0xff,0xff,0xff,0xff,0xff,0xff,0xff,0xff,0xff,0xff,0x00,0x00,0x00,0x00,0xff,0xff,
    0xff,0xff,0xff,0xff,0xff,0xff,0xff,0xff,0xff,0x00,0x00,0x00,0x00,0xff,0xff,0xff,0xff,0xff,0xff,0xff,0xff,0xff,0xff,0xff,
    0xff,0xff,0xff,0x00,0x00,0x00,0x00,0xff,0xff,0xff,0xff,0xff,0xff,0xff,0xff,0xff,0xff,0xff,0xff,0xff,0xff,0xff,0xff,0xff,
    0xff,0xff,0xff,0xff,0xff,
};
inline constexpr Reference kRefs5[] = {
    {41, 45, Section::Code, Node::Count, Binding::None, nullptr},
    {73, 77, Section::Code, Node::Count, Binding::None, nullptr},
    {88, 92, Section::Code, Node::Count, Binding::None, nullptr},
    {106, 110, Section::Code, Node::Count, Binding::None, nullptr},
    {130, 134, Section::ReadOnly, Node::Count, Binding::None, nullptr},
    {140, 144, Section::Code, Node::Count, Binding::None, nullptr},
    {162, 166, Section::Code, Node::Count, Binding::None, nullptr},
    {177, 181, Section::Code, Node::Count, Binding::None, nullptr},
    {195, 199, Section::Code, Node::Count, Binding::None, nullptr},
};
// Reevaluate
inline constexpr unsigned char kBytes6[] = {
    0x48,0x8b,0xc4,0x48,0x89,0x58,0x08,0x48,0x89,0x68,0x20,0x56,0x57,0x41,0x56,0x48,0x81,0xec,0x80,0x00,0x00,0x00,0x41,0x0f,
    0xb6,0xe8,0x48,0x8b,0xfa,0x4c,0x8b,0xf1,0x48,0x39,0x12,0x0f,0x84,0xfb,0x00,0x00,0x00,0x0f,0x57,0xc0,0x48,0xc7,0x40,0xc8,
    0xff,0xff,0xff,0xff,0x66,0x0f,0x7f,0x40,0x98,0x33,0xdb,0x48,0x89,0x58,0x90,0x0f,0x57,0xc9,0x66,0x0f,0x7f,0x48,0xa8,0x48,
    0x83,0xc1,0x08,0x66,0x0f,0x7f,0x40,0xb8,0x88,0x58,0xd0,0x0f,0x11,0x40,0xd8,0x48,0x8b,0x82,0x88,0x00,0x00,0x00,0x48,0x8d,
    0x54,0x24,0x20,0x48,0x89,0x44,0x24,0x20,0x48,0xff,0x15,0x00,0x00,0x00,0x00,0x0f,0x1f,0x44,0x00,0x00,0x48,0x85,0xc0,0x48,
    0x8d,0x70,0x50,0x48,0x0f,0x44,0xf3,0x48,0x8b,0xdf,0x40,0x84,0xed,0x75,0x33,0xf6,0x83,0xe0,0x02,0x00,0x00,0x01,0x75,0x17,
    0x48,0x8b,0x1b,0x40,0x32,0xed,0x48,0x85,0xdb,0x74,0x40,0x48,0x3b,0xde,0x74,0x3b,0x48,0x3b,0xdf,0x75,0xe2,0xeb,0x34,0x48,
    0x8b,0x83,0xb8,0x01,0x00,0x00,0x48,0x85,0xc0,0x74,0xdd,0x48,0x83,0x78,0x18,0x00,0x74,0xd6,0x48,0x8b,0xd6,0x48,0x8b,0xcb,
    0xe8,0x00,0x00,0x00,0x00,0x0f,0xb6,0x8b,0xe6,0x02,0x00,0x00,0xc0,0xe9,0x04,0x80,0xe1,0x01,0x3a,0xc1,0x75,0x20,0x40,0x84,
    0xed,0x75,0x7d,0x33,0xc0,0x4c,0x8d,0x9c,0x24,0x80,0x00,0x00,0x00,0x49,0x8b,0x5b,0x20,0x49,0x8b,0x6b,0x38,0x49,0x8b,0xe3,
    0x41,0x5e,0x5f,0x5e,0xc3,0xcc,0x48,0x8b,0xd3,0xe8,0x00,0x00,0x00,0x00,0x8b,0xe8,0x85,0xc0,0x79,0x8c,0x48,0x8b,0x8c,0x24,
    0x98,0x00,0x00,0x00,0x4c,0x8d,0x05,0x00,0x00,0x00,0x00,0x44,0x8b,0xc8,0xba,0x1f,0x22,0x00,0x00,0xe8,0x00,0x00,0x00,0x00,
    0x8b,0xc5,0xeb,0xb9,0xf6,0x82,0xe6,0x02,0x00,0x00,0x10,0x74,0xae,0xe8,0x00,0x00,0x00,0x00,0x8b,0xd8,0x85,0xc0,0x79,0xa3,
    0x48,0x8b,0x8c,0x24,0x98,0x00,0x00,0x00,0x4c,0x8d,0x05,0x00,0x00,0x00,0x00,0x44,0x8b,0xc8,0xba,0x0f,0x22,0x00,0x00,0xe8,
    0x00,0x00,0x00,0x00,0x8b,0xc3,0xeb,0x85,0x48,0x8b,0xd3,0x49,0x8b,0xce,0xe8,0x00,0x00,0x00,0x00,0x8b,0xe8,0x85,0xc0,0x0f,
    0x89,0x23,0xff,0xff,0xff,0x48,0x8b,0x8c,0x24,0x98,0x00,0x00,0x00,0x4c,0x8d,0x05,0x00,0x00,0x00,0x00,0x44,0x8b,0xc8,0xba,
    0x26,0x22,0x00,0x00,0xe8,0x00,0x00,0x00,0x00,0x8b,0xc5,0xe9,0x4d,0xff,0xff,0xff,
};
inline constexpr unsigned char kMask6[] = {
    0xff,0xff,0xff,0xff,0xff,0xff,0xff,0xff,0xff,0xff,0xff,0xff,0xff,0xff,0xff,0xff,0xff,0xff,0xff,0xff,0xff,0xff,0xff,0xff,
    0xff,0xff,0xff,0xff,0xff,0xff,0xff,0xff,0xff,0xff,0xff,0xff,0xff,0xff,0xff,0xff,0xff,0xff,0xff,0xff,0xff,0xff,0xff,0xff,
    0xff,0xff,0xff,0xff,0xff,0xff,0xff,0xff,0xff,0xff,0xff,0xff,0xff,0xff,0xff,0xff,0xff,0xff,0xff,0xff,0xff,0xff,0xff,0xff,
    0xff,0xff,0xff,0xff,0xff,0xff,0xff,0xff,0xff,0xff,0xff,0xff,0xff,0xff,0xff,0xff,0xff,0xff,0xff,0xff,0xff,0xff,0xff,0xff,
    0xff,0xff,0xff,0xff,0xff,0xff,0xff,0xff,0xff,0xff,0xff,0x00,0x00,0x00,0x00,0xff,0xff,0xff,0xff,0xff,0xff,0xff,0xff,0xff,
    0xff,0xff,0xff,0xff,0xff,0xff,0xff,0xff,0xff,0xff,0xff,0xff,0xff,0xff,0xff,0xff,0xff,0xff,0xff,0xff,0xff,0xff,0xff,0xff,
    0xff,0xff,0xff,0xff,0xff,0xff,0xff,0xff,0xff,0xff,0xff,0xff,0xff,0xff,0xff,0xff,0xff,0xff,0xff,0xff,0xff,0xff,0xff,0xff,
    0xff,0xff,0xff,0xff,0xff,0xff,0xff,0xff,0xff,0xff,0xff,0xff,0xff,0xff,0xff,0xff,0xff,0xff,0xff,0xff,0xff,0xff,0xff,0xff,
    0xff,0x00,0x00,0x00,0x00,0xff,0xff,0xff,0xff,0xff,0xff,0xff,0xff,0xff,0xff,0xff,0xff,0xff,0xff,0xff,0xff,0xff,0xff,0xff,
    0xff,0xff,0xff,0xff,0xff,0xff,0xff,0xff,0xff,0xff,0xff,0xff,0xff,0xff,0xff,0xff,0xff,0xff,0xff,0xff,0xff,0xff,0xff,0xff,
    0xff,0xff,0xff,0xff,0xff,0xff,0xff,0xff,0xff,0xff,0x00,0x00,0x00,0x00,0xff,0xff,0xff,0xff,0xff,0xff,0xff,0xff,0xff,0xff,
    0xff,0xff,0xff,0xff,0xff,0xff,0xff,0x00,0x00,0x00,0x00,0xff,0xff,0xff,0xff,0xff,0xff,0xff,0xff,0xff,0x00,0x00,0x00,0x00,
    0xff,0xff,0xff,0xff,0xff,0xff,0xff,0xff,0xff,0xff,0xff,0xff,0xff,0xff,0x00,0x00,0x00,0x00,0xff,0xff,0xff,0xff,0xff,0xff,
    0xff,0xff,0xff,0xff,0xff,0xff,0xff,0xff,0xff,0xff,0xff,0x00,0x00,0x00,0x00,0xff,0xff,0xff,0xff,0xff,0xff,0xff,0xff,0xff,
    0x00,0x00,0x00,0x00,0xff,0xff,0xff,0xff,0xff,0xff,0xff,0xff,0xff,0xff,0xff,0x00,0x00,0x00,0x00,0xff,0xff,0xff,0xff,0xff,
    0xff,0xff,0xff,0xff,0xff,0xff,0xff,0xff,0xff,0xff,0xff,0xff,0xff,0xff,0xff,0xff,0x00,0x00,0x00,0x00,0xff,0xff,0xff,0xff,
    0xff,0xff,0xff,0xff,0xff,0x00,0x00,0x00,0x00,0xff,0xff,0xff,0xff,0xff,0xff,0xff,
};
inline constexpr Reference kRefs6[] = {
    {107, 111, Section::ReadOnly, Node::Count, Binding::None, "RtlLookupElementGenericTable"},
    {193, 197, Section::Code, Node::Count, Binding::None, nullptr},
    {250, 254, Section::Code, Node::Count, Binding::None, nullptr},
    {271, 275, Section::ReadOnly, Node::Count, Binding::None, nullptr},
    {284, 288, Section::Code, Node::Count, Binding::None, nullptr},
    {302, 306, Section::Code, Node::Count, Binding::None, nullptr},
    {323, 327, Section::ReadOnly, Node::Count, Binding::None, nullptr},
    {336, 340, Section::Code, Node::Count, Binding::None, nullptr},
    {351, 355, Section::Code, Node::InsertTree, Binding::None, nullptr},
    {376, 380, Section::ReadOnly, Node::Count, Binding::None, nullptr},
    {389, 393, Section::Code, Node::Count, Binding::None, nullptr},
};
// InsertTree
inline constexpr unsigned char kBytes7[] = {
    0x48,0x8b,0xc4,0x48,0x89,0x58,0x08,0x48,0x89,0x70,0x10,0x57,0x48,0x81,0xec,0x80,0x00,0x00,0x00,0xf6,0x82,0xe6,0x02,0x00,
    0x00,0x10,0x48,0x8b,0xda,0x48,0x8b,0xf1,0x0f,0x85,0xbc,0x00,0x00,0x00,0x48,0x83,0x60,0xa0,0x00,0x0f,0x57,0xc0,0x48,0x83,
    0x48,0xd8,0xff,0x0f,0x57,0xc9,0x66,0x0f,0x7f,0x40,0xa8,0x48,0x83,0xc1,0x08,0x66,0x0f,0x7f,0x48,0xb8,0x66,0x0f,0x7f,0x40,
    0xc8,0x0f,0x11,0x40,0xe8,0xc6,0x40,0xe0,0x00,0x48,0x8b,0x82,0x88,0x00,0x00,0x00,0x48,0x8d,0x54,0x24,0x20,0x48,0x89,0x44,
    0x24,0x20,0x48,0xff,0x15,0x00,0x00,0x00,0x00,0x0f,0x1f,0x44,0x00,0x00,0x48,0x85,0xc0,0x74,0x6b,0x48,0x8b,0x78,0x18,0x48,
    0x8b,0xd3,0x48,0x8b,0xce,0xe8,0x00,0x00,0x00,0x00,0x48,0x8b,0x93,0xb8,0x01,0x00,0x00,0x4c,0x8b,0xc0,0x48,0x8b,0xcf,0xe8,
    0x00,0x00,0x00,0x00,0x8b,0xf0,0x85,0xc0,0x78,0x24,0x48,0x8b,0x93,0xd0,0x01,0x00,0x00,0x48,0x85,0xd2,0x75,0x69,0x33,0xc0,
    0x4c,0x8d,0x9c,0x24,0x80,0x00,0x00,0x00,0x49,0x8b,0x5b,0x10,0x49,0x8b,0x73,0x18,0x49,0x8b,0xe3,0x5f,0xc3,0xcc,0x48,0x8b,
    0x8c,0x24,0x88,0x00,0x00,0x00,0x4c,0x8d,0x05,0x00,0x00,0x00,0x00,0x44,0x8b,0xce,0xba,0x5a,0x0d,0x00,0x00,0xe8,0x00,0x00,
    0x00,0x00,0x8b,0xc6,0xeb,0xca,0x33,0xff,0xeb,0x95,0x48,0x8b,0x82,0x58,0x02,0x00,0x00,0x48,0x8b,0x88,0xb8,0x01,0x00,0x00,
    0x48,0x8b,0xb9,0xf8,0x00,0x00,0x00,0x8b,0x8f,0xb0,0x00,0x00,0x00,0x48,0x8b,0x87,0x98,0x00,0x00,0x00,0xff,0xc9,0x48,0x8b,
    0x04,0xc8,0xe9,0x73,0xff,0xff,0xff,0x48,0x83,0x7a,0x18,0x00,0x74,0x90,0x4c,0x8b,0x83,0xb8,0x01,0x00,0x00,0x48,0x8b,0xcf,
    0xe8,0x00,0x00,0x00,0x00,0x8b,0xd8,0x85,0xc0,0x0f,0x89,0x77,0xff,0xff,0xff,0x48,0x8b,0x8c,0x24,0x88,0x00,0x00,0x00,0x4c,
    0x8d,0x05,0x00,0x00,0x00,0x00,0x44,0x8b,0xc8,0xba,0x5e,0x0d,0x00,0x00,0xe8,0x00,0x00,0x00,0x00,0x8b,0xc3,0xe9,0x56,0xff,
    0xff,0xff,
};
inline constexpr unsigned char kMask7[] = {
    0xff,0xff,0xff,0xff,0xff,0xff,0xff,0xff,0xff,0xff,0xff,0xff,0xff,0xff,0xff,0xff,0xff,0xff,0xff,0xff,0xff,0xff,0xff,0xff,
    0xff,0xff,0xff,0xff,0xff,0xff,0xff,0xff,0xff,0xff,0xff,0xff,0xff,0xff,0xff,0xff,0xff,0xff,0xff,0xff,0xff,0xff,0xff,0xff,
    0xff,0xff,0xff,0xff,0xff,0xff,0xff,0xff,0xff,0xff,0xff,0xff,0xff,0xff,0xff,0xff,0xff,0xff,0xff,0xff,0xff,0xff,0xff,0xff,
    0xff,0xff,0xff,0xff,0xff,0xff,0xff,0xff,0xff,0xff,0xff,0xff,0xff,0xff,0xff,0xff,0xff,0xff,0xff,0xff,0xff,0xff,0xff,0xff,
    0xff,0xff,0xff,0xff,0xff,0x00,0x00,0x00,0x00,0xff,0xff,0xff,0xff,0xff,0xff,0xff,0xff,0xff,0xff,0xff,0xff,0xff,0xff,0xff,
    0xff,0xff,0xff,0xff,0xff,0xff,0x00,0x00,0x00,0x00,0xff,0xff,0xff,0xff,0xff,0xff,0xff,0xff,0xff,0xff,0xff,0xff,0xff,0xff,
    0x00,0x00,0x00,0x00,0xff,0xff,0xff,0xff,0xff,0xff,0xff,0xff,0xff,0xff,0xff,0xff,0xff,0xff,0xff,0xff,0xff,0xff,0xff,0xff,
    0xff,0xff,0xff,0xff,0xff,0xff,0xff,0xff,0xff,0xff,0xff,0xff,0xff,0xff,0xff,0xff,0xff,0xff,0xff,0xff,0xff,0xff,0xff,0xff,
    0xff,0xff,0xff,0xff,0xff,0xff,0xff,0xff,0xff,0x00,0x00,0x00,0x00,0xff,0xff,0xff,0xff,0xff,0xff,0xff,0xff,0xff,0x00,0x00,
    0x00,0x00,0xff,0xff,0xff,0xff,0xff,0xff,0xff,0xff,0xff,0xff,0xff,0xff,0xff,0xff,0xff,0xff,0xff,0xff,0xff,0xff,0xff,0xff,
    0xff,0xff,0xff,0xff,0xff,0xff,0xff,0xff,0xff,0xff,0xff,0xff,0xff,0xff,0xff,0xff,0xff,0xff,0xff,0xff,0xff,0xff,0xff,0xff,
    0xff,0xff,0xff,0xff,0xff,0xff,0xff,0xff,0xff,0xff,0xff,0xff,0xff,0xff,0xff,0xff,0xff,0xff,0xff,0xff,0xff,0xff,0xff,0xff,
    0xff,0x00,0x00,0x00,0x00,0xff,0xff,0xff,0xff,0xff,0xff,0xff,0xff,0xff,0xff,0xff,0xff,0xff,0xff,0xff,0xff,0xff,0xff,0xff,
    0xff,0xff,0x00,0x00,0x00,0x00,0xff,0xff,0xff,0xff,0xff,0xff,0xff,0xff,0xff,0x00,0x00,0x00,0x00,0xff,0xff,0xff,0xff,0xff,
    0xff,0xff,
};
inline constexpr Reference kRefs7[] = {
    {101, 105, Section::ReadOnly, Node::Count, Binding::None, "RtlLookupElementGenericTable"},
    {126, 130, Section::Code, Node::PrecedingVisual, Binding::None, nullptr},
    {144, 148, Section::Code, Node::InsertAfter, Binding::None, nullptr},
    {201, 205, Section::ReadOnly, Node::Count, Binding::None, nullptr},
    {214, 218, Section::Code, Node::Count, Binding::None, nullptr},
    {289, 293, Section::Code, Node::InsertAfter, Binding::None, nullptr},
    {314, 318, Section::ReadOnly, Node::Count, Binding::None, nullptr},
    {327, 331, Section::Code, Node::Count, Binding::None, nullptr},
};
// PrecedingVisual
inline constexpr unsigned char kBytes8[] = {
    0x48,0x8b,0xc4,0x48,0x89,0x58,0x08,0x57,0x48,0x81,0xec,0x80,0x00,0x00,0x00,0x33,0xdb,0x48,0x8b,0xfa,0x48,0x39,0x12,0x0f,
    0x84,0x8b,0x00,0x00,0x00,0x48,0x21,0x58,0xa0,0x0f,0x57,0xc0,0x48,0x83,0x48,0xd8,0xff,0x0f,0x57,0xc9,0x66,0x0f,0x7f,0x40,
    0xa8,0x48,0x83,0xc1,0x08,0x66,0x0f,0x7f,0x48,0xb8,0x66,0x0f,0x7f,0x40,0xc8,0x0f,0x11,0x40,0xe8,0x88,0x58,0xe0,0x48,0x8b,
    0x82,0x88,0x00,0x00,0x00,0x48,0x8d,0x54,0x24,0x20,0x48,0x89,0x44,0x24,0x20,0x48,0xff,0x15,0x00,0x00,0x00,0x00,0x0f,0x1f,
    0x44,0x00,0x00,0x48,0x8d,0x15,0x00,0x00,0x00,0x00,0x48,0x85,0xc0,0x75,0x4e,0x48,0x8b,0x47,0x08,0x48,0x3b,0xc2,0x74,0x30,
    0x48,0x8b,0x88,0xb8,0x01,0x00,0x00,0x48,0x85,0xc9,0x75,0x06,0x48,0x8b,0x40,0x08,0xeb,0xe9,0x48,0x39,0x59,0x18,0x74,0xf4,
    0xf6,0x80,0xe6,0x02,0x00,0x00,0x10,0x48,0x8b,0xd9,0x75,0x27,0x48,0x8b,0x88,0xd0,0x01,0x00,0x00,0x48,0x85,0xc9,0x75,0x2b,
    0x48,0x8b,0xc3,0x48,0x8b,0x9c,0x24,0x90,0x00,0x00,0x00,0x48,0x81,0xc4,0x80,0x00,0x00,0x00,0x5f,0xc3,0xcc,0x48,0x8d,0x50,
    0x50,0xeb,0xac,0x48,0x8b,0x80,0x58,0x02,0x00,0x00,0x48,0x8b,0x98,0xb8,0x01,0x00,0x00,0xeb,0xc9,0x48,0x83,0x79,0x18,0x00,
    0x48,0x0f,0x45,0xd9,0xeb,0xca,
};
inline constexpr unsigned char kMask8[] = {
    0xff,0xff,0xff,0xff,0xff,0xff,0xff,0xff,0xff,0xff,0xff,0xff,0xff,0xff,0xff,0xff,0xff,0xff,0xff,0xff,0xff,0xff,0xff,0xff,
    0xff,0xff,0xff,0xff,0xff,0xff,0xff,0xff,0xff,0xff,0xff,0xff,0xff,0xff,0xff,0xff,0xff,0xff,0xff,0xff,0xff,0xff,0xff,0xff,
    0xff,0xff,0xff,0xff,0xff,0xff,0xff,0xff,0xff,0xff,0xff,0xff,0xff,0xff,0xff,0xff,0xff,0xff,0xff,0xff,0xff,0xff,0xff,0xff,
    0xff,0xff,0xff,0xff,0xff,0xff,0xff,0xff,0xff,0xff,0xff,0xff,0xff,0xff,0xff,0xff,0xff,0xff,0x00,0x00,0x00,0x00,0xff,0xff,
    0xff,0xff,0xff,0xff,0xff,0xff,0x00,0x00,0x00,0x00,0xff,0xff,0xff,0xff,0xff,0xff,0xff,0xff,0xff,0xff,0xff,0xff,0xff,0xff,
    0xff,0xff,0xff,0xff,0xff,0xff,0xff,0xff,0xff,0xff,0xff,0xff,0xff,0xff,0xff,0xff,0xff,0xff,0xff,0xff,0xff,0xff,0xff,0xff,
    0xff,0xff,0xff,0xff,0xff,0xff,0xff,0xff,0xff,0xff,0xff,0xff,0xff,0xff,0xff,0xff,0xff,0xff,0xff,0xff,0xff,0xff,0xff,0xff,
    0xff,0xff,0xff,0xff,0xff,0xff,0xff,0xff,0xff,0xff,0xff,0xff,0xff,0xff,0xff,0xff,0xff,0xff,0xff,0xff,0xff,0xff,0xff,0xff,
    0xff,0xff,0xff,0xff,0xff,0xff,0xff,0xff,0xff,0xff,0xff,0xff,0xff,0xff,0xff,0xff,0xff,0xff,0xff,0xff,0xff,0xff,0xff,0xff,
    0xff,0xff,0xff,0xff,0xff,0xff,
};
inline constexpr Reference kRefs8[] = {
    {90, 94, Section::ReadOnly, Node::Count, Binding::None, "RtlLookupElementGenericTable"},
    {102, 106, Section::ReadOnly, Node::Count, Binding::None, nullptr},
};
// InsertAfter
inline constexpr unsigned char kBytes9[] = {
    0x48,0x83,0xec,0x38,0x48,0x81,0xc1,0x90,0x00,0x00,0x00,0x41,0xb1,0x01,0xe8,0x00,0x00,0x00,0x00,0x48,0x83,0xc4,0x38,0xc3,
};
inline constexpr unsigned char kMask9[] = {
    0xff,0xff,0xff,0xff,0xff,0xff,0xff,0xff,0xff,0xff,0xff,0xff,0xff,0xff,0xff,0x00,0x00,0x00,0x00,0xff,0xff,0xff,0xff,0xff,
};
inline constexpr Reference kRefs9[] = {
    {15, 19, Section::Code, Node::InsertRelative, Binding::None, nullptr},
};
// InsertRelative
inline constexpr unsigned char kBytes10[] = {
    0x48,0x89,0x5c,0x24,0x18,0x44,0x88,0x4c,0x24,0x20,0x48,0x89,0x54,0x24,0x10,0x55,0x56,0x57,0x41,0x54,0x41,0x55,0x41,0x56,
    0x41,0x57,0x48,0x83,0xec,0x30,0x48,0x8b,0x42,0x18,0x33,0xff,0x8b,0x71,0x20,0x45,0x33,0xff,0x4c,0x8b,0x09,0x32,0xdb,0x48,
    0x89,0x44,0x24,0x70,0xbd,0xff,0xff,0xff,0xff,0x4d,0x8b,0xd8,0x4c,0x8b,0xd2,0x4c,0x8b,0xe1,0x44,0x8b,0xed,0x4c,0x3b,0xc2,
    0x0f,0x84,0x17,0x03,0x00,0x00,0x0f,0xb6,0xbc,0x24,0x88,0x00,0x00,0x00,0x4d,0x85,0xc0,0x0f,0x85,0x74,0x02,0x00,0x00,0x33,
    0xc9,0x85,0xf6,0x74,0x33,0x4d,0x8b,0x44,0x24,0x08,0x4d,0x8d,0x74,0x24,0x08,0x4d,0x85,0xdb,0x0f,0x84,0x91,0x01,0x00,0x00,
    0x33,0xd2,0x66,0x0f,0x1f,0x44,0x00,0x00,0x4a,0x8b,0x04,0x02,0x49,0x3b,0xc2,0x74,0x2f,0x49,0x3b,0xc3,0x74,0x23,0xff,0xc1,
    0x48,0x83,0xc2,0x08,0x3b,0xce,0x72,0xe8,0x4d,0x85,0xdb,0x0f,0x84,0x4a,0x03,0x00,0x00,0x83,0xfd,0xff,0x0f,0x84,0x89,0x02,
    0x00,0x00,0x4d,0x8d,0x74,0x24,0x08,0xeb,0x3b,0x8b,0xe9,0x4c,0x8b,0xf8,0xeb,0xd6,0x83,0xfd,0xff,0x75,0x02,0xb3,0x01,0x44,
    0x8b,0xe9,0xeb,0xc5,0x48,0x85,0xc0,0x0f,0x84,0x81,0x01,0x00,0x00,0xff,0xc2,0x48,0x83,0xc1,0x08,0x3b,0xd6,0x0f,0x82,0x35,
    0x01,0x00,0x00,0x40,0x84,0xff,0x0f,0x85,0x7a,0x02,0x00,0x00,0x83,0xfd,0xff,0xb3,0x01,0x0f,0x44,0xee,0x41,0xff,0x44,0x24,
    0x28,0x4c,0x39,0x4c,0x24,0x70,0x0f,0x84,0x5c,0x01,0x00,0x00,0x49,0x8b,0x02,0x49,0x8b,0xd1,0x49,0x8b,0xca,0x48,0x8b,0x40,
    0x38,0xe8,0x00,0x00,0x00,0x00,0x8b,0xf8,0x85,0xc0,0x0f,0x88,0x95,0x02,0x00,0x00,0x48,0x8b,0x4c,0x24,0x78,0xe8,0x00,0x00,
    0x00,0x00,0x44,0x0f,0xb6,0xac,0x24,0x88,0x00,0x00,0x00,0x41,0x8b,0xdd,0x03,0xdd,0x3b,0xde,0x0f,0x87,0xfe,0x02,0x00,0x00,
    0x41,0x3b,0x5e,0x18,0x0f,0x87,0x0b,0x03,0x00,0x00,0xba,0x08,0x00,0x00,0x00,0x48,0x8d,0x44,0x24,0x78,0x48,0x89,0x44,0x24,
    0x70,0x49,0x8b,0xce,0x48,0x8d,0x44,0x24,0x70,0x48,0x89,0x44,0x24,0x20,0x44,0x8d,0x42,0xf9,0xe8,0x00,0x00,0x00,0x00,0x8b,
    0xf0,0x8b,0xf8,0x85,0xc0,0x0f,0x88,0xe8,0x02,0x00,0x00,0x41,0x8b,0x56,0x18,0x4d,0x8b,0x0e,0x8d,0x42,0x01,0x41,0x89,0x46,
    0x18,0x3b,0xd3,0x76,0x1d,0x4d,0x8d,0x04,0xd1,0x0f,0x1f,0x80,0x00,0x00,0x00,0x00,0xff,0xca,0x4d,0x8d,0x40,0xf8,0x49,0x8b,
    0x0c,0xd1,0x49,0x89,0x48,0x08,0x3b,0xd3,0x77,0xee,0x48,0x8b,0x54,0x24,0x70,0x4d,0x8d,0x04,0xd9,0x49,0x3b,0xd0,0x0f,0x83,
    0xe0,0x02,0x00,0x00,0x48,0x8b,0x02,0x49,0x89,0x00,0x4d,0x85,0xff,0x0f,0x85,0x3d,0x01,0x00,0x00,0x45,0x33,0xc0,0x48,0x8b,
    0x54,0x24,0x78,0x45,0x0f,0xb6,0xcd,0x49,0x8b,0xcc,0x48,0x8b,0x52,0x10,0xe8,0x00,0x00,0x00,0x00,0x8b,0xf8,0x85,0xc0,0x0f,
    0x88,0xe3,0x02,0x00,0x00,0x48,0x8b,0x44,0x24,0x78,0x80,0x48,0x24,0x04,0x48,0x8b,0x9c,0x24,0x80,0x00,0x00,0x00,0x8b,0xc7,
    0x48,0x83,0xc4,0x30,0x41,0x5f,0x41,0x5e,0x41,0x5d,0x41,0x5c,0x5f,0x5e,0x5d,0xc3,0xcc,0x33,0xd2,0x0f,0x1f,0x44,0x00,0x00,
    0x4a,0x8b,0x04,0x01,0x49,0x3b,0xc2,0x0f,0x84,0xc6,0x01,0x00,0x00,0x83,0xfd,0xff,0x0f,0x85,0x9e,0xfe,0xff,0xff,0x40,0x84,
    0xff,0x0f,0x85,0xe5,0x00,0x00,0x00,0x41,0xf6,0x42,0x24,0x10,0x0f,0x85,0x93,0xfe,0xff,0xff,0xf6,0x40,0x24,0x10,0x0f,0x84,
    0x89,0xfe,0xff,0xff,0x4c,0x8b,0xf8,0x8b,0xea,0xe9,0x7f,0xfe,0xff,0xff,0x45,0x33,0xff,0x8b,0xea,0xe9,0x75,0xfe,0xff,0xff,
    0x41,0x8b,0x4e,0x18,0x44,0x3b,0xe9,0x0f,0x83,0x90,0x01,0x00,0x00,0x4d,0x8b,0x06,0x8d,0x41,0xff,0x44,0x3b,0xe8,0x73,0x22,
    0x41,0x8b,0xcd,0x41,0x8d,0x55,0x01,0x49,0x8b,0x04,0xd0,0x44,0x8b,0xea,0x49,0x89,0x04,0xc8,0x41,0x8b,0x4e,0x18,0x8d,0x41,
    0xff,0x3b,0xd0,0x72,0xe3,0x4c,0x8b,0x54,0x24,0x78,0x8d,0x41,0xff,0x41,0x89,0x46,0x18,0x84,0xdb,0x74,0x02,0xff,0xcd,0x41,
    0x0f,0xb6,0x42,0x24,0xa8,0x04,0x74,0x21,0x24,0xfb,0x49,0x8b,0xcc,0x41,0x88,0x42,0x24,0x48,0x8b,0x54,0x24,0x78,0x48,0x8b,
    0x52,0x10,0xe8,0x00,0x00,0x00,0x00,0x8b,0xf8,0x85,0xc0,0x0f,0x88,0xce,0x00,0x00,0x00,0x4d,0x8d,0x74,0x24,0x08,0xe9,0x4f,
    0xfe,0xff,0xff,0x0f,0xb6,0x4a,0x24,0x41,0x0f,0xb6,0x50,0x24,0x0f,0xb6,0xc2,0x32,0xc1,0xa8,0x10,0x0f,0x84,0x76,0xfd,0xff,
    0xff,0x40,0x84,0xff,0x0f,0x84,0xce,0x00,0x00,0x00,0xf6,0xc1,0x10,0x0f,0x84,0x64,0xfd,0xff,0xff,0xe9,0xc9,0x00,0x00,0x00,
    0x41,0xf6,0x47,0x24,0x04,0x0f,0x84,0xa6,0x01,0x00,0x00,0x4d,0x8b,0x47,0x10,0xe9,0xb2,0xfe,0xff,0xff,0xf6,0x40,0x24,0x10,
    0x0f,0x85,0xaf,0xfd,0xff,0xff,0x41,0xf6,0x42,0x24,0x10,0x0f,0x84,0xa4,0xfd,0xff,0xff,0x4c,0x8b,0xf8,0x8b,0xea,0xe9,0x9a,
    0xfd,0xff,0xff,0xbf,0x06,0x00,0x07,0x80,0x48,0xc7,0x44,0x24,0x28,0x00,0x00,0x00,0x00,0x44,0x8b,0xcf,0xc7,0x44,0x24,0x20,
    0xaf,0x00,0x00,0x00,0x33,0xd2,0x45,0x33,0xc0,0x8d,0x4a,0x14,0xe8,0x00,0x00,0x00,0x00,0xe9,0x90,0xfe,0xff,0xff,0x32,0xdb,
    0xe9,0x87,0xfd,0xff,0xff,0x49,0x3b,0xc1,0x0f,0x84,0x80,0xfe,0xff,0xff,0xbe,0x57,0x00,0x07,0x80,0x4c,0x89,0x7c,0x24,0x28,
    0x8b,0xfe,0xc7,0x44,0x24,0x20,0x66,0x00,0x00,0x00,0x44,0x8b,0xce,0x33,0xd2,0x45,0x33,0xc0,0x8d,0x4a,0x14,0xe8,0x00,0x00,
    0x00,0x00,0xe9,0x57,0xfe,0xff,0xff,0x48,0xc7,0x44,0x24,0x28,0x00,0x00,0x00,0x00,0xc7,0x44,0x24,0x20,0xdd,0x00,0x00,0x00,
    0x44,0x8b,0xc8,0xeb,0x9f,0x48,0xc7,0x44,0x24,0x28,0x00,0x00,0x00,0x00,0xc7,0x44,0x24,0x20,0xe2,0x00,0x00,0x00,0xeb,0xe8,
    0xf6,0xc2,0x10,0x0f,0x84,0x96,0xfc,0xff,0xff,0xbf,0x05,0x40,0x00,0x80,0x4c,0x89,0x7c,0x24,0x28,0x44,0x8b,0xcf,0xc7,0x44,
    0x24,0x20,0x72,0x00,0x00,0x00,0xe9,0x69,0xff,0xff,0xff,0x44,0x8b,0xea,0xe9,0x32,0xfe,0xff,0xff,0x4d,0x8d,0x74,0x24,0x08,
    0xe9,0xe6,0xfc,0xff,0xff,0x33,0xd2,0x48,0xc7,0x44,0x24,0x28,0x00,0x00,0x00,0x00,0xbe,0x57,0x00,0x07,0x80,0xc7,0x44,0x24,
    0x20,0x92,0x01,0x00,0x00,0x44,0x8b,0xce,0x45,0x33,0xc0,0x8d,0x4a,0x14,0xe8,0x00,0x00,0x00,0x00,0x48,0xc7,0x44,0x24,0x28,
    0x00,0x00,0x00,0x00,0x44,0x8b,0xce,0xc7,0x44,0x24,0x20,0xce,0x00,0x00,0x00,0x8b,0xfe,0xe9,0x16,0xff,0xff,0xff,0x48,0x8b,
    0x4c,0x24,0x68,0x4c,0x8d,0x05,0x00,0x00,0x00,0x00,0xba,0xe9,0x00,0x00,0x00,0xe8,0x00,0x00,0x00,0x00,0xcc,0xbe,0x57,0x00,
    0x07,0x80,0xb8,0xc1,0x01,0x00,0x00,0x8b,0xfe,0xeb,0x05,0xb8,0xcb,0x01,0x00,0x00,0x33,0xc9,0x33,0xd2,0x48,0x89,0x4c,0x24,
    0x28,0x45,0x33,0xc0,0x44,0x8b,0xce,0x89,0x44,0x24,0x20,0x8d,0x4a,0x14,0xe8,0x00,0x00,0x00,0x00,0x48,0xc7,0x44,0x24,0x28,
    0x00,0x00,0x00,0x00,0x44,0x8b,0xce,0xc7,0x44,0x24,0x20,0xeb,0x00,0x00,0x00,0xe9,0xb8,0xfe,0xff,0xff,0x41,0x8b,0x4e,0x18,
    0x48,0xff,0xc9,0x49,0x8d,0x0c,0xc9,0x48,0x3b,0xd1,0x0f,0x83,0x0c,0xfd,0xff,0xff,0x48,0x83,0xc2,0x08,0xe9,0x03,0xfd,0xff,
    0xff,0x48,0x8b,0x4c,0x24,0x68,0x4c,0x8d,0x05,0x00,0x00,0x00,0x00,0xba,0xf4,0x00,0x00,0x00,0xe8,0x00,0x00,0x00,0x00,0xcc,
    0x48,0xc7,0x44,0x24,0x28,0x00,0x00,0x00,0x00,0xc7,0x44,0x24,0x20,0xf9,0x00,0x00,0x00,0xe9,0xca,0xfe,0xff,0xff,
};
inline constexpr unsigned char kMask10[] = {
    0xff,0xff,0xff,0xff,0xff,0xff,0xff,0xff,0xff,0xff,0xff,0xff,0xff,0xff,0xff,0xff,0xff,0xff,0xff,0xff,0xff,0xff,0xff,0xff,
    0xff,0xff,0xff,0xff,0xff,0xff,0xff,0xff,0xff,0xff,0xff,0xff,0xff,0xff,0xff,0xff,0xff,0xff,0xff,0xff,0xff,0xff,0xff,0xff,
    0xff,0xff,0xff,0xff,0xff,0xff,0xff,0xff,0xff,0xff,0xff,0xff,0xff,0xff,0xff,0xff,0xff,0xff,0xff,0xff,0xff,0xff,0xff,0xff,
    0xff,0xff,0xff,0xff,0xff,0xff,0xff,0xff,0xff,0xff,0xff,0xff,0xff,0xff,0xff,0xff,0xff,0xff,0xff,0xff,0xff,0xff,0xff,0xff,
    0xff,0xff,0xff,0xff,0xff,0xff,0xff,0xff,0xff,0xff,0xff,0xff,0xff,0xff,0xff,0xff,0xff,0xff,0xff,0xff,0xff,0xff,0xff,0xff,
    0xff,0xff,0xff,0xff,0xff,0xff,0xff,0xff,0xff,0xff,0xff,0xff,0xff,0xff,0xff,0xff,0xff,0xff,0xff,0xff,0xff,0xff,0xff,0xff,
    0xff,0xff,0xff,0xff,0xff,0xff,0xff,0xff,0xff,0xff,0xff,0xff,0xff,0xff,0xff,0xff,0xff,0xff,0xff,0xff,0xff,0xff,0xff,0xff,
    0xff,0xff,0xff,0xff,0xff,0xff,0xff,0xff,0xff,0xff,0xff,0xff,0xff,0xff,0xff,0xff,0xff,0xff,0xff,0xff,0xff,0xff,0xff,0xff,
    0xff,0xff,0xff,0xff,0xff,0xff,0xff,0xff,0xff,0xff,0xff,0xff,0xff,0xff,0xff,0xff,0xff,0xff,0xff,0xff,0xff,0xff,0xff,0xff,
    0xff,0xff,0xff,0xff,0xff,0xff,0xff,0xff,0xff,0xff,0xff,0xff,0xff,0xff,0xff,0xff,0xff,0xff,0xff,0xff,0xff,0xff,0xff,0xff,
    0xff,0xff,0xff,0xff,0xff,0xff,0xff,0xff,0xff,0xff,0xff,0xff,0xff,0xff,0xff,0xff,0xff,0xff,0xff,0xff,0xff,0xff,0xff,0xff,
    0xff,0xff,0x00,0x00,0x00,0x00,0xff,0xff,0xff,0xff,0xff,0xff,0xff,0xff,0xff,0xff,0xff,0xff,0xff,0xff,0xff,0xff,0x00,0x00,
    0x00,0x00,0xff,0xff,0xff,0xff,0xff,0xff,0xff,0xff,0xff,0xff,0xff,0xff,0xff,0xff,0xff,0xff,0xff,0xff,0xff,0xff,0xff,0xff,
    0xff,0xff,0xff,0xff,0xff,0xff,0xff,0xff,0xff,0xff,0xff,0xff,0xff,0xff,0xff,0xff,0xff,0xff,0xff,0xff,0xff,0xff,0xff,0xff,
    0xff,0xff,0xff,0xff,0xff,0xff,0xff,0xff,0xff,0xff,0xff,0xff,0xff,0xff,0xff,0xff,0xff,0xff,0xff,0x00,0x00,0x00,0x00,0xff,
    0xff,0xff,0xff,0xff,0xff,0xff,0xff,0xff,0xff,0xff,0xff,0xff,0xff,0xff,0xff,0xff,0xff,0xff,0xff,0xff,0xff,0xff,0xff,0xff,
    0xff,0xff,0xff,0xff,0xff,0xff,0xff,0xff,0xff,0xff,0xff,0xff,0xff,0xff,0xff,0xff,0xff,0xff,0xff,0xff,0xff,0xff,0xff,0xff,
    0xff,0xff,0xff,0xff,0xff,0xff,0xff,0xff,0xff,0xff,0xff,0xff,0xff,0xff,0xff,0xff,0xff,0xff,0xff,0xff,0xff,0xff,0xff,0xff,
    0xff,0xff,0xff,0xff,0xff,0xff,0xff,0xff,0xff,0xff,0xff,0xff,0xff,0xff,0xff,0xff,0xff,0xff,0xff,0xff,0xff,0xff,0xff,0xff,
    0xff,0xff,0xff,0xff,0xff,0xff,0xff,0xff,0xff,0xff,0xff,0xff,0xff,0xff,0xff,0x00,0x00,0x00,0x00,0xff,0xff,0xff,0xff,0xff,
    0xff,0xff,0xff,0xff,0xff,0xff,0xff,0xff,0xff,0xff,0xff,0xff,0xff,0xff,0xff,0xff,0xff,0xff,0xff,0xff,0xff,0xff,0xff,0xff,
    0xff,0xff,0xff,0xff,0xff,0xff,0xff,0xff,0xff,0xff,0xff,0xff,0xff,0xff,0xff,0xff,0xff,0xff,0xff,0xff,0xff,0xff,0xff,0xff,
    0xff,0xff,0xff,0xff,0xff,0xff,0xff,0xff,0xff,0xff,0xff,0xff,0xff,0xff,0xff,0xff,0xff,0xff,0xff,0xff,0xff,0xff,0xff,0xff,
    0xff,0xff,0xff,0xff,0xff,0xff,0xff,0xff,0xff,0xff,0xff,0xff,0xff,0xff,0xff,0xff,0xff,0xff,0xff,0xff,0xff,0xff,0xff,0xff,
    0xff,0xff,0xff,0xff,0xff,0xff,0xff,0xff,0xff,0xff,0xff,0xff,0xff,0xff,0xff,0xff,0xff,0xff,0xff,0xff,0xff,0xff,0xff,0xff,
    0xff,0xff,0xff,0xff,0xff,0xff,0xff,0xff,0xff,0xff,0xff,0xff,0xff,0xff,0xff,0xff,0xff,0xff,0xff,0xff,0xff,0xff,0xff,0xff,
    0xff,0xff,0xff,0xff,0xff,0xff,0xff,0xff,0xff,0xff,0xff,0xff,0xff,0xff,0xff,0xff,0xff,0xff,0xff,0xff,0xff,0xff,0xff,0xff,
    0xff,0xff,0xff,0xff,0xff,0xff,0xff,0xff,0xff,0xff,0xff,0xff,0xff,0xff,0xff,0xff,0xff,0xff,0xff,0xff,0xff,0xff,0xff,0xff,
    0xff,0xff,0xff,0xff,0xff,0xff,0xff,0xff,0xff,0xff,0xff,0xff,0xff,0xff,0xff,0xff,0xff,0xff,0xff,0xff,0xff,0xff,0xff,0xff,
    0xff,0xff,0xff,0x00,0x00,0x00,0x00,0xff,0xff,0xff,0xff,0xff,0xff,0xff,0xff,0xff,0xff,0xff,0xff,0xff,0xff,0xff,0xff,0xff,
    0xff,0xff,0xff,0xff,0xff,0xff,0xff,0xff,0xff,0xff,0xff,0xff,0xff,0xff,0xff,0xff,0xff,0xff,0xff,0xff,0xff,0xff,0xff,0xff,
    0xff,0xff,0xff,0xff,0xff,0xff,0xff,0xff,0xff,0xff,0xff,0xff,0xff,0xff,0xff,0xff,0xff,0xff,0xff,0xff,0xff,0xff,0xff,0xff,
    0xff,0xff,0xff,0xff,0xff,0xff,0xff,0xff,0xff,0xff,0xff,0xff,0xff,0xff,0xff,0xff,0xff,0xff,0xff,0xff,0xff,0xff,0xff,0xff,
    0xff,0xff,0xff,0xff,0xff,0xff,0xff,0xff,0xff,0xff,0xff,0xff,0xff,0xff,0xff,0xff,0xff,0xff,0xff,0xff,0xff,0xff,0xff,0xff,
    0xff,0xff,0xff,0xff,0xff,0xff,0xff,0xff,0xff,0xff,0xff,0xff,0xff,0xff,0xff,0xff,0xff,0xff,0xff,0xff,0xff,0xff,0xff,0xff,
    0xff,0xff,0xff,0xff,0xff,0xff,0xff,0xff,0xff,0xff,0xff,0xff,0xff,0x00,0x00,0x00,0x00,0xff,0xff,0xff,0xff,0xff,0xff,0xff,
    0xff,0xff,0xff,0xff,0xff,0xff,0xff,0xff,0xff,0xff,0xff,0xff,0xff,0xff,0xff,0xff,0xff,0xff,0xff,0xff,0xff,0xff,0xff,0xff,
    0xff,0xff,0xff,0xff,0xff,0xff,0xff,0xff,0xff,0xff,0xff,0xff,0xff,0xff,0xff,0xff,0xff,0xff,0xff,0xff,0xff,0xff,0x00,0x00,
    0x00,0x00,0xff,0xff,0xff,0xff,0xff,0xff,0xff,0xff,0xff,0xff,0xff,0xff,0xff,0xff,0xff,0xff,0xff,0xff,0xff,0xff,0xff,0xff,
    0xff,0xff,0xff,0xff,0xff,0xff,0xff,0xff,0xff,0xff,0xff,0xff,0xff,0xff,0xff,0xff,0xff,0xff,0xff,0xff,0xff,0xff,0xff,0xff,
    0xff,0xff,0xff,0xff,0xff,0xff,0xff,0xff,0xff,0xff,0xff,0xff,0xff,0xff,0xff,0xff,0xff,0xff,0xff,0xff,0xff,0xff,0xff,0xff,
    0xff,0xff,0xff,0xff,0xff,0xff,0xff,0xff,0xff,0xff,0xff,0xff,0xff,0xff,0xff,0xff,0xff,0xff,0xff,0xff,0xff,0xff,0xff,0xff,
    0xff,0xff,0xff,0xff,0xff,0xff,0xff,0xff,0xff,0xff,0xff,0xff,0xff,0xff,0xff,0xff,0xff,0xff,0xff,0xff,0xff,0xff,0xff,0xff,
    0xff,0xff,0xff,0xff,0xff,0xff,0xff,0xff,0xff,0xff,0xff,0xff,0xff,0xff,0xff,0x00,0x00,0x00,0x00,0xff,0xff,0xff,0xff,0xff,
    0xff,0xff,0xff,0xff,0xff,0xff,0xff,0xff,0xff,0xff,0xff,0xff,0xff,0xff,0xff,0xff,0xff,0xff,0xff,0xff,0xff,0xff,0xff,0xff,
    0xff,0xff,0xff,0xff,0xff,0xff,0x00,0x00,0x00,0x00,0xff,0xff,0xff,0xff,0xff,0xff,0x00,0x00,0x00,0x00,0xff,0xff,0xff,0xff,
    0xff,0xff,0xff,0xff,0xff,0xff,0xff,0xff,0xff,0xff,0xff,0xff,0xff,0xff,0xff,0xff,0xff,0xff,0xff,0xff,0xff,0xff,0xff,0xff,
    0xff,0xff,0xff,0xff,0xff,0xff,0xff,0xff,0xff,0xff,0xff,0xff,0xff,0xff,0xff,0x00,0x00,0x00,0x00,0xff,0xff,0xff,0xff,0xff,
    0xff,0xff,0xff,0xff,0xff,0xff,0xff,0xff,0xff,0xff,0xff,0xff,0xff,0xff,0xff,0xff,0xff,0xff,0xff,0xff,0xff,0xff,0xff,0xff,
    0xff,0xff,0xff,0xff,0xff,0xff,0xff,0xff,0xff,0xff,0xff,0xff,0xff,0xff,0xff,0xff,0xff,0xff,0xff,0xff,0xff,0xff,0xff,0xff,
    0xff,0xff,0xff,0xff,0xff,0xff,0xff,0xff,0xff,0x00,0x00,0x00,0x00,0xff,0xff,0xff,0xff,0xff,0xff,0x00,0x00,0x00,0x00,0xff,
    0xff,0xff,0xff,0xff,0xff,0xff,0xff,0xff,0xff,0xff,0xff,0xff,0xff,0xff,0xff,0xff,0xff,0xff,0xff,0xff,0xff,0xff,
};
inline constexpr Reference kRefs10[] = {
    {266, 270, Section::Code, Node::Count, Binding::None, nullptr},
    {286, 290, Section::Code, Node::Count, Binding::None, nullptr},
    {355, 359, Section::Code, Node::Count, Binding::None, nullptr},
    {471, 475, Section::Code, Node::SendLink, Binding::None, nullptr},
    {699, 703, Section::Code, Node::Count, Binding::None, nullptr},
    {853, 857, Section::Code, Node::Count, Binding::None, nullptr},
    {910, 914, Section::Code, Node::Count, Binding::None, nullptr},
    {1047, 1051, Section::Code, Node::Count, Binding::None, nullptr},
    {1086, 1090, Section::ReadOnly, Node::Count, Binding::None, nullptr},
    {1096, 1100, Section::Code, Node::Count, Binding::None, nullptr},
    {1143, 1147, Section::Code, Node::Count, Binding::None, nullptr},
    {1209, 1213, Section::ReadOnly, Node::Count, Binding::None, nullptr},
    {1219, 1223, Section::Code, Node::Count, Binding::None, nullptr},
};
// SendLink
inline constexpr unsigned char kBytes11[] = {
    0x40,0x53,0x48,0x83,0xec,0x30,0x48,0x8b,0x01,0x48,0x8b,0x48,0x10,0xe8,0x00,0x00,0x00,0x00,0x8b,0xd8,0x85,0xc0,0x78,0x09,
    0x8b,0xc3,0x48,0x83,0xc4,0x30,0x5b,0xc3,0xcc,0x48,0x83,0x64,0x24,0x28,0x00,0x33,0xd2,0x44,0x8b,0xcb,0xc7,0x44,0x24,0x20,
    0x33,0x00,0x00,0x00,0x45,0x33,0xc0,0x8d,0x4a,0x14,0xe8,0x00,0x00,0x00,0x00,0xeb,0xd7,
};
inline constexpr unsigned char kMask11[] = {
    0xff,0xff,0xff,0xff,0xff,0xff,0xff,0xff,0xff,0xff,0xff,0xff,0xff,0xff,0x00,0x00,0x00,0x00,0xff,0xff,0xff,0xff,0xff,0xff,
    0xff,0xff,0xff,0xff,0xff,0xff,0xff,0xff,0xff,0xff,0xff,0xff,0xff,0xff,0xff,0xff,0xff,0xff,0xff,0xff,0xff,0xff,0xff,0xff,
    0xff,0xff,0xff,0xff,0xff,0xff,0xff,0xff,0xff,0xff,0xff,0x00,0x00,0x00,0x00,0xff,0xff,
};
inline constexpr Reference kRefs11[] = {
    {14, 18, Section::Code, Node::ProxyInsert, Binding::None, nullptr},
    {59, 63, Section::Code, Node::Count, Binding::None, nullptr},
};
// ProxyInsert
inline constexpr unsigned char kBytes12[] = {
    0x48,0x83,0xec,0x38,0x48,0x8b,0x49,0x18,0x45,0x0f,0xb6,0xd1,0x45,0x33,0xc9,0x48,0x8b,0x01,0x4d,0x85,0xc0,0x75,0x19,0x48,
    0x8b,0x52,0x18,0x45,0x8b,0xc2,0x48,0x8b,0x80,0x80,0x00,0x00,0x00,0xe8,0x00,0x00,0x00,0x00,0x48,0x83,0xc4,0x38,0xc3,0xcc,
    0x4d,0x8b,0x48,0x18,0xeb,0xe1,
};
inline constexpr unsigned char kMask12[] = {
    0xff,0xff,0xff,0xff,0xff,0xff,0xff,0xff,0xff,0xff,0xff,0xff,0xff,0xff,0xff,0xff,0xff,0xff,0xff,0xff,0xff,0xff,0xff,0xff,
    0xff,0xff,0xff,0xff,0xff,0xff,0xff,0xff,0xff,0xff,0xff,0xff,0xff,0xff,0x00,0x00,0x00,0x00,0xff,0xff,0xff,0xff,0xff,0xff,
    0xff,0xff,0xff,0xff,0xff,0xff,
};
inline constexpr Reference kRefs12[] = {
    {38, 42, Section::Code, Node::Count, Binding::None, nullptr},
};
// WindowListCtor
inline constexpr unsigned char kBytes13[] = {
    0x48,0x89,0x5c,0x24,0x08,0x57,0x48,0x83,0xec,0x30,0x48,0x8d,0x05,0x00,0x00,0x00,0x00,0x48,0x8b,0xd9,0x48,0x89,0x01,0x4c,
    0x8d,0x0d,0x00,0x00,0x00,0x00,0x33,0xff,0x4c,0x8d,0x05,0x00,0x00,0x00,0x00,0x48,0x83,0xc1,0x08,0x48,0x89,0x7c,0x24,0x20,
    0x48,0x8d,0x15,0x00,0x00,0x00,0x00,0x48,0xff,0x15,0x00,0x00,0x00,0x00,0x0f,0x1f,0x44,0x00,0x00,0x48,0x89,0x7b,0x50,0x48,
    0x8d,0x8b,0x38,0x01,0x00,0x00,0x48,0x89,0x7b,0x58,0x48,0x89,0x7b,0x60,0x48,0x89,0x7b,0x78,0x48,0x89,0xbb,0x80,0x00,0x00,
    0x00,0x48,0x89,0xbb,0x88,0x00,0x00,0x00,0x48,0x89,0xbb,0x90,0x00,0x00,0x00,0xe8,0x00,0x00,0x00,0x00,0x48,0x8d,0x8b,0x58,
    0x01,0x00,0x00,0xe8,0x00,0x00,0x00,0x00,0x48,0x8d,0x8b,0xa0,0x01,0x00,0x00,0xe8,0x00,0x00,0x00,0x00,0x48,0x8d,0x8b,0xc8,
    0x01,0x00,0x00,0x48,0x89,0xbb,0xc0,0x01,0x00,0x00,0xe8,0x00,0x00,0x00,0x00,0x48,0x8d,0x8b,0x10,0x02,0x00,0x00,0xe8,0x00,
    0x00,0x00,0x00,0x45,0x33,0xc0,0x48,0x89,0xbb,0x30,0x02,0x00,0x00,0x33,0xd2,0x48,0x89,0xbb,0x38,0x02,0x00,0x00,0x48,0x8d,
    0x8b,0x58,0x02,0x00,0x00,0x48,0x89,0xbb,0x40,0x02,0x00,0x00,0x48,0x89,0xbb,0x48,0x02,0x00,0x00,0x48,0x89,0xbb,0x50,0x02,
    0x00,0x00,0xe8,0x00,0x00,0x00,0x00,0x48,0x8d,0x8b,0x98,0x02,0x00,0x00,0x48,0x89,0xbb,0x88,0x02,0x00,0x00,0x48,0x89,0xbb,
    0x90,0x02,0x00,0x00,0xe8,0x00,0x00,0x00,0x00,0x48,0x8b,0xc3,0x48,0xc7,0x83,0xb8,0x02,0x00,0x00,0x01,0x00,0x00,0x00,0x40,
    0x88,0xbb,0xc0,0x02,0x00,0x00,0x48,0x89,0xbb,0xc8,0x02,0x00,0x00,0x48,0x89,0xbb,0xd0,0x02,0x00,0x00,0x48,0x8b,0x5c,0x24,
    0x40,0x48,0x83,0xc4,0x30,0x5f,0xc3,
};
inline constexpr unsigned char kMask13[] = {
    0xff,0xff,0xff,0xff,0xff,0xff,0xff,0xff,0xff,0xff,0xff,0xff,0xff,0x00,0x00,0x00,0x00,0xff,0xff,0xff,0xff,0xff,0xff,0xff,
    0xff,0xff,0x00,0x00,0x00,0x00,0xff,0xff,0xff,0xff,0xff,0x00,0x00,0x00,0x00,0xff,0xff,0xff,0xff,0xff,0xff,0xff,0xff,0xff,
    0xff,0xff,0xff,0x00,0x00,0x00,0x00,0xff,0xff,0xff,0x00,0x00,0x00,0x00,0xff,0xff,0xff,0xff,0xff,0xff,0xff,0xff,0xff,0xff,
    0xff,0xff,0xff,0xff,0xff,0xff,0xff,0xff,0xff,0xff,0xff,0xff,0xff,0xff,0xff,0xff,0xff,0xff,0xff,0xff,0xff,0xff,0xff,0xff,
    0xff,0xff,0xff,0xff,0xff,0xff,0xff,0xff,0xff,0xff,0xff,0xff,0xff,0xff,0xff,0xff,0x00,0x00,0x00,0x00,0xff,0xff,0xff,0xff,
    0xff,0xff,0xff,0xff,0x00,0x00,0x00,0x00,0xff,0xff,0xff,0xff,0xff,0xff,0xff,0xff,0x00,0x00,0x00,0x00,0xff,0xff,0xff,0xff,
    0xff,0xff,0xff,0xff,0xff,0xff,0xff,0xff,0xff,0xff,0xff,0x00,0x00,0x00,0x00,0xff,0xff,0xff,0xff,0xff,0xff,0xff,0xff,0x00,
    0x00,0x00,0x00,0xff,0xff,0xff,0xff,0xff,0xff,0xff,0xff,0xff,0xff,0xff,0xff,0xff,0xff,0xff,0xff,0xff,0xff,0xff,0xff,0xff,
    0xff,0xff,0xff,0xff,0xff,0xff,0xff,0xff,0xff,0xff,0xff,0xff,0xff,0xff,0xff,0xff,0xff,0xff,0xff,0xff,0xff,0xff,0xff,0xff,
    0xff,0xff,0xff,0x00,0x00,0x00,0x00,0xff,0xff,0xff,0xff,0xff,0xff,0xff,0xff,0xff,0xff,0xff,0xff,0xff,0xff,0xff,0xff,0xff,
    0xff,0xff,0xff,0xff,0xff,0x00,0x00,0x00,0x00,0xff,0xff,0xff,0xff,0xff,0xff,0xff,0xff,0xff,0xff,0xff,0xff,0xff,0xff,0xff,
    0xff,0xff,0xff,0xff,0xff,0xff,0xff,0xff,0xff,0xff,0xff,0xff,0xff,0xff,0xff,0xff,0xff,0xff,0xff,0xff,0xff,0xff,0xff,0xff,
    0xff,0xff,0xff,0xff,0xff,0xff,0xff,
};
inline constexpr Reference kRefs13[] = {
    {13, 17, Section::ReadOnly, Node::Count, Binding::Vtable, nullptr},
    {26, 30, Section::Code, Node::Count, Binding::None, nullptr},
    {35, 39, Section::Code, Node::Count, Binding::None, nullptr},
    {51, 55, Section::Code, Node::Count, Binding::None, nullptr},
    {58, 62, Section::ReadOnly, Node::Count, Binding::None, "RtlInitializeGenericTable"},
    {112, 116, Section::Code, Node::Count, Binding::None, nullptr},
    {124, 128, Section::Code, Node::Count, Binding::None, nullptr},
    {136, 140, Section::Code, Node::Count, Binding::None, nullptr},
    {155, 159, Section::Code, Node::Count, Binding::None, nullptr},
    {167, 171, Section::Code, Node::Count, Binding::None, nullptr},
    {219, 223, Section::Code, Node::Count, Binding::None, nullptr},
    {245, 249, Section::Code, Node::Count, Binding::None, nullptr},
};
// BandChange
inline constexpr unsigned char kBytes14[] = {
    0x48,0x89,0x5c,0x24,0x08,0x57,0x48,0x83,0xec,0x20,0x48,0x8b,0xfa,0x48,0x8b,0xd9,0x48,0x8d,0x0d,0x00,0x00,0x00,0x00,0x48,
    0x89,0x4c,0x24,0x48,0x48,0xff,0x15,0x00,0x00,0x00,0x00,0x0f,0x1f,0x44,0x00,0x00,0x90,0x48,0x83,0x64,0x24,0x40,0x00,0x4c,
    0x8d,0x4c,0x24,0x40,0x41,0xb0,0x01,0x48,0x8b,0xd7,0x48,0x8b,0xcb,0xe8,0x00,0x00,0x00,0x00,0x48,0x8b,0x5c,0x24,0x40,0x48,
    0x85,0xdb,0x74,0x15,0x48,0x8b,0x07,0x48,0x8b,0xcf,0x48,0x8b,0x40,0x30,0xe8,0x00,0x00,0x00,0x00,0x89,0x83,0x80,0x00,0x00,
    0x00,0x48,0x8d,0x4c,0x24,0x48,0xe8,0x00,0x00,0x00,0x00,0x33,0xc0,0x48,0x8b,0x5c,0x24,0x30,0x48,0x83,0xc4,0x20,0x5f,0xc3,
};
inline constexpr unsigned char kMask14[] = {
    0xff,0xff,0xff,0xff,0xff,0xff,0xff,0xff,0xff,0xff,0xff,0xff,0xff,0xff,0xff,0xff,0xff,0xff,0xff,0x00,0x00,0x00,0x00,0xff,
    0xff,0xff,0xff,0xff,0xff,0xff,0xff,0x00,0x00,0x00,0x00,0xff,0xff,0xff,0xff,0xff,0xff,0xff,0xff,0xff,0xff,0xff,0xff,0xff,
    0xff,0xff,0xff,0xff,0xff,0xff,0xff,0xff,0xff,0xff,0xff,0xff,0xff,0xff,0x00,0x00,0x00,0x00,0xff,0xff,0xff,0xff,0xff,0xff,
    0xff,0xff,0xff,0xff,0xff,0xff,0xff,0xff,0xff,0xff,0xff,0xff,0xff,0xff,0xff,0x00,0x00,0x00,0x00,0xff,0xff,0xff,0xff,0xff,
    0xff,0xff,0xff,0xff,0xff,0xff,0xff,0x00,0x00,0x00,0x00,0xff,0xff,0xff,0xff,0xff,0xff,0xff,0xff,0xff,0xff,0xff,0xff,0xff,
};
inline constexpr Reference kRefs14[] = {
    {19, 23, Section::Writable, Node::Count, Binding::CriticalSection, nullptr},
    {31, 35, Section::ReadOnly, Node::Count, Binding::None, "EnterCriticalSection"},
    {62, 66, Section::Code, Node::SyncedData, Binding::None, nullptr},
    {87, 91, Section::Code, Node::Count, Binding::None, nullptr},
    {103, 107, Section::Code, Node::Count, Binding::None, nullptr},
};
// ZOrder
inline constexpr unsigned char kBytes15[] = {
    0x48,0x89,0x5c,0x24,0x08,0x48,0x89,0x74,0x24,0x10,0x48,0x89,0x7c,0x24,0x18,0x55,0x41,0x56,0x41,0x57,0x48,0x8b,0xec,0x48,
    0x83,0xec,0x40,0x4d,0x8b,0xf8,0x48,0x8b,0xda,0x4c,0x8b,0xf1,0x48,0x8d,0x0d,0x00,0x00,0x00,0x00,0x48,0x89,0x4d,0xf8,0x48,
    0xff,0x15,0x00,0x00,0x00,0x00,0x0f,0x1f,0x44,0x00,0x00,0x90,0x33,0xff,0x8b,0xf7,0x48,0x89,0x7d,0x38,0x4c,0x8d,0x4d,0x38,
    0x41,0xb0,0x01,0x48,0x8b,0xd3,0x49,0x8b,0xce,0xe8,0x00,0x00,0x00,0x00,0x48,0x8b,0x55,0x38,0x48,0x85,0xd2,0x75,0x49,0x48,
    0x89,0x7c,0x24,0x28,0xc7,0x44,0x24,0x20,0x05,0x0e,0x00,0x00,0x41,0xb9,0x06,0x00,0x07,0x80,0x41,0x8b,0xf1,0x45,0x33,0xc0,
    0x33,0xd2,0x8d,0x4a,0x14,0xe8,0x00,0x00,0x00,0x00,0x90,0x48,0x8d,0x4d,0xf8,0xe8,0x00,0x00,0x00,0x00,0x8b,0xc6,0x48,0x8b,
    0x5c,0x24,0x60,0x48,0x8b,0x74,0x24,0x68,0x48,0x8b,0x7c,0x24,0x70,0x48,0x83,0xc4,0x40,0x41,0x5f,0x41,0x5e,0x5d,0xc3,0xcc,
    0x48,0x8b,0x92,0x88,0x00,0x00,0x00,0x49,0x8b,0xce,0xe8,0x00,0x00,0x00,0x00,0x48,0x8b,0xd8,0x48,0x85,0xc0,0x75,0x17,0xbe,
    0x0e,0x00,0x07,0x80,0x48,0x89,0x7c,0x24,0x28,0xc7,0x44,0x24,0x20,0x08,0x0e,0x00,0x00,0x44,0x8b,0xce,0xeb,0x9f,0x48,0x89,
    0x5d,0xf0,0x4d,0x85,0xff,0x74,0x2d,0x4c,0x8d,0x4d,0xf0,0x41,0xb0,0x01,0x49,0x8b,0xd7,0x49,0x8b,0xce,0xe8,0x00,0x00,0x00,
    0x00,0x48,0x8b,0x45,0xf0,0x48,0x85,0xc0,0x75,0x12,0x48,0x89,0x7c,0x24,0x28,0xc7,0x44,0x24,0x20,0x13,0x0e,0x00,0x00,0xe9,
    0x60,0xff,0xff,0xff,0x48,0x8b,0x4d,0x38,0x48,0x3b,0x08,0x0f,0x84,0x6a,0xff,0xff,0xff,0x48,0x8b,0x11,0x4c,0x8b,0x41,0x08,
    0x48,0x39,0x4a,0x08,0x0f,0x85,0x41,0x03,0x00,0x00,0x49,0x39,0x08,0x0f,0x85,0x38,0x03,0x00,0x00,0x49,0x89,0x10,0x4c,0x89,
    0x42,0x08,0x48,0x8b,0x4d,0x38,0x4c,0x8b,0x00,0x49,0x39,0x40,0x08,0x0f,0x85,0x20,0x03,0x00,0x00,0x4c,0x89,0x01,0x48,0x89,
    0x41,0x08,0x49,0x89,0x48,0x08,0x48,0x89,0x08,0x48,0x85,0xd2,0x74,0x2b,0x48,0x3b,0xd3,0x74,0x26,0x45,0x33,0xc0,0x49,0x8b,
    0xce,0xe8,0x00,0x00,0x00,0x00,0x8b,0xf0,0x85,0xc0,0x79,0x15,0x48,0x89,0x7c,0x24,0x28,0xc7,0x44,0x24,0x20,0x21,0x0e,0x00,
    0x00,0x44,0x8b,0xc8,0xe9,0xec,0xfe,0xff,0xff,0x48,0x8b,0x55,0x38,0x48,0x39,0xba,0xb8,0x01,0x00,0x00,0x0f,0x84,0x46,0x01,
    0x00,0x00,0x41,0xb0,0x01,0x49,0x8b,0xce,0xe8,0x00,0x00,0x00,0x00,0x8b,0xf0,0x85,0xc0,0x0f,0x88,0xcf,0x01,0x00,0x00,0x48,
    0x8b,0x55,0x38,0x48,0x8b,0x92,0x88,0x00,0x00,0x00,0x49,0x8b,0xce,0xe8,0x00,0x00,0x00,0x00,0x48,0x8b,0xd8,0x48,0x8b,0x4d,
    0x38,0x33,0xd2,0x48,0x8b,0x89,0xc0,0x01,0x00,0x00,0xe8,0x00,0x00,0x00,0x00,0x8b,0xf0,0x85,0xc0,0x0f,0x88,0x8b,0x01,0x00,
    0x00,0x48,0x8b,0x0d,0x00,0x00,0x00,0x00,0x48,0x8b,0x89,0xd0,0x01,0x00,0x00,0x48,0x8b,0x11,0x48,0x8b,0x82,0xc8,0x00,0x00,
    0x00,0x48,0x8b,0x55,0x38,0xe8,0x00,0x00,0x00,0x00,0x8b,0xf0,0x85,0xc0,0x0f,0x88,0x4e,0x01,0x00,0x00,0x48,0x8b,0x55,0x38,
    0x49,0x3b,0x96,0xb8,0x02,0x00,0x00,0x75,0x2d,0x49,0x39,0xbe,0x18,0x02,0x00,0x00,0x74,0x24,0x49,0x8b,0xce,0xe8,0x00,0x00,
    0x00,0x00,0x8b,0xf0,0x85,0xc0,0x79,0x12,0x48,0x89,0x7c,0x24,0x28,0xc7,0x44,0x24,0x20,0x32,0x0e,0x00,0x00,0xe9,0x3f,0xff,
    0xff,0xff,0x48,0x8b,0x55,0x38,0x48,0x8b,0x82,0xd0,0x01,0x00,0x00,0x48,0x85,0xc0,0x74,0x35,0x48,0x8d,0x8b,0x90,0x00,0x00,
    0x00,0x41,0xb1,0x01,0x4c,0x8b,0x82,0xb8,0x01,0x00,0x00,0x48,0x8b,0xd0,0xe8,0x00,0x00,0x00,0x00,0x8b,0xf0,0x85,0xc0,0x79,
    0x12,0x48,0x89,0x7c,0x24,0x28,0xc7,0x44,0x24,0x20,0x38,0x0e,0x00,0x00,0xe9,0xfe,0xfe,0xff,0xff,0x48,0x8b,0x55,0x38,0x48,
    0x8b,0x82,0xb8,0x01,0x00,0x00,0x48,0x85,0xc0,0x74,0x4d,0xf6,0x80,0xc9,0x00,0x00,0x00,0x10,0x74,0x44,0x48,0x89,0x7d,0xf0,
    0x48,0x8d,0x4d,0xf0,0xe8,0x00,0x00,0x00,0x00,0x48,0x8b,0x45,0x38,0x4c,0x8d,0x4d,0xf0,0x45,0x33,0xc0,0x48,0x8b,0x90,0x88,
    0x00,0x00,0x00,0x49,0x8b,0xce,0xe8,0x00,0x00,0x00,0x00,0x8b,0xf0,0x85,0xc0,0x78,0x65,0x48,0x8b,0x4d,0xf0,0xe8,0x00,0x00,
    0x00,0x00,0x90,0x48,0x8d,0x4d,0xf0,0xe8,0x00,0x00,0x00,0x00,0x48,0x8b,0x55,0x38,0x48,0x8b,0x9a,0x58,0x02,0x00,0x00,0x48,
    0x85,0xdb,0x0f,0x84,0x93,0xfd,0xff,0xff,0x83,0xbb,0x78,0x02,0x00,0x00,0x01,0x0f,0x86,0x86,0xfd,0xff,0xff,0x4c,0x8b,0xff,
    0x48,0x8b,0x92,0x88,0x00,0x00,0x00,0x49,0x8b,0xce,0xe8,0x00,0x00,0x00,0x00,0x48,0x8b,0x55,0x38,0x48,0x85,0xc0,0x74,0x7b,
    0x48,0x8b,0x0a,0x48,0x3b,0xc8,0x74,0x73,0x48,0x39,0x99,0x58,0x02,0x00,0x00,0x74,0x67,0x48,0x8b,0x09,0xeb,0xed,0x48,0x89,
    0x7c,0x24,0x28,0xc7,0x44,0x24,0x20,0x3f,0x0e,0x00,0x00,0x44,0x8b,0xc8,0x45,0x33,0xc0,0x33,0xd2,0x8d,0x4a,0x14,0xe8,0x00,
    0x00,0x00,0x00,0x90,0x48,0x8d,0x4d,0xf0,0xe8,0x00,0x00,0x00,0x00,0xe9,0x29,0xfd,0xff,0xff,0x48,0x89,0x7c,0x24,0x28,0xc7,
    0x44,0x24,0x20,0x2d,0x0e,0x00,0x00,0xe9,0x15,0xfe,0xff,0xff,0x48,0x89,0x7c,0x24,0x28,0xc7,0x44,0x24,0x20,0x2c,0x0e,0x00,
    0x00,0xe9,0x03,0xfe,0xff,0xff,0x48,0x89,0x7c,0x24,0x28,0xc7,0x44,0x24,0x20,0x28,0x0e,0x00,0x00,0xe9,0xf1,0xfd,0xff,0xff,
    0x4c,0x8b,0xf9,0x4c,0x8d,0x9b,0x60,0x02,0x00,0x00,0x4d,0x85,0xff,0x74,0x3a,0x48,0x8d,0x55,0x38,0x49,0x8b,0xcb,0xe8,0x00,
    0x00,0x00,0x00,0x49,0x8b,0x03,0x41,0x39,0x7b,0x18,0x76,0x11,0x4c,0x3b,0x38,0x74,0x0c,0xff,0xc7,0x48,0x83,0xc0,0x08,0x41,
    0x3b,0x7b,0x18,0x72,0xef,0x44,0x8b,0xc7,0x48,0x8d,0x55,0x38,0x49,0x8b,0xcb,0xe8,0x00,0x00,0x00,0x00,0xe9,0xaa,0xfc,0xff,
    0xff,0x8b,0x8b,0x78,0x02,0x00,0x00,0xff,0xc9,0x49,0x8b,0x03,0x48,0x39,0x14,0xc8,0x0f,0x84,0x95,0xfc,0xff,0xff,0x48,0x8d,
    0x55,0x38,0x49,0x8b,0xcb,0xe8,0x00,0x00,0x00,0x00,0x41,0x8b,0x43,0x18,0x44,0x8d,0x40,0x01,0x44,0x3b,0xc0,0x73,0x18,0x48,
    0x89,0x7c,0x24,0x28,0xc7,0x44,0x24,0x20,0xb3,0x00,0x00,0x00,0x41,0xb9,0x16,0x02,0x07,0x80,0xe9,0x56,0xfc,0xff,0xff,0x45,
    0x3b,0x43,0x14,0x77,0x17,0x48,0x8b,0xd0,0x49,0x8b,0x0b,0x48,0x8b,0x45,0x38,0x48,0x89,0x04,0xd1,0x45,0x89,0x43,0x18,0xe9,
    0x47,0xfc,0xff,0xff,0x4c,0x8d,0x4d,0x38,0xba,0x08,0x00,0x00,0x00,0x44,0x8d,0x42,0xf9,0x49,0x8b,0xcb,0xe8,0x00,0x00,0x00,
    0x00,0x85,0xc0,0x0f,0x89,0x2a,0xfc,0xff,0xff,0x48,0x89,0x7c,0x24,0x28,0xc7,0x44,0x24,0x20,0xbe,0x00,0x00,0x00,0xe9,0x16,
    0xfd,0xff,0xff,0xb9,0x03,0x00,0x00,0x00,0xcd,0x29,
};
inline constexpr unsigned char kMask15[] = {
    0xff,0xff,0xff,0xff,0xff,0xff,0xff,0xff,0xff,0xff,0xff,0xff,0xff,0xff,0xff,0xff,0xff,0xff,0xff,0xff,0xff,0xff,0xff,0xff,
    0xff,0xff,0xff,0xff,0xff,0xff,0xff,0xff,0xff,0xff,0xff,0xff,0xff,0xff,0xff,0x00,0x00,0x00,0x00,0xff,0xff,0xff,0xff,0xff,
    0xff,0xff,0x00,0x00,0x00,0x00,0xff,0xff,0xff,0xff,0xff,0xff,0xff,0xff,0xff,0xff,0xff,0xff,0xff,0xff,0xff,0xff,0xff,0xff,
    0xff,0xff,0xff,0xff,0xff,0xff,0xff,0xff,0xff,0xff,0x00,0x00,0x00,0x00,0xff,0xff,0xff,0xff,0xff,0xff,0xff,0xff,0xff,0xff,
    0xff,0xff,0xff,0xff,0xff,0xff,0xff,0xff,0xff,0xff,0xff,0xff,0xff,0xff,0xff,0xff,0xff,0xff,0xff,0xff,0xff,0xff,0xff,0xff,
    0xff,0xff,0xff,0xff,0xff,0xff,0x00,0x00,0x00,0x00,0xff,0xff,0xff,0xff,0xff,0xff,0x00,0x00,0x00,0x00,0xff,0xff,0xff,0xff,
    0xff,0xff,0xff,0xff,0xff,0xff,0xff,0xff,0xff,0xff,0xff,0xff,0xff,0xff,0xff,0xff,0xff,0xff,0xff,0xff,0xff,0xff,0xff,0xff,
    0xff,0xff,0xff,0xff,0xff,0xff,0xff,0xff,0xff,0xff,0xff,0x00,0x00,0x00,0x00,0xff,0xff,0xff,0xff,0xff,0xff,0xff,0xff,0xff,
    0xff,0xff,0xff,0xff,0xff,0xff,0xff,0xff,0xff,0xff,0xff,0xff,0xff,0xff,0xff,0xff,0xff,0xff,0xff,0xff,0xff,0xff,0xff,0xff,
    0xff,0xff,0xff,0xff,0xff,0xff,0xff,0xff,0xff,0xff,0xff,0xff,0xff,0xff,0xff,0xff,0xff,0xff,0xff,0xff,0xff,0x00,0x00,0x00,
    0x00,0xff,0xff,0xff,0xff,0xff,0xff,0xff,0xff,0xff,0xff,0xff,0xff,0xff,0xff,0xff,0xff,0xff,0xff,0xff,0xff,0xff,0xff,0xff,
    0xff,0xff,0xff,0xff,0xff,0xff,0xff,0xff,0xff,0xff,0xff,0xff,0xff,0xff,0xff,0xff,0xff,0xff,0xff,0xff,0xff,0xff,0xff,0xff,
    0xff,0xff,0xff,0xff,0xff,0xff,0xff,0xff,0xff,0xff,0xff,0xff,0xff,0xff,0xff,0xff,0xff,0xff,0xff,0xff,0xff,0xff,0xff,0xff,
    0xff,0xff,0xff,0xff,0xff,0xff,0xff,0xff,0xff,0xff,0xff,0xff,0xff,0xff,0xff,0xff,0xff,0xff,0xff,0xff,0xff,0xff,0xff,0xff,
    0xff,0xff,0xff,0xff,0xff,0xff,0xff,0xff,0xff,0xff,0xff,0xff,0xff,0xff,0xff,0xff,0xff,0xff,0xff,0xff,0xff,0xff,0xff,0xff,
    0xff,0xff,0x00,0x00,0x00,0x00,0xff,0xff,0xff,0xff,0xff,0xff,0xff,0xff,0xff,0xff,0xff,0xff,0xff,0xff,0xff,0xff,0xff,0xff,
    0xff,0xff,0xff,0xff,0xff,0xff,0xff,0xff,0xff,0xff,0xff,0xff,0xff,0xff,0xff,0xff,0xff,0xff,0xff,0xff,0xff,0xff,0xff,0xff,
    0xff,0xff,0xff,0xff,0xff,0xff,0xff,0xff,0xff,0x00,0x00,0x00,0x00,0xff,0xff,0xff,0xff,0xff,0xff,0xff,0xff,0xff,0xff,0xff,
    0xff,0xff,0xff,0xff,0xff,0xff,0xff,0xff,0xff,0xff,0xff,0xff,0xff,0xff,0x00,0x00,0x00,0x00,0xff,0xff,0xff,0xff,0xff,0xff,
    0xff,0xff,0xff,0xff,0xff,0xff,0xff,0xff,0xff,0xff,0xff,0x00,0x00,0x00,0x00,0xff,0xff,0xff,0xff,0xff,0xff,0xff,0xff,0xff,
    0xff,0xff,0xff,0xff,0x00,0x00,0x00,0x00,0xff,0xff,0xff,0xff,0xff,0xff,0xff,0xff,0xff,0xff,0xff,0xff,0xff,0xff,0xff,0xff,
    0xff,0xff,0xff,0xff,0xff,0xff,0x00,0x00,0x00,0x00,0xff,0xff,0xff,0xff,0xff,0xff,0xff,0xff,0xff,0xff,0xff,0xff,0xff,0xff,
    0xff,0xff,0xff,0xff,0xff,0xff,0xff,0xff,0xff,0xff,0xff,0xff,0xff,0xff,0xff,0xff,0xff,0xff,0xff,0xff,0xff,0xff,0x00,0x00,
    0x00,0x00,0xff,0xff,0xff,0xff,0xff,0xff,0xff,0xff,0xff,0xff,0xff,0xff,0xff,0xff,0xff,0xff,0xff,0xff,0xff,0xff,0xff,0xff,
    0xff,0xff,0xff,0xff,0xff,0xff,0xff,0xff,0xff,0xff,0xff,0xff,0xff,0xff,0xff,0xff,0xff,0xff,0xff,0xff,0xff,0xff,0xff,0xff,
    0xff,0xff,0xff,0xff,0xff,0xff,0xff,0xff,0xff,0xff,0xff,0xff,0xff,0xff,0xff,0x00,0x00,0x00,0x00,0xff,0xff,0xff,0xff,0xff,
    0xff,0xff,0xff,0xff,0xff,0xff,0xff,0xff,0xff,0xff,0xff,0xff,0xff,0xff,0xff,0xff,0xff,0xff,0xff,0xff,0xff,0xff,0xff,0xff,
    0xff,0xff,0xff,0xff,0xff,0xff,0xff,0xff,0xff,0xff,0xff,0xff,0xff,0xff,0xff,0xff,0xff,0xff,0xff,0xff,0xff,0xff,0xff,0xff,
    0xff,0xff,0xff,0xff,0xff,0x00,0x00,0x00,0x00,0xff,0xff,0xff,0xff,0xff,0xff,0xff,0xff,0xff,0xff,0xff,0xff,0xff,0xff,0xff,
    0xff,0xff,0xff,0xff,0xff,0xff,0xff,0x00,0x00,0x00,0x00,0xff,0xff,0xff,0xff,0xff,0xff,0xff,0xff,0xff,0xff,0xff,0x00,0x00,
    0x00,0x00,0xff,0xff,0xff,0xff,0xff,0xff,0x00,0x00,0x00,0x00,0xff,0xff,0xff,0xff,0xff,0xff,0xff,0xff,0xff,0xff,0xff,0xff,
    0xff,0xff,0xff,0xff,0xff,0xff,0xff,0xff,0xff,0xff,0xff,0xff,0xff,0xff,0xff,0xff,0xff,0xff,0xff,0xff,0xff,0xff,0xff,0xff,
    0xff,0xff,0xff,0xff,0xff,0xff,0xff,0xff,0xff,0xff,0xff,0x00,0x00,0x00,0x00,0xff,0xff,0xff,0xff,0xff,0xff,0xff,0xff,0xff,
    0xff,0xff,0xff,0xff,0xff,0xff,0xff,0xff,0xff,0xff,0xff,0xff,0xff,0xff,0xff,0xff,0xff,0xff,0xff,0xff,0xff,0xff,0xff,0xff,
    0xff,0xff,0xff,0xff,0xff,0xff,0xff,0xff,0xff,0xff,0xff,0xff,0xff,0xff,0xff,0xff,0xff,0xff,0xff,0xff,0xff,0xff,0xff,0x00,
    0x00,0x00,0x00,0xff,0xff,0xff,0xff,0xff,0xff,0x00,0x00,0x00,0x00,0xff,0xff,0xff,0xff,0xff,0xff,0xff,0xff,0xff,0xff,0xff,
    0xff,0xff,0xff,0xff,0xff,0xff,0xff,0xff,0xff,0xff,0xff,0xff,0xff,0xff,0xff,0xff,0xff,0xff,0xff,0xff,0xff,0xff,0xff,0xff,
    0xff,0xff,0xff,0xff,0xff,0xff,0xff,0xff,0xff,0xff,0xff,0xff,0xff,0xff,0xff,0xff,0xff,0xff,0xff,0xff,0xff,0xff,0xff,0xff,
    0xff,0xff,0xff,0xff,0xff,0xff,0xff,0xff,0xff,0xff,0xff,0xff,0xff,0xff,0xff,0xff,0xff,0xff,0xff,0xff,0xff,0xff,0xff,0x00,
    0x00,0x00,0x00,0xff,0xff,0xff,0xff,0xff,0xff,0xff,0xff,0xff,0xff,0xff,0xff,0xff,0xff,0xff,0xff,0xff,0xff,0xff,0xff,0xff,
    0xff,0xff,0xff,0xff,0xff,0xff,0xff,0xff,0xff,0xff,0xff,0xff,0xff,0xff,0xff,0xff,0x00,0x00,0x00,0x00,0xff,0xff,0xff,0xff,
    0xff,0xff,0xff,0xff,0xff,0xff,0xff,0xff,0xff,0xff,0xff,0xff,0xff,0xff,0xff,0xff,0xff,0xff,0xff,0xff,0xff,0xff,0xff,0xff,
    0xff,0xff,0xff,0xff,0xff,0xff,0x00,0x00,0x00,0x00,0xff,0xff,0xff,0xff,0xff,0xff,0xff,0xff,0xff,0xff,0xff,0xff,0xff,0xff,
    0xff,0xff,0xff,0xff,0xff,0xff,0xff,0xff,0xff,0xff,0xff,0xff,0xff,0xff,0xff,0xff,0xff,0xff,0xff,0xff,0xff,0xff,0xff,0xff,
    0xff,0xff,0xff,0xff,0xff,0xff,0xff,0xff,0xff,0xff,0xff,0xff,0xff,0xff,0xff,0xff,0xff,0xff,0xff,0xff,0xff,0xff,0xff,0xff,
    0xff,0xff,0xff,0xff,0xff,0xff,0xff,0xff,0xff,0xff,0xff,0xff,0xff,0xff,0xff,0xff,0xff,0xff,0xff,0xff,0xff,0x00,0x00,0x00,
    0x00,0xff,0xff,0xff,0xff,0xff,0xff,0xff,0xff,0xff,0xff,0xff,0xff,0xff,0xff,0xff,0xff,0xff,0xff,0xff,0xff,0xff,0xff,0xff,
    0xff,0xff,0xff,0xff,0xff,0xff,0xff,0xff,0xff,0xff,
};
inline constexpr Reference kRefs15[] = {
    {39, 43, Section::Writable, Node::Count, Binding::CriticalSection, nullptr},
    {50, 54, Section::ReadOnly, Node::Count, Binding::None, "EnterCriticalSection"},
    {82, 86, Section::Code, Node::SyncedData, Binding::None, nullptr},
    {126, 130, Section::Code, Node::Count, Binding::None, nullptr},
    {136, 140, Section::Code, Node::Count, Binding::None, nullptr},
    {179, 183, Section::Code, Node::DesktopList, Binding::None, nullptr},
    {237, 241, Section::Code, Node::SyncedData, Binding::None, nullptr},
    {362, 366, Section::Code, Node::Reevaluate, Binding::None, nullptr},
    {417, 421, Section::Code, Node::Reevaluate, Binding::None, nullptr},
    {446, 450, Section::Code, Node::Count, Binding::None, nullptr},
    {467, 471, Section::Code, Node::Count, Binding::None, nullptr},
    {484, 488, Section::Writable, Node::Count, Binding::DesktopManager, nullptr},
    {510, 514, Section::Code, Node::Count, Binding::None, nullptr},
    {550, 554, Section::Code, Node::Count, Binding::None, nullptr},
    {615, 619, Section::Code, Node::InsertRelative, Binding::None, nullptr},
    {677, 681, Section::Code, Node::Count, Binding::None, nullptr},
    {703, 707, Section::Code, Node::Count, Binding::None, nullptr},
    {718, 722, Section::Code, Node::Count, Binding::None, nullptr},
    {728, 732, Section::Code, Node::Count, Binding::None, nullptr},
    {779, 783, Section::Code, Node::DesktopList, Binding::None, nullptr},
    {839, 843, Section::Code, Node::Count, Binding::None, nullptr},
    {849, 853, Section::Code, Node::Count, Binding::None, nullptr},
    {935, 939, Section::Code, Node::Count, Binding::None, nullptr},
    {976, 980, Section::Code, Node::Count, Binding::None, nullptr},
    {1014, 1018, Section::Code, Node::Count, Binding::None, nullptr},
    {1101, 1105, Section::Code, Node::Count, Binding::None, nullptr},
};
// UpdateScene
inline constexpr unsigned char kBytes16[] = {
    0x48,0x89,0x5c,0x24,0x08,0x48,0x89,0x74,0x24,0x18,0x57,0x48,0x83,0xec,0x20,0x48,0x8b,0xd9,0x48,0x8b,0x05,0x00,0x00,0x00,
    0x00,0x80,0x78,0x19,0x00,0x74,0x6b,0x48,0x8d,0x35,0x00,0x00,0x00,0x00,0x48,0x89,0x74,0x24,0x38,0x48,0x8b,0xce,0x48,0xff,
    0x15,0x00,0x00,0x00,0x00,0x0f,0x1f,0x44,0x00,0x00,0x90,0x48,0x8b,0x3d,0x00,0x00,0x00,0x00,0x48,0xff,0x15,0x00,0x00,0x00,
    0x00,0x0f,0x1f,0x44,0x00,0x00,0x3b,0x87,0x60,0x04,0x00,0x00,0x74,0x17,0x48,0x8b,0x0d,0x00,0x00,0x00,0x00,0x48,0x8b,0x89,
    0xb8,0x00,0x00,0x00,0xe8,0x00,0x00,0x00,0x00,0x85,0xc0,0x7f,0x6c,0x48,0x8b,0xcb,0xe8,0x00,0x00,0x00,0x00,0x8b,0xd8,0x85,
    0xc0,0x78,0x22,0x48,0x8b,0xce,0x48,0xff,0x15,0x00,0x00,0x00,0x00,0x0f,0x1f,0x44,0x00,0x00,0x33,0xc0,0x48,0x8b,0x5c,0x24,
    0x30,0x48,0x8b,0x74,0x24,0x40,0x48,0x83,0xc4,0x20,0x5f,0xc3,0xcc,0x48,0x8b,0x4c,0x24,0x28,0x44,0x8b,0xcb,0x4c,0x8d,0x05,
    0x00,0x00,0x00,0x00,0xba,0x09,0x1a,0x00,0x00,0xe8,0x00,0x00,0x00,0x00,0x90,0x48,0x8b,0xce,0x48,0xff,0x15,0x00,0x00,0x00,
    0x00,0x0f,0x1f,0x44,0x00,0x00,0x8b,0xc3,0x48,0x8b,0x5c,0x24,0x30,0x48,0x8b,0x74,0x24,0x40,0x48,0x83,0xc4,0x20,0x5f,0xc3,
    0xcc,0xe8,0x00,0x00,0x00,0x00,0x90,0x48,0x8b,0xf8,0x48,0x85,0xc0,0x74,0x86,0x48,0x8b,0xc8,0xe8,0x00,0x00,0x00,0x00,0x48,
    0x8b,0xcf,0x84,0xc0,0x74,0x0a,0xe8,0x00,0x00,0x00,0x00,0xe9,0x7b,0xff,0xff,0xff,0xe8,0x00,0x00,0x00,0x00,0xe9,0x63,0xff,
    0xff,0xff,
};
inline constexpr unsigned char kMask16[] = {
    0xff,0xff,0xff,0xff,0xff,0xff,0xff,0xff,0xff,0xff,0xff,0xff,0xff,0xff,0xff,0xff,0xff,0xff,0xff,0xff,0xff,0x00,0x00,0x00,
    0x00,0xff,0xff,0xff,0xff,0xff,0xff,0xff,0xff,0xff,0x00,0x00,0x00,0x00,0xff,0xff,0xff,0xff,0xff,0xff,0xff,0xff,0xff,0xff,
    0xff,0x00,0x00,0x00,0x00,0xff,0xff,0xff,0xff,0xff,0xff,0xff,0xff,0xff,0x00,0x00,0x00,0x00,0xff,0xff,0xff,0x00,0x00,0x00,
    0x00,0xff,0xff,0xff,0xff,0xff,0xff,0xff,0xff,0xff,0xff,0xff,0xff,0xff,0xff,0xff,0xff,0x00,0x00,0x00,0x00,0xff,0xff,0xff,
    0xff,0xff,0xff,0xff,0xff,0x00,0x00,0x00,0x00,0xff,0xff,0xff,0xff,0xff,0xff,0xff,0xff,0x00,0x00,0x00,0x00,0xff,0xff,0xff,
    0xff,0xff,0xff,0xff,0xff,0xff,0xff,0xff,0xff,0x00,0x00,0x00,0x00,0xff,0xff,0xff,0xff,0xff,0xff,0xff,0xff,0xff,0xff,0xff,
    0xff,0xff,0xff,0xff,0xff,0xff,0xff,0xff,0xff,0xff,0xff,0xff,0xff,0xff,0xff,0xff,0xff,0xff,0xff,0xff,0xff,0xff,0xff,0xff,
    0x00,0x00,0x00,0x00,0xff,0xff,0xff,0xff,0xff,0xff,0x00,0x00,0x00,0x00,0xff,0xff,0xff,0xff,0xff,0xff,0xff,0x00,0x00,0x00,
    0x00,0xff,0xff,0xff,0xff,0xff,0xff,0xff,0xff,0xff,0xff,0xff,0xff,0xff,0xff,0xff,0xff,0xff,0xff,0xff,0xff,0xff,0xff,0xff,
    0xff,0xff,0x00,0x00,0x00,0x00,0xff,0xff,0xff,0xff,0xff,0xff,0xff,0xff,0xff,0xff,0xff,0xff,0xff,0x00,0x00,0x00,0x00,0xff,
    0xff,0xff,0xff,0xff,0xff,0xff,0xff,0x00,0x00,0x00,0x00,0xff,0xff,0xff,0xff,0xff,0xff,0x00,0x00,0x00,0x00,0xff,0xff,0xff,
    0xff,0xff,
};
inline constexpr Reference kRefs16[] = {
    {21, 25, Section::Writable, Node::Count, Binding::DesktopManager, nullptr},
    {34, 38, Section::Writable, Node::Count, Binding::CriticalSection, nullptr},
    {49, 53, Section::ReadOnly, Node::Count, Binding::None, "EnterCriticalSection"},
    {62, 66, Section::Writable, Node::Count, Binding::DesktopManager, nullptr},
    {69, 73, Section::ReadOnly, Node::Count, Binding::None, "GetCurrentThreadId"},
    {89, 93, Section::Writable, Node::Count, Binding::DesktopManager, nullptr},
    {101, 105, Section::Code, Node::Count, Binding::None, nullptr},
    {113, 117, Section::Code, Node::Count, Binding::None, nullptr},
    {129, 133, Section::ReadOnly, Node::Count, Binding::None, "LeaveCriticalSection"},
    {168, 172, Section::ReadOnly, Node::Count, Binding::None, nullptr},
    {178, 182, Section::Code, Node::Count, Binding::None, nullptr},
    {189, 193, Section::ReadOnly, Node::Count, Binding::None, "LeaveCriticalSection"},
    {218, 222, Section::Code, Node::Count, Binding::None, nullptr},
    {235, 239, Section::Code, Node::Count, Binding::None, nullptr},
    {247, 251, Section::Code, Node::Count, Binding::None, nullptr},
    {257, 261, Section::Code, Node::Count, Binding::None, nullptr},
};
// DestroyWindow
inline constexpr unsigned char kBytes17[] = {
    0x48,0x89,0x5c,0x24,0x08,0x55,0x56,0x57,0x48,0x8b,0xec,0x48,0x83,0xec,0x30,0x48,0x8b,0xda,0x48,0x8b,0xf9,0x48,0x8d,0x35,
    0x00,0x00,0x00,0x00,0x48,0x89,0x75,0xf0,0x48,0x8b,0xce,0x48,0xff,0x15,0x00,0x00,0x00,0x00,0x0f,0x1f,0x44,0x00,0x00,0x90,
    0x48,0x83,0x65,0x30,0x00,0x4c,0x8d,0x4d,0x30,0x41,0xb0,0x01,0x48,0x8b,0xd3,0x48,0x8b,0xcf,0xe8,0x00,0x00,0x00,0x00,0x48,
    0x8b,0x55,0x30,0x48,0x85,0xd2,0x0f,0x84,0xda,0x00,0x00,0x00,0x48,0x8b,0x4a,0x18,0x48,0x85,0xc9,0x74,0x1a,0x48,0x8b,0x01,
    0x33,0xd2,0x48,0x8b,0x00,0xe8,0x00,0x00,0x00,0x00,0x48,0x8b,0x45,0x30,0x48,0x83,0x60,0x18,0x00,0x48,0x8b,0x55,0x30,0x48,
    0x8b,0x5a,0x28,0xf6,0x82,0xa4,0x02,0x00,0x00,0x02,0x74,0x18,0x48,0x8d,0x45,0x30,0x48,0x89,0x45,0x38,0x48,0x8d,0x55,0x38,
    0x48,0x8b,0xcf,0xe8,0x00,0x00,0x00,0x00,0x48,0x8b,0x55,0x30,0x48,0x8b,0x05,0x00,0x00,0x00,0x00,0x48,0x8b,0x88,0xd0,0x01,
    0x00,0x00,0x48,0x8b,0x01,0x48,0x8b,0x80,0xc0,0x00,0x00,0x00,0xe8,0x00,0x00,0x00,0x00,0x48,0x8b,0x4d,0x18,0x85,0xc0,0x79,
    0x14,0x44,0x8b,0xc8,0x4c,0x8d,0x05,0x00,0x00,0x00,0x00,0xba,0xcc,0x08,0x00,0x00,0xe8,0x00,0x00,0x00,0x00,0x48,0x8b,0x45,
    0x30,0xf6,0x80,0xa0,0x02,0x00,0x00,0x04,0x75,0x34,0x48,0x8b,0x10,0x48,0x8b,0x48,0x08,0x48,0x39,0x42,0x08,0x75,0x5e,0x48,
    0x39,0x01,0x75,0x59,0x48,0x89,0x11,0x48,0x89,0x4a,0x08,0x48,0x8b,0x45,0x30,0x48,0x89,0x40,0x08,0x48,0x8b,0x45,0x30,0x48,
    0x89,0x00,0x48,0x8b,0x55,0x30,0x48,0x8b,0xcf,0xe8,0x00,0x00,0x00,0x00,0x48,0x8b,0x8f,0x10,0x02,0x00,0x00,0x48,0x85,0xc9,
    0x74,0x0c,0x48,0x3b,0x59,0x08,0x75,0x06,0xe8,0x00,0x00,0x00,0x00,0x90,0x48,0x8b,0xce,0x48,0xff,0x15,0x00,0x00,0x00,0x00,
    0x0f,0x1f,0x44,0x00,0x00,0x33,0xc0,0x48,0x8b,0x5c,0x24,0x50,0x48,0x83,0xc4,0x30,0x5f,0x5e,0x5d,0xc3,0xcc,0xb9,0x03,0x00,
    0x00,0x00,0xcd,0x29,
};
inline constexpr unsigned char kMask17[] = {
    0xff,0xff,0xff,0xff,0xff,0xff,0xff,0xff,0xff,0xff,0xff,0xff,0xff,0xff,0xff,0xff,0xff,0xff,0xff,0xff,0xff,0xff,0xff,0xff,
    0x00,0x00,0x00,0x00,0xff,0xff,0xff,0xff,0xff,0xff,0xff,0xff,0xff,0xff,0x00,0x00,0x00,0x00,0xff,0xff,0xff,0xff,0xff,0xff,
    0xff,0xff,0xff,0xff,0xff,0xff,0xff,0xff,0xff,0xff,0xff,0xff,0xff,0xff,0xff,0xff,0xff,0xff,0xff,0x00,0x00,0x00,0x00,0xff,
    0xff,0xff,0xff,0xff,0xff,0xff,0xff,0xff,0xff,0xff,0xff,0xff,0xff,0xff,0xff,0xff,0xff,0xff,0xff,0xff,0xff,0xff,0xff,0xff,
    0xff,0xff,0xff,0xff,0xff,0xff,0x00,0x00,0x00,0x00,0xff,0xff,0xff,0xff,0xff,0xff,0xff,0xff,0xff,0xff,0xff,0xff,0xff,0xff,
    0xff,0xff,0xff,0xff,0xff,0xff,0xff,0xff,0xff,0xff,0xff,0xff,0xff,0xff,0xff,0xff,0xff,0xff,0xff,0xff,0xff,0xff,0xff,0xff,
    0xff,0xff,0xff,0xff,0x00,0x00,0x00,0x00,0xff,0xff,0xff,0xff,0xff,0xff,0xff,0x00,0x00,0x00,0x00,0xff,0xff,0xff,0xff,0xff,
    0xff,0xff,0xff,0xff,0xff,0xff,0xff,0xff,0xff,0xff,0xff,0xff,0xff,0x00,0x00,0x00,0x00,0xff,0xff,0xff,0xff,0xff,0xff,0xff,
    0xff,0xff,0xff,0xff,0xff,0xff,0xff,0x00,0x00,0x00,0x00,0xff,0xff,0xff,0xff,0xff,0xff,0x00,0x00,0x00,0x00,0xff,0xff,0xff,
    0xff,0xff,0xff,0xff,0xff,0xff,0xff,0xff,0xff,0xff,0xff,0xff,0xff,0xff,0xff,0xff,0xff,0xff,0xff,0xff,0xff,0xff,0xff,0xff,
    0xff,0xff,0xff,0xff,0xff,0xff,0xff,0xff,0xff,0xff,0xff,0xff,0xff,0xff,0xff,0xff,0xff,0xff,0xff,0xff,0xff,0xff,0xff,0xff,
    0xff,0xff,0xff,0xff,0xff,0xff,0xff,0xff,0xff,0xff,0x00,0x00,0x00,0x00,0xff,0xff,0xff,0xff,0xff,0xff,0xff,0xff,0xff,0xff,
    0xff,0xff,0xff,0xff,0xff,0xff,0xff,0xff,0xff,0x00,0x00,0x00,0x00,0xff,0xff,0xff,0xff,0xff,0xff,0xff,0x00,0x00,0x00,0x00,
    0xff,0xff,0xff,0xff,0xff,0xff,0xff,0xff,0xff,0xff,0xff,0xff,0xff,0xff,0xff,0xff,0xff,0xff,0xff,0xff,0xff,0xff,0xff,0xff,
    0xff,0xff,0xff,0xff,
};
inline constexpr Reference kRefs17[] = {
    {24, 28, Section::Writable, Node::Count, Binding::CriticalSection, nullptr},
    {38, 42, Section::ReadOnly, Node::Count, Binding::None, "EnterCriticalSection"},
    {67, 71, Section::Code, Node::SyncedData, Binding::None, nullptr},
    {102, 106, Section::Code, Node::Count, Binding::None, nullptr},
    {148, 152, Section::Code, Node::Count, Binding::None, nullptr},
    {159, 163, Section::Writable, Node::Count, Binding::DesktopManager, nullptr},
    {181, 185, Section::Code, Node::Count, Binding::None, nullptr},
    {199, 203, Section::ReadOnly, Node::Count, Binding::None, nullptr},
    {209, 213, Section::Code, Node::Count, Binding::None, nullptr},
    {274, 278, Section::Code, Node::Count, Binding::None, nullptr},
    {297, 301, Section::Code, Node::Count, Binding::None, nullptr},
    {308, 312, Section::ReadOnly, Node::Count, Binding::None, "LeaveCriticalSection"},
};
// SyncedData
inline constexpr unsigned char kBytes18[] = {
    0x48,0x89,0x5c,0x24,0x08,0x48,0x89,0x6c,0x24,0x18,0x56,0x57,0x41,0x56,0x48,0x83,0xec,0x20,0x48,0x8b,0x02,0x48,0x8b,0xe9,
    0x48,0x8b,0xca,0x4d,0x8b,0xf1,0x41,0x8a,0xf0,0x48,0x8b,0xfa,0x48,0x8b,0x40,0x08,0xe8,0x00,0x00,0x00,0x00,0x48,0x8b,0xd8,
    0x48,0x85,0xc0,0x75,0x73,0x40,0x84,0xf6,0x74,0x14,0x48,0x8b,0x0f,0x48,0x8b,0x41,0x10,0x48,0x8b,0xcf,0xe8,0x00,0x00,0x00,
    0x00,0x48,0x85,0xc0,0x74,0x5a,0xb9,0x60,0x03,0x00,0x00,0xe8,0x00,0x00,0x00,0x00,0x48,0x89,0x44,0x24,0x48,0x48,0x85,0xc0,
    0x74,0x5d,0x48,0x8b,0xc8,0xe8,0x00,0x00,0x00,0x00,0x48,0x8b,0xd8,0x48,0x85,0xc0,0x74,0x4d,0x48,0x89,0x78,0x18,0x48,0x8b,
    0xd3,0x48,0x8b,0x07,0x48,0x8b,0xcf,0x48,0x8b,0x00,0xe8,0x00,0x00,0x00,0x00,0x48,0x8b,0x07,0x48,0x8b,0xcf,0x48,0x8b,0x40,
    0x18,0xe8,0x00,0x00,0x00,0x00,0x4c,0x8b,0xc3,0x48,0x89,0x43,0x28,0x48,0x8b,0xd7,0x48,0x8b,0xcd,0xe8,0x00,0x00,0x00,0x00,
    0x48,0x8b,0x6c,0x24,0x50,0x49,0x89,0x1e,0x48,0x8b,0x5c,0x24,0x40,0x48,0x83,0xc4,0x20,0x41,0x5e,0x5f,0x5e,0xc3,0xcc,0x48,
    0x8b,0x4c,0x24,0x38,0x4c,0x8d,0x05,0x00,0x00,0x00,0x00,0xba,0x28,0x08,0x00,0x00,0xe8,0x00,0x00,0x00,0x00,
};
inline constexpr unsigned char kMask18[] = {
    0xff,0xff,0xff,0xff,0xff,0xff,0xff,0xff,0xff,0xff,0xff,0xff,0xff,0xff,0xff,0xff,0xff,0xff,0xff,0xff,0xff,0xff,0xff,0xff,
    0xff,0xff,0xff,0xff,0xff,0xff,0xff,0xff,0xff,0xff,0xff,0xff,0xff,0xff,0xff,0xff,0xff,0x00,0x00,0x00,0x00,0xff,0xff,0xff,
    0xff,0xff,0xff,0xff,0xff,0xff,0xff,0xff,0xff,0xff,0xff,0xff,0xff,0xff,0xff,0xff,0xff,0xff,0xff,0xff,0xff,0x00,0x00,0x00,
    0x00,0xff,0xff,0xff,0xff,0xff,0xff,0xff,0xff,0xff,0xff,0xff,0x00,0x00,0x00,0x00,0xff,0xff,0xff,0xff,0xff,0xff,0xff,0xff,
    0xff,0xff,0xff,0xff,0xff,0xff,0x00,0x00,0x00,0x00,0xff,0xff,0xff,0xff,0xff,0xff,0xff,0xff,0xff,0xff,0xff,0xff,0xff,0xff,
    0xff,0xff,0xff,0xff,0xff,0xff,0xff,0xff,0xff,0xff,0xff,0x00,0x00,0x00,0x00,0xff,0xff,0xff,0xff,0xff,0xff,0xff,0xff,0xff,
    0xff,0xff,0x00,0x00,0x00,0x00,0xff,0xff,0xff,0xff,0xff,0xff,0xff,0xff,0xff,0xff,0xff,0xff,0xff,0xff,0x00,0x00,0x00,0x00,
    0xff,0xff,0xff,0xff,0xff,0xff,0xff,0xff,0xff,0xff,0xff,0xff,0xff,0xff,0xff,0xff,0xff,0xff,0xff,0xff,0xff,0xff,0xff,0xff,
    0xff,0xff,0xff,0xff,0xff,0xff,0xff,0x00,0x00,0x00,0x00,0xff,0xff,0xff,0xff,0xff,0xff,0x00,0x00,0x00,0x00,
};
inline constexpr Reference kRefs18[] = {
    {41, 45, Section::Code, Node::Count, Binding::None, nullptr},
    {69, 73, Section::Code, Node::Count, Binding::None, nullptr},
    {84, 88, Section::Code, Node::Count, Binding::None, nullptr},
    {102, 106, Section::Code, Node::Count, Binding::None, nullptr},
    {131, 135, Section::Code, Node::Count, Binding::None, nullptr},
    {146, 150, Section::Code, Node::Count, Binding::None, nullptr},
    {164, 168, Section::Code, Node::Count, Binding::None, nullptr},
    {199, 203, Section::ReadOnly, Node::Count, Binding::None, nullptr},
    {209, 213, Section::Code, Node::Count, Binding::None, nullptr},
};
// Reevaluate
inline constexpr unsigned char kBytes19[] = {
    0x48,0x8b,0xc4,0x48,0x89,0x58,0x08,0x48,0x89,0x68,0x20,0x56,0x57,0x41,0x56,0x48,0x81,0xec,0x80,0x00,0x00,0x00,0x41,0x0f,
    0xb6,0xe8,0x48,0x8b,0xfa,0x4c,0x8b,0xf1,0x48,0x39,0x12,0x0f,0x84,0xfb,0x00,0x00,0x00,0x0f,0x57,0xc0,0x48,0xc7,0x40,0xc8,
    0xff,0xff,0xff,0xff,0x66,0x0f,0x7f,0x40,0x98,0x33,0xdb,0x48,0x89,0x58,0x90,0x0f,0x57,0xc9,0x66,0x0f,0x7f,0x48,0xa8,0x48,
    0x83,0xc1,0x08,0x66,0x0f,0x7f,0x40,0xb8,0x88,0x58,0xd0,0x0f,0x11,0x40,0xd8,0x48,0x8b,0x82,0x88,0x00,0x00,0x00,0x48,0x8d,
    0x54,0x24,0x20,0x48,0x89,0x44,0x24,0x20,0x48,0xff,0x15,0x00,0x00,0x00,0x00,0x0f,0x1f,0x44,0x00,0x00,0x48,0x85,0xc0,0x48,
    0x8d,0x70,0x50,0x48,0x0f,0x44,0xf3,0x48,0x8b,0xdf,0x40,0x84,0xed,0x75,0x33,0xf6,0x83,0xa0,0x02,0x00,0x00,0x01,0x75,0x17,
    0x48,0x8b,0x1b,0x40,0x32,0xed,0x48,0x85,0xdb,0x74,0x40,0x48,0x3b,0xde,0x74,0x3b,0x48,0x3b,0xdf,0x75,0xe2,0xeb,0x34,0x48,
    0x8b,0x83,0xb8,0x01,0x00,0x00,0x48,0x85,0xc0,0x74,0xdd,0x48,0x83,0x78,0x18,0x00,0x74,0xd6,0x48,0x8b,0xd6,0x48,0x8b,0xcb,
    0xe8,0x00,0x00,0x00,0x00,0x0f,0xb6,0x8b,0xa6,0x02,0x00,0x00,0xc0,0xe9,0x04,0x80,0xe1,0x01,0x3a,0xc1,0x75,0x20,0x40,0x84,
    0xed,0x75,0x7d,0x33,0xc0,0x4c,0x8d,0x9c,0x24,0x80,0x00,0x00,0x00,0x49,0x8b,0x5b,0x20,0x49,0x8b,0x6b,0x38,0x49,0x8b,0xe3,
    0x41,0x5e,0x5f,0x5e,0xc3,0xcc,0x48,0x8b,0xd3,0xe8,0x00,0x00,0x00,0x00,0x8b,0xe8,0x85,0xc0,0x79,0x8c,0x48,0x8b,0x8c,0x24,
    0x98,0x00,0x00,0x00,0x4c,0x8d,0x05,0x00,0x00,0x00,0x00,0x44,0x8b,0xc8,0xba,0x55,0x1f,0x00,0x00,0xe8,0x00,0x00,0x00,0x00,
    0x8b,0xc5,0xeb,0xb9,0xf6,0x82,0xa6,0x02,0x00,0x00,0x10,0x74,0xae,0xe8,0x00,0x00,0x00,0x00,0x8b,0xd8,0x85,0xc0,0x79,0xa3,
    0x48,0x8b,0x8c,0x24,0x98,0x00,0x00,0x00,0x4c,0x8d,0x05,0x00,0x00,0x00,0x00,0x44,0x8b,0xc8,0xba,0x45,0x1f,0x00,0x00,0xe8,
    0x00,0x00,0x00,0x00,0x8b,0xc3,0xeb,0x85,0x48,0x8b,0xd3,0x49,0x8b,0xce,0xe8,0x00,0x00,0x00,0x00,0x8b,0xe8,0x85,0xc0,0x0f,
    0x89,0x23,0xff,0xff,0xff,0x48,0x8b,0x8c,0x24,0x98,0x00,0x00,0x00,0x4c,0x8d,0x05,0x00,0x00,0x00,0x00,0x44,0x8b,0xc8,0xba,
    0x5c,0x1f,0x00,0x00,0xe8,0x00,0x00,0x00,0x00,0x8b,0xc5,0xe9,0x4d,0xff,0xff,0xff,
};
inline constexpr unsigned char kMask19[] = {
    0xff,0xff,0xff,0xff,0xff,0xff,0xff,0xff,0xff,0xff,0xff,0xff,0xff,0xff,0xff,0xff,0xff,0xff,0xff,0xff,0xff,0xff,0xff,0xff,
    0xff,0xff,0xff,0xff,0xff,0xff,0xff,0xff,0xff,0xff,0xff,0xff,0xff,0xff,0xff,0xff,0xff,0xff,0xff,0xff,0xff,0xff,0xff,0xff,
    0xff,0xff,0xff,0xff,0xff,0xff,0xff,0xff,0xff,0xff,0xff,0xff,0xff,0xff,0xff,0xff,0xff,0xff,0xff,0xff,0xff,0xff,0xff,0xff,
    0xff,0xff,0xff,0xff,0xff,0xff,0xff,0xff,0xff,0xff,0xff,0xff,0xff,0xff,0xff,0xff,0xff,0xff,0xff,0xff,0xff,0xff,0xff,0xff,
    0xff,0xff,0xff,0xff,0xff,0xff,0xff,0xff,0xff,0xff,0xff,0x00,0x00,0x00,0x00,0xff,0xff,0xff,0xff,0xff,0xff,0xff,0xff,0xff,
    0xff,0xff,0xff,0xff,0xff,0xff,0xff,0xff,0xff,0xff,0xff,0xff,0xff,0xff,0xff,0xff,0xff,0xff,0xff,0xff,0xff,0xff,0xff,0xff,
    0xff,0xff,0xff,0xff,0xff,0xff,0xff,0xff,0xff,0xff,0xff,0xff,0xff,0xff,0xff,0xff,0xff,0xff,0xff,0xff,0xff,0xff,0xff,0xff,
    0xff,0xff,0xff,0xff,0xff,0xff,0xff,0xff,0xff,0xff,0xff,0xff,0xff,0xff,0xff,0xff,0xff,0xff,0xff,0xff,0xff,0xff,0xff,0xff,
    0xff,0x00,0x00,0x00,0x00,0xff,0xff,0xff,0xff,0xff,0xff,0xff,0xff,0xff,0xff,0xff,0xff,0xff,0xff,0xff,0xff,0xff,0xff,0xff,
    0xff,0xff,0xff,0xff,0xff,0xff,0xff,0xff,0xff,0xff,0xff,0xff,0xff,0xff,0xff,0xff,0xff,0xff,0xff,0xff,0xff,0xff,0xff,0xff,
    0xff,0xff,0xff,0xff,0xff,0xff,0xff,0xff,0xff,0xff,0x00,0x00,0x00,0x00,0xff,0xff,0xff,0xff,0xff,0xff,0xff,0xff,0xff,0xff,
    0xff,0xff,0xff,0xff,0xff,0xff,0xff,0x00,0x00,0x00,0x00,0xff,0xff,0xff,0xff,0xff,0xff,0xff,0xff,0xff,0x00,0x00,0x00,0x00,
    0xff,0xff,0xff,0xff,0xff,0xff,0xff,0xff,0xff,0xff,0xff,0xff,0xff,0xff,0x00,0x00,0x00,0x00,0xff,0xff,0xff,0xff,0xff,0xff,
    0xff,0xff,0xff,0xff,0xff,0xff,0xff,0xff,0xff,0xff,0xff,0x00,0x00,0x00,0x00,0xff,0xff,0xff,0xff,0xff,0xff,0xff,0xff,0xff,
    0x00,0x00,0x00,0x00,0xff,0xff,0xff,0xff,0xff,0xff,0xff,0xff,0xff,0xff,0xff,0x00,0x00,0x00,0x00,0xff,0xff,0xff,0xff,0xff,
    0xff,0xff,0xff,0xff,0xff,0xff,0xff,0xff,0xff,0xff,0xff,0xff,0xff,0xff,0xff,0xff,0x00,0x00,0x00,0x00,0xff,0xff,0xff,0xff,
    0xff,0xff,0xff,0xff,0xff,0x00,0x00,0x00,0x00,0xff,0xff,0xff,0xff,0xff,0xff,0xff,
};
inline constexpr Reference kRefs19[] = {
    {107, 111, Section::ReadOnly, Node::Count, Binding::None, "RtlLookupElementGenericTable"},
    {193, 197, Section::Code, Node::Count, Binding::None, nullptr},
    {250, 254, Section::Code, Node::Count, Binding::None, nullptr},
    {271, 275, Section::ReadOnly, Node::Count, Binding::None, nullptr},
    {284, 288, Section::Code, Node::Count, Binding::None, nullptr},
    {302, 306, Section::Code, Node::Count, Binding::None, nullptr},
    {323, 327, Section::ReadOnly, Node::Count, Binding::None, nullptr},
    {336, 340, Section::Code, Node::Count, Binding::None, nullptr},
    {351, 355, Section::Code, Node::InsertTree, Binding::None, nullptr},
    {376, 380, Section::ReadOnly, Node::Count, Binding::None, nullptr},
    {389, 393, Section::Code, Node::Count, Binding::None, nullptr},
};
// InsertTree
inline constexpr unsigned char kBytes20[] = {
    0x48,0x8b,0xc4,0x48,0x89,0x58,0x08,0x48,0x89,0x70,0x10,0x57,0x48,0x81,0xec,0x80,0x00,0x00,0x00,0xf6,0x82,0xa6,0x02,0x00,
    0x00,0x10,0x48,0x8b,0xda,0x48,0x8b,0xf1,0x0f,0x85,0xbc,0x00,0x00,0x00,0x48,0x83,0x60,0xa0,0x00,0x0f,0x57,0xc0,0x48,0x83,
    0x48,0xd8,0xff,0x0f,0x57,0xc9,0x66,0x0f,0x7f,0x40,0xa8,0x48,0x83,0xc1,0x08,0x66,0x0f,0x7f,0x48,0xb8,0x66,0x0f,0x7f,0x40,
    0xc8,0x0f,0x11,0x40,0xe8,0xc6,0x40,0xe0,0x00,0x48,0x8b,0x82,0x88,0x00,0x00,0x00,0x48,0x8d,0x54,0x24,0x20,0x48,0x89,0x44,
    0x24,0x20,0x48,0xff,0x15,0x00,0x00,0x00,0x00,0x0f,0x1f,0x44,0x00,0x00,0x48,0x85,0xc0,0x74,0x6b,0x48,0x8b,0x78,0x18,0x48,
    0x8b,0xd3,0x48,0x8b,0xce,0xe8,0x00,0x00,0x00,0x00,0x48,0x8b,0x93,0xb8,0x01,0x00,0x00,0x4c,0x8b,0xc0,0x48,0x8b,0xcf,0xe8,
    0x00,0x00,0x00,0x00,0x8b,0xf0,0x85,0xc0,0x78,0x24,0x48,0x8b,0x93,0xd0,0x01,0x00,0x00,0x48,0x85,0xd2,0x75,0x69,0x33,0xc0,
    0x4c,0x8d,0x9c,0x24,0x80,0x00,0x00,0x00,0x49,0x8b,0x5b,0x10,0x49,0x8b,0x73,0x18,0x49,0x8b,0xe3,0x5f,0xc3,0xcc,0x48,0x8b,
    0x8c,0x24,0x88,0x00,0x00,0x00,0x4c,0x8d,0x05,0x00,0x00,0x00,0x00,0x44,0x8b,0xce,0xba,0x5f,0x0b,0x00,0x00,0xe8,0x00,0x00,
    0x00,0x00,0x8b,0xc6,0xeb,0xca,0x33,0xff,0xeb,0x95,0x48,0x8b,0x82,0x58,0x02,0x00,0x00,0x48,0x8b,0x88,0xb8,0x01,0x00,0x00,
    0x48,0x8b,0xb9,0xf8,0x00,0x00,0x00,0x8b,0x8f,0xb0,0x00,0x00,0x00,0x48,0x8b,0x87,0x98,0x00,0x00,0x00,0xff,0xc9,0x48,0x8b,
    0x04,0xc8,0xe9,0x73,0xff,0xff,0xff,0x48,0x83,0x7a,0x18,0x00,0x74,0x90,0x4c,0x8b,0x83,0xb8,0x01,0x00,0x00,0x48,0x8b,0xcf,
    0xe8,0x00,0x00,0x00,0x00,0x8b,0xd8,0x85,0xc0,0x0f,0x89,0x77,0xff,0xff,0xff,0x48,0x8b,0x8c,0x24,0x88,0x00,0x00,0x00,0x4c,
    0x8d,0x05,0x00,0x00,0x00,0x00,0x44,0x8b,0xc8,0xba,0x63,0x0b,0x00,0x00,0xe8,0x00,0x00,0x00,0x00,0x8b,0xc3,0xe9,0x56,0xff,
    0xff,0xff,
};
inline constexpr unsigned char kMask20[] = {
    0xff,0xff,0xff,0xff,0xff,0xff,0xff,0xff,0xff,0xff,0xff,0xff,0xff,0xff,0xff,0xff,0xff,0xff,0xff,0xff,0xff,0xff,0xff,0xff,
    0xff,0xff,0xff,0xff,0xff,0xff,0xff,0xff,0xff,0xff,0xff,0xff,0xff,0xff,0xff,0xff,0xff,0xff,0xff,0xff,0xff,0xff,0xff,0xff,
    0xff,0xff,0xff,0xff,0xff,0xff,0xff,0xff,0xff,0xff,0xff,0xff,0xff,0xff,0xff,0xff,0xff,0xff,0xff,0xff,0xff,0xff,0xff,0xff,
    0xff,0xff,0xff,0xff,0xff,0xff,0xff,0xff,0xff,0xff,0xff,0xff,0xff,0xff,0xff,0xff,0xff,0xff,0xff,0xff,0xff,0xff,0xff,0xff,
    0xff,0xff,0xff,0xff,0xff,0x00,0x00,0x00,0x00,0xff,0xff,0xff,0xff,0xff,0xff,0xff,0xff,0xff,0xff,0xff,0xff,0xff,0xff,0xff,
    0xff,0xff,0xff,0xff,0xff,0xff,0x00,0x00,0x00,0x00,0xff,0xff,0xff,0xff,0xff,0xff,0xff,0xff,0xff,0xff,0xff,0xff,0xff,0xff,
    0x00,0x00,0x00,0x00,0xff,0xff,0xff,0xff,0xff,0xff,0xff,0xff,0xff,0xff,0xff,0xff,0xff,0xff,0xff,0xff,0xff,0xff,0xff,0xff,
    0xff,0xff,0xff,0xff,0xff,0xff,0xff,0xff,0xff,0xff,0xff,0xff,0xff,0xff,0xff,0xff,0xff,0xff,0xff,0xff,0xff,0xff,0xff,0xff,
    0xff,0xff,0xff,0xff,0xff,0xff,0xff,0xff,0xff,0x00,0x00,0x00,0x00,0xff,0xff,0xff,0xff,0xff,0xff,0xff,0xff,0xff,0x00,0x00,
    0x00,0x00,0xff,0xff,0xff,0xff,0xff,0xff,0xff,0xff,0xff,0xff,0xff,0xff,0xff,0xff,0xff,0xff,0xff,0xff,0xff,0xff,0xff,0xff,
    0xff,0xff,0xff,0xff,0xff,0xff,0xff,0xff,0xff,0xff,0xff,0xff,0xff,0xff,0xff,0xff,0xff,0xff,0xff,0xff,0xff,0xff,0xff,0xff,
    0xff,0xff,0xff,0xff,0xff,0xff,0xff,0xff,0xff,0xff,0xff,0xff,0xff,0xff,0xff,0xff,0xff,0xff,0xff,0xff,0xff,0xff,0xff,0xff,
    0xff,0x00,0x00,0x00,0x00,0xff,0xff,0xff,0xff,0xff,0xff,0xff,0xff,0xff,0xff,0xff,0xff,0xff,0xff,0xff,0xff,0xff,0xff,0xff,
    0xff,0xff,0x00,0x00,0x00,0x00,0xff,0xff,0xff,0xff,0xff,0xff,0xff,0xff,0xff,0x00,0x00,0x00,0x00,0xff,0xff,0xff,0xff,0xff,
    0xff,0xff,
};
inline constexpr Reference kRefs20[] = {
    {101, 105, Section::ReadOnly, Node::Count, Binding::None, "RtlLookupElementGenericTable"},
    {126, 130, Section::Code, Node::PrecedingVisual, Binding::None, nullptr},
    {144, 148, Section::Code, Node::InsertAfter, Binding::None, nullptr},
    {201, 205, Section::ReadOnly, Node::Count, Binding::None, nullptr},
    {214, 218, Section::Code, Node::Count, Binding::None, nullptr},
    {289, 293, Section::Code, Node::InsertAfter, Binding::None, nullptr},
    {314, 318, Section::ReadOnly, Node::Count, Binding::None, nullptr},
    {327, 331, Section::Code, Node::Count, Binding::None, nullptr},
};
// PrecedingVisual
inline constexpr unsigned char kBytes21[] = {
    0x48,0x8b,0xc4,0x48,0x89,0x58,0x08,0x57,0x48,0x81,0xec,0x80,0x00,0x00,0x00,0x33,0xdb,0x48,0x8b,0xfa,0x48,0x39,0x12,0x0f,
    0x84,0x8b,0x00,0x00,0x00,0x48,0x21,0x58,0xa0,0x0f,0x57,0xc0,0x48,0x83,0x48,0xd8,0xff,0x0f,0x57,0xc9,0x66,0x0f,0x7f,0x40,
    0xa8,0x48,0x83,0xc1,0x08,0x66,0x0f,0x7f,0x48,0xb8,0x66,0x0f,0x7f,0x40,0xc8,0x0f,0x11,0x40,0xe8,0x88,0x58,0xe0,0x48,0x8b,
    0x82,0x88,0x00,0x00,0x00,0x48,0x8d,0x54,0x24,0x20,0x48,0x89,0x44,0x24,0x20,0x48,0xff,0x15,0x00,0x00,0x00,0x00,0x0f,0x1f,
    0x44,0x00,0x00,0x48,0x8d,0x15,0x00,0x00,0x00,0x00,0x48,0x85,0xc0,0x75,0x4e,0x48,0x8b,0x47,0x08,0x48,0x3b,0xc2,0x74,0x30,
    0x48,0x8b,0x88,0xb8,0x01,0x00,0x00,0x48,0x85,0xc9,0x75,0x06,0x48,0x8b,0x40,0x08,0xeb,0xe9,0x48,0x39,0x59,0x18,0x74,0xf4,
    0xf6,0x80,0xa6,0x02,0x00,0x00,0x10,0x48,0x8b,0xd9,0x75,0x27,0x48,0x8b,0x88,0xd0,0x01,0x00,0x00,0x48,0x85,0xc9,0x75,0x2b,
    0x48,0x8b,0xc3,0x48,0x8b,0x9c,0x24,0x90,0x00,0x00,0x00,0x48,0x81,0xc4,0x80,0x00,0x00,0x00,0x5f,0xc3,0xcc,0x48,0x8d,0x50,
    0x50,0xeb,0xac,0x48,0x8b,0x80,0x58,0x02,0x00,0x00,0x48,0x8b,0x98,0xb8,0x01,0x00,0x00,0xeb,0xc9,0x48,0x83,0x79,0x18,0x00,
    0x48,0x0f,0x45,0xd9,0xeb,0xca,
};
inline constexpr unsigned char kMask21[] = {
    0xff,0xff,0xff,0xff,0xff,0xff,0xff,0xff,0xff,0xff,0xff,0xff,0xff,0xff,0xff,0xff,0xff,0xff,0xff,0xff,0xff,0xff,0xff,0xff,
    0xff,0xff,0xff,0xff,0xff,0xff,0xff,0xff,0xff,0xff,0xff,0xff,0xff,0xff,0xff,0xff,0xff,0xff,0xff,0xff,0xff,0xff,0xff,0xff,
    0xff,0xff,0xff,0xff,0xff,0xff,0xff,0xff,0xff,0xff,0xff,0xff,0xff,0xff,0xff,0xff,0xff,0xff,0xff,0xff,0xff,0xff,0xff,0xff,
    0xff,0xff,0xff,0xff,0xff,0xff,0xff,0xff,0xff,0xff,0xff,0xff,0xff,0xff,0xff,0xff,0xff,0xff,0x00,0x00,0x00,0x00,0xff,0xff,
    0xff,0xff,0xff,0xff,0xff,0xff,0x00,0x00,0x00,0x00,0xff,0xff,0xff,0xff,0xff,0xff,0xff,0xff,0xff,0xff,0xff,0xff,0xff,0xff,
    0xff,0xff,0xff,0xff,0xff,0xff,0xff,0xff,0xff,0xff,0xff,0xff,0xff,0xff,0xff,0xff,0xff,0xff,0xff,0xff,0xff,0xff,0xff,0xff,
    0xff,0xff,0xff,0xff,0xff,0xff,0xff,0xff,0xff,0xff,0xff,0xff,0xff,0xff,0xff,0xff,0xff,0xff,0xff,0xff,0xff,0xff,0xff,0xff,
    0xff,0xff,0xff,0xff,0xff,0xff,0xff,0xff,0xff,0xff,0xff,0xff,0xff,0xff,0xff,0xff,0xff,0xff,0xff,0xff,0xff,0xff,0xff,0xff,
    0xff,0xff,0xff,0xff,0xff,0xff,0xff,0xff,0xff,0xff,0xff,0xff,0xff,0xff,0xff,0xff,0xff,0xff,0xff,0xff,0xff,0xff,0xff,0xff,
    0xff,0xff,0xff,0xff,0xff,0xff,
};
inline constexpr Reference kRefs21[] = {
    {90, 94, Section::ReadOnly, Node::Count, Binding::None, "RtlLookupElementGenericTable"},
    {102, 106, Section::ReadOnly, Node::Count, Binding::None, nullptr},
};
// WindowListCtor
inline constexpr unsigned char kBytes22[] = {
    0x48,0x89,0x5c,0x24,0x08,0x57,0x48,0x83,0xec,0x30,0x48,0x8d,0x05,0x00,0x00,0x00,0x00,0x48,0x8b,0xd9,0x48,0x89,0x01,0x4c,
    0x8d,0x0d,0x00,0x00,0x00,0x00,0x33,0xff,0x4c,0x8d,0x05,0x00,0x00,0x00,0x00,0x48,0x83,0xc1,0x08,0x48,0x89,0x7c,0x24,0x20,
    0x48,0x8d,0x15,0x00,0x00,0x00,0x00,0x48,0xff,0x15,0x00,0x00,0x00,0x00,0x0f,0x1f,0x44,0x00,0x00,0x48,0x89,0x7b,0x50,0x48,
    0x8d,0x8b,0x18,0x01,0x00,0x00,0x48,0x89,0x7b,0x58,0x48,0x89,0x7b,0x60,0xe8,0x00,0x00,0x00,0x00,0x48,0x8d,0x8b,0x38,0x01,
    0x00,0x00,0xe8,0x00,0x00,0x00,0x00,0x48,0x8d,0x8b,0x80,0x01,0x00,0x00,0xe8,0x00,0x00,0x00,0x00,0x48,0x8d,0x8b,0xa8,0x01,
    0x00,0x00,0x48,0x89,0xbb,0xa0,0x01,0x00,0x00,0xe8,0x00,0x00,0x00,0x00,0x48,0x8d,0x8b,0xf0,0x01,0x00,0x00,0xe8,0x00,0x00,
    0x00,0x00,0x48,0x89,0xbb,0x10,0x02,0x00,0x00,0x48,0x8d,0x8b,0x38,0x02,0x00,0x00,0x48,0x89,0xbb,0x18,0x02,0x00,0x00,0x45,
    0x33,0xc0,0x48,0x89,0xbb,0x20,0x02,0x00,0x00,0x33,0xd2,0x48,0x89,0xbb,0x28,0x02,0x00,0x00,0x48,0x89,0xbb,0x30,0x02,0x00,
    0x00,0xe8,0x00,0x00,0x00,0x00,0x48,0x89,0xbb,0x68,0x02,0x00,0x00,0x48,0x8d,0x8b,0x80,0x02,0x00,0x00,0x48,0x89,0xbb,0x70,
    0x02,0x00,0x00,0x89,0xbb,0x78,0x02,0x00,0x00,0xe8,0x00,0x00,0x00,0x00,0x48,0x8b,0xc3,0x66,0x89,0xbb,0xa0,0x02,0x00,0x00,
    0x40,0x88,0xbb,0xa2,0x02,0x00,0x00,0x48,0x89,0xbb,0xa8,0x02,0x00,0x00,0x40,0x88,0xbb,0xb0,0x02,0x00,0x00,0x48,0x89,0xbb,
    0xb8,0x02,0x00,0x00,0x48,0x8b,0x5c,0x24,0x40,0x48,0x83,0xc4,0x30,0x5f,0xc3,
};
inline constexpr unsigned char kMask22[] = {
    0xff,0xff,0xff,0xff,0xff,0xff,0xff,0xff,0xff,0xff,0xff,0xff,0xff,0x00,0x00,0x00,0x00,0xff,0xff,0xff,0xff,0xff,0xff,0xff,
    0xff,0xff,0x00,0x00,0x00,0x00,0xff,0xff,0xff,0xff,0xff,0x00,0x00,0x00,0x00,0xff,0xff,0xff,0xff,0xff,0xff,0xff,0xff,0xff,
    0xff,0xff,0xff,0x00,0x00,0x00,0x00,0xff,0xff,0xff,0x00,0x00,0x00,0x00,0xff,0xff,0xff,0xff,0xff,0xff,0xff,0xff,0xff,0xff,
    0xff,0xff,0xff,0xff,0xff,0xff,0xff,0xff,0xff,0xff,0xff,0xff,0xff,0xff,0xff,0x00,0x00,0x00,0x00,0xff,0xff,0xff,0xff,0xff,
    0xff,0xff,0xff,0x00,0x00,0x00,0x00,0xff,0xff,0xff,0xff,0xff,0xff,0xff,0xff,0x00,0x00,0x00,0x00,0xff,0xff,0xff,0xff,0xff,
    0xff,0xff,0xff,0xff,0xff,0xff,0xff,0xff,0xff,0xff,0x00,0x00,0x00,0x00,0xff,0xff,0xff,0xff,0xff,0xff,0xff,0xff,0x00,0x00,
    0x00,0x00,0xff,0xff,0xff,0xff,0xff,0xff,0xff,0xff,0xff,0xff,0xff,0xff,0xff,0xff,0xff,0xff,0xff,0xff,0xff,0xff,0xff,0xff,
    0xff,0xff,0xff,0xff,0xff,0xff,0xff,0xff,0xff,0xff,0xff,0xff,0xff,0xff,0xff,0xff,0xff,0xff,0xff,0xff,0xff,0xff,0xff,0xff,
    0xff,0xff,0x00,0x00,0x00,0x00,0xff,0xff,0xff,0xff,0xff,0xff,0xff,0xff,0xff,0xff,0xff,0xff,0xff,0xff,0xff,0xff,0xff,0xff,
    0xff,0xff,0xff,0xff,0xff,0xff,0xff,0xff,0xff,0xff,0x00,0x00,0x00,0x00,0xff,0xff,0xff,0xff,0xff,0xff,0xff,0xff,0xff,0xff,
    0xff,0xff,0xff,0xff,0xff,0xff,0xff,0xff,0xff,0xff,0xff,0xff,0xff,0xff,0xff,0xff,0xff,0xff,0xff,0xff,0xff,0xff,0xff,0xff,
    0xff,0xff,0xff,0xff,0xff,0xff,0xff,0xff,0xff,0xff,0xff,0xff,0xff,0xff,0xff,
};
inline constexpr Reference kRefs22[] = {
    {13, 17, Section::ReadOnly, Node::Count, Binding::Vtable, nullptr},
    {26, 30, Section::Code, Node::Count, Binding::None, nullptr},
    {35, 39, Section::Code, Node::Count, Binding::None, nullptr},
    {51, 55, Section::Code, Node::Count, Binding::None, nullptr},
    {58, 62, Section::ReadOnly, Node::Count, Binding::None, "RtlInitializeGenericTable"},
    {87, 91, Section::Code, Node::Count, Binding::None, nullptr},
    {99, 103, Section::Code, Node::Count, Binding::None, nullptr},
    {111, 115, Section::Code, Node::Count, Binding::None, nullptr},
    {130, 134, Section::Code, Node::Count, Binding::None, nullptr},
    {142, 146, Section::Code, Node::Count, Binding::None, nullptr},
    {194, 198, Section::Code, Node::Count, Binding::None, nullptr},
    {226, 230, Section::Code, Node::Count, Binding::None, nullptr},
};
// ZOrder
inline constexpr unsigned char kBytes23[] = {
    0x48,0x89,0x5c,0x24,0x08,0x48,0x89,0x74,0x24,0x10,0x48,0x89,0x7c,0x24,0x18,0x55,0x41,0x56,0x41,0x57,0x48,0x8b,0xec,0x48,
    0x83,0xec,0x40,0x4d,0x8b,0xf8,0x48,0x8b,0xda,0x4c,0x8b,0xf1,0x48,0x8d,0x0d,0x00,0x00,0x00,0x00,0x48,0x89,0x4d,0xf8,0x48,
    0xff,0x15,0x00,0x00,0x00,0x00,0x0f,0x1f,0x44,0x00,0x00,0x90,0x33,0xff,0x8b,0xf7,0x48,0x89,0x7d,0x38,0x4c,0x8d,0x4d,0x38,
    0x41,0xb0,0x01,0x48,0x8b,0xd3,0x49,0x8b,0xce,0xe8,0x00,0x00,0x00,0x00,0x48,0x8b,0x55,0x38,0x48,0x85,0xd2,0x75,0x49,0x48,
    0x89,0x7c,0x24,0x28,0xc7,0x44,0x24,0x20,0x25,0x0e,0x00,0x00,0x41,0xb9,0x06,0x00,0x07,0x80,0x41,0x8b,0xf1,0x45,0x33,0xc0,
    0x33,0xd2,0x8d,0x4a,0x14,0xe8,0x00,0x00,0x00,0x00,0x90,0x48,0x8d,0x4d,0xf8,0xe8,0x00,0x00,0x00,0x00,0x8b,0xc6,0x48,0x8b,
    0x5c,0x24,0x60,0x48,0x8b,0x74,0x24,0x68,0x48,0x8b,0x7c,0x24,0x70,0x48,0x83,0xc4,0x40,0x41,0x5f,0x41,0x5e,0x5d,0xc3,0xcc,
    0x48,0x8b,0x92,0x88,0x00,0x00,0x00,0x49,0x8b,0xce,0xe8,0x00,0x00,0x00,0x00,0x48,0x8b,0xd8,0x48,0x85,0xc0,0x75,0x17,0xbe,
    0x0e,0x00,0x07,0x80,0x48,0x89,0x7c,0x24,0x28,0xc7,0x44,0x24,0x20,0x28,0x0e,0x00,0x00,0x44,0x8b,0xce,0xeb,0x9f,0x48,0x89,
    0x5d,0xf0,0x4d,0x85,0xff,0x74,0x2d,0x4c,0x8d,0x4d,0xf0,0x41,0xb0,0x01,0x49,0x8b,0xd7,0x49,0x8b,0xce,0xe8,0x00,0x00,0x00,
    0x00,0x48,0x8b,0x45,0xf0,0x48,0x85,0xc0,0x75,0x12,0x48,0x89,0x7c,0x24,0x28,0xc7,0x44,0x24,0x20,0x33,0x0e,0x00,0x00,0xe9,
    0x60,0xff,0xff,0xff,0x48,0x8b,0x4d,0x38,0x48,0x3b,0x08,0x0f,0x84,0x6a,0xff,0xff,0xff,0x48,0x8b,0x11,0x4c,0x8b,0x41,0x08,
    0x48,0x39,0x4a,0x08,0x0f,0x85,0x41,0x03,0x00,0x00,0x49,0x39,0x08,0x0f,0x85,0x38,0x03,0x00,0x00,0x49,0x89,0x10,0x4c,0x89,
    0x42,0x08,0x48,0x8b,0x4d,0x38,0x4c,0x8b,0x00,0x49,0x39,0x40,0x08,0x0f,0x85,0x20,0x03,0x00,0x00,0x4c,0x89,0x01,0x48,0x89,
    0x41,0x08,0x49,0x89,0x48,0x08,0x48,0x89,0x08,0x48,0x85,0xd2,0x74,0x2b,0x48,0x3b,0xd3,0x74,0x26,0x45,0x33,0xc0,0x49,0x8b,
    0xce,0xe8,0x00,0x00,0x00,0x00,0x8b,0xf0,0x85,0xc0,0x79,0x15,0x48,0x89,0x7c,0x24,0x28,0xc7,0x44,0x24,0x20,0x41,0x0e,0x00,
    0x00,0x44,0x8b,0xc8,0xe9,0xec,0xfe,0xff,0xff,0x48,0x8b,0x55,0x38,0x48,0x39,0xba,0xb8,0x01,0x00,0x00,0x0f,0x84,0x46,0x01,
    0x00,0x00,0x41,0xb0,0x01,0x49,0x8b,0xce,0xe8,0x00,0x00,0x00,0x00,0x8b,0xf0,0x85,0xc0,0x0f,0x88,0xcf,0x01,0x00,0x00,0x48,
    0x8b,0x55,0x38,0x48,0x8b,0x92,0x88,0x00,0x00,0x00,0x49,0x8b,0xce,0xe8,0x00,0x00,0x00,0x00,0x48,0x8b,0xd8,0x48,0x8b,0x4d,
    0x38,0x33,0xd2,0x48,0x8b,0x89,0xc0,0x01,0x00,0x00,0xe8,0x00,0x00,0x00,0x00,0x8b,0xf0,0x85,0xc0,0x0f,0x88,0x8b,0x01,0x00,
    0x00,0x48,0x8b,0x0d,0x00,0x00,0x00,0x00,0x48,0x8b,0x89,0xd0,0x01,0x00,0x00,0x48,0x8b,0x11,0x48,0x8b,0x82,0xc8,0x00,0x00,
    0x00,0x48,0x8b,0x55,0x38,0xe8,0x00,0x00,0x00,0x00,0x8b,0xf0,0x85,0xc0,0x0f,0x88,0x4e,0x01,0x00,0x00,0x48,0x8b,0x55,0x38,
    0x49,0x3b,0x96,0xb8,0x02,0x00,0x00,0x75,0x2d,0x49,0x39,0xbe,0x18,0x02,0x00,0x00,0x74,0x24,0x49,0x8b,0xce,0xe8,0x00,0x00,
    0x00,0x00,0x8b,0xf0,0x85,0xc0,0x79,0x12,0x48,0x89,0x7c,0x24,0x28,0xc7,0x44,0x24,0x20,0x52,0x0e,0x00,0x00,0xe9,0x3f,0xff,
    0xff,0xff,0x48,0x8b,0x55,0x38,0x48,0x8b,0x82,0xd0,0x01,0x00,0x00,0x48,0x85,0xc0,0x74,0x35,0x48,0x8d,0x8b,0x90,0x00,0x00,
    0x00,0x41,0xb1,0x01,0x4c,0x8b,0x82,0xb8,0x01,0x00,0x00,0x48,0x8b,0xd0,0xe8,0x00,0x00,0x00,0x00,0x8b,0xf0,0x85,0xc0,0x79,
    0x12,0x48,0x89,0x7c,0x24,0x28,0xc7,0x44,0x24,0x20,0x58,0x0e,0x00,0x00,0xe9,0xfe,0xfe,0xff,0xff,0x48,0x8b,0x55,0x38,0x48,
    0x8b,0x82,0xb8,0x01,0x00,0x00,0x48,0x85,0xc0,0x74,0x4d,0xf6,0x80,0xc9,0x00,0x00,0x00,0x10,0x74,0x44,0x48,0x89,0x7d,0xf0,
    0x48,0x8d,0x4d,0xf0,0xe8,0x00,0x00,0x00,0x00,0x48,0x8b,0x45,0x38,0x4c,0x8d,0x4d,0xf0,0x45,0x33,0xc0,0x48,0x8b,0x90,0x88,
    0x00,0x00,0x00,0x49,0x8b,0xce,0xe8,0x00,0x00,0x00,0x00,0x8b,0xf0,0x85,0xc0,0x78,0x65,0x48,0x8b,0x4d,0xf0,0xe8,0x00,0x00,
    0x00,0x00,0x90,0x48,0x8d,0x4d,0xf0,0xe8,0x00,0x00,0x00,0x00,0x48,0x8b,0x55,0x38,0x48,0x8b,0x9a,0x58,0x02,0x00,0x00,0x48,
    0x85,0xdb,0x0f,0x84,0x93,0xfd,0xff,0xff,0x83,0xbb,0x78,0x02,0x00,0x00,0x01,0x0f,0x86,0x86,0xfd,0xff,0xff,0x4c,0x8b,0xff,
    0x48,0x8b,0x92,0x88,0x00,0x00,0x00,0x49,0x8b,0xce,0xe8,0x00,0x00,0x00,0x00,0x48,0x8b,0x55,0x38,0x48,0x85,0xc0,0x74,0x7b,
    0x48,0x8b,0x0a,0x48,0x3b,0xc8,0x74,0x73,0x48,0x39,0x99,0x58,0x02,0x00,0x00,0x74,0x67,0x48,0x8b,0x09,0xeb,0xed,0x48,0x89,
    0x7c,0x24,0x28,0xc7,0x44,0x24,0x20,0x5f,0x0e,0x00,0x00,0x44,0x8b,0xc8,0x45,0x33,0xc0,0x33,0xd2,0x8d,0x4a,0x14,0xe8,0x00,
    0x00,0x00,0x00,0x90,0x48,0x8d,0x4d,0xf0,0xe8,0x00,0x00,0x00,0x00,0xe9,0x29,0xfd,0xff,0xff,0x48,0x89,0x7c,0x24,0x28,0xc7,
    0x44,0x24,0x20,0x4d,0x0e,0x00,0x00,0xe9,0x15,0xfe,0xff,0xff,0x48,0x89,0x7c,0x24,0x28,0xc7,0x44,0x24,0x20,0x4c,0x0e,0x00,
    0x00,0xe9,0x03,0xfe,0xff,0xff,0x48,0x89,0x7c,0x24,0x28,0xc7,0x44,0x24,0x20,0x48,0x0e,0x00,0x00,0xe9,0xf1,0xfd,0xff,0xff,
    0x4c,0x8b,0xf9,0x4c,0x8d,0x9b,0x60,0x02,0x00,0x00,0x4d,0x85,0xff,0x74,0x3a,0x48,0x8d,0x55,0x38,0x49,0x8b,0xcb,0xe8,0x00,
    0x00,0x00,0x00,0x49,0x8b,0x03,0x41,0x39,0x7b,0x18,0x76,0x11,0x4c,0x3b,0x38,0x74,0x0c,0xff,0xc7,0x48,0x83,0xc0,0x08,0x41,
    0x3b,0x7b,0x18,0x72,0xef,0x44,0x8b,0xc7,0x48,0x8d,0x55,0x38,0x49,0x8b,0xcb,0xe8,0x00,0x00,0x00,0x00,0xe9,0xaa,0xfc,0xff,
    0xff,0x8b,0x8b,0x78,0x02,0x00,0x00,0xff,0xc9,0x49,0x8b,0x03,0x48,0x39,0x14,0xc8,0x0f,0x84,0x95,0xfc,0xff,0xff,0x48,0x8d,
    0x55,0x38,0x49,0x8b,0xcb,0xe8,0x00,0x00,0x00,0x00,0x41,0x8b,0x43,0x18,0x44,0x8d,0x40,0x01,0x44,0x3b,0xc0,0x73,0x18,0x48,
    0x89,0x7c,0x24,0x28,0xc7,0x44,0x24,0x20,0xb3,0x00,0x00,0x00,0x41,0xb9,0x16,0x02,0x07,0x80,0xe9,0x56,0xfc,0xff,0xff,0x45,
    0x3b,0x43,0x14,0x77,0x17,0x48,0x8b,0xd0,0x49,0x8b,0x0b,0x48,0x8b,0x45,0x38,0x48,0x89,0x04,0xd1,0x45,0x89,0x43,0x18,0xe9,
    0x47,0xfc,0xff,0xff,0x4c,0x8d,0x4d,0x38,0xba,0x08,0x00,0x00,0x00,0x44,0x8d,0x42,0xf9,0x49,0x8b,0xcb,0xe8,0x00,0x00,0x00,
    0x00,0x85,0xc0,0x0f,0x89,0x2a,0xfc,0xff,0xff,0x48,0x89,0x7c,0x24,0x28,0xc7,0x44,0x24,0x20,0xbe,0x00,0x00,0x00,0xe9,0x16,
    0xfd,0xff,0xff,0xb9,0x03,0x00,0x00,0x00,0xcd,0x29,
};
inline constexpr unsigned char kMask23[] = {
    0xff,0xff,0xff,0xff,0xff,0xff,0xff,0xff,0xff,0xff,0xff,0xff,0xff,0xff,0xff,0xff,0xff,0xff,0xff,0xff,0xff,0xff,0xff,0xff,
    0xff,0xff,0xff,0xff,0xff,0xff,0xff,0xff,0xff,0xff,0xff,0xff,0xff,0xff,0xff,0x00,0x00,0x00,0x00,0xff,0xff,0xff,0xff,0xff,
    0xff,0xff,0x00,0x00,0x00,0x00,0xff,0xff,0xff,0xff,0xff,0xff,0xff,0xff,0xff,0xff,0xff,0xff,0xff,0xff,0xff,0xff,0xff,0xff,
    0xff,0xff,0xff,0xff,0xff,0xff,0xff,0xff,0xff,0xff,0x00,0x00,0x00,0x00,0xff,0xff,0xff,0xff,0xff,0xff,0xff,0xff,0xff,0xff,
    0xff,0xff,0xff,0xff,0xff,0xff,0xff,0xff,0xff,0xff,0xff,0xff,0xff,0xff,0xff,0xff,0xff,0xff,0xff,0xff,0xff,0xff,0xff,0xff,
    0xff,0xff,0xff,0xff,0xff,0xff,0x00,0x00,0x00,0x00,0xff,0xff,0xff,0xff,0xff,0xff,0x00,0x00,0x00,0x00,0xff,0xff,0xff,0xff,
    0xff,0xff,0xff,0xff,0xff,0xff,0xff,0xff,0xff,0xff,0xff,0xff,0xff,0xff,0xff,0xff,0xff,0xff,0xff,0xff,0xff,0xff,0xff,0xff,
    0xff,0xff,0xff,0xff,0xff,0xff,0xff,0xff,0xff,0xff,0xff,0x00,0x00,0x00,0x00,0xff,0xff,0xff,0xff,0xff,0xff,0xff,0xff,0xff,
    0xff,0xff,0xff,0xff,0xff,0xff,0xff,0xff,0xff,0xff,0xff,0xff,0xff,0xff,0xff,0xff,0xff,0xff,0xff,0xff,0xff,0xff,0xff,0xff,
    0xff,0xff,0xff,0xff,0xff,0xff,0xff,0xff,0xff,0xff,0xff,0xff,0xff,0xff,0xff,0xff,0xff,0xff,0xff,0xff,0xff,0x00,0x00,0x00,
    0x00,0xff,0xff,0xff,0xff,0xff,0xff,0xff,0xff,0xff,0xff,0xff,0xff,0xff,0xff,0xff,0xff,0xff,0xff,0xff,0xff,0xff,0xff,0xff,
    0xff,0xff,0xff,0xff,0xff,0xff,0xff,0xff,0xff,0xff,0xff,0xff,0xff,0xff,0xff,0xff,0xff,0xff,0xff,0xff,0xff,0xff,0xff,0xff,
    0xff,0xff,0xff,0xff,0xff,0xff,0xff,0xff,0xff,0xff,0xff,0xff,0xff,0xff,0xff,0xff,0xff,0xff,0xff,0xff,0xff,0xff,0xff,0xff,
    0xff,0xff,0xff,0xff,0xff,0xff,0xff,0xff,0xff,0xff,0xff,0xff,0xff,0xff,0xff,0xff,0xff,0xff,0xff,0xff,0xff,0xff,0xff,0xff,
    0xff,0xff,0xff,0xff,0xff,0xff,0xff,0xff,0xff,0xff,0xff,0xff,0xff,0xff,0xff,0xff,0xff,0xff,0xff,0xff,0xff,0xff,0xff,0xff,
    0xff,0xff,0x00,0x00,0x00,0x00,0xff,0xff,0xff,0xff,0xff,0xff,0xff,0xff,0xff,0xff,0xff,0xff,0xff,0xff,0xff,0xff,0xff,0xff,
    0xff,0xff,0xff,0xff,0xff,0xff,0xff,0xff,0xff,0xff,0xff,0xff,0xff,0xff,0xff,0xff,0xff,0xff,0xff,0xff,0xff,0xff,0xff,0xff,
    0xff,0xff,0xff,0xff,0xff,0xff,0xff,0xff,0xff,0x00,0x00,0x00,0x00,0xff,0xff,0xff,0xff,0xff,0xff,0xff,0xff,0xff,0xff,0xff,
    0xff,0xff,0xff,0xff,0xff,0xff,0xff,0xff,0xff,0xff,0xff,0xff,0xff,0xff,0x00,0x00,0x00,0x00,0xff,0xff,0xff,0xff,0xff,0xff,
    0xff,0xff,0xff,0xff,0xff,0xff,0xff,0xff,0xff,0xff,0xff,0x00,0x00,0x00,0x00,0xff,0xff,0xff,0xff,0xff,0xff,0xff,0xff,0xff,
    0xff,0xff,0xff,0xff,0x00,0x00,0x00,0x00,0xff,0xff,0xff,0xff,0xff,0xff,0xff,0xff,0xff,0xff,0xff,0xff,0xff,0xff,0xff,0xff,
    0xff,0xff,0xff,0xff,0xff,0xff,0x00,0x00,0x00,0x00,0xff,0xff,0xff,0xff,0xff,0xff,0xff,0xff,0xff,0xff,0xff,0xff,0xff,0xff,
    0xff,0xff,0xff,0xff,0xff,0xff,0xff,0xff,0xff,0xff,0xff,0xff,0xff,0xff,0xff,0xff,0xff,0xff,0xff,0xff,0xff,0xff,0x00,0x00,
    0x00,0x00,0xff,0xff,0xff,0xff,0xff,0xff,0xff,0xff,0xff,0xff,0xff,0xff,0xff,0xff,0xff,0xff,0xff,0xff,0xff,0xff,0xff,0xff,
    0xff,0xff,0xff,0xff,0xff,0xff,0xff,0xff,0xff,0xff,0xff,0xff,0xff,0xff,0xff,0xff,0xff,0xff,0xff,0xff,0xff,0xff,0xff,0xff,
    0xff,0xff,0xff,0xff,0xff,0xff,0xff,0xff,0xff,0xff,0xff,0xff,0xff,0xff,0xff,0x00,0x00,0x00,0x00,0xff,0xff,0xff,0xff,0xff,
    0xff,0xff,0xff,0xff,0xff,0xff,0xff,0xff,0xff,0xff,0xff,0xff,0xff,0xff,0xff,0xff,0xff,0xff,0xff,0xff,0xff,0xff,0xff,0xff,
    0xff,0xff,0xff,0xff,0xff,0xff,0xff,0xff,0xff,0xff,0xff,0xff,0xff,0xff,0xff,0xff,0xff,0xff,0xff,0xff,0xff,0xff,0xff,0xff,
    0xff,0xff,0xff,0xff,0xff,0x00,0x00,0x00,0x00,0xff,0xff,0xff,0xff,0xff,0xff,0xff,0xff,0xff,0xff,0xff,0xff,0xff,0xff,0xff,
    0xff,0xff,0xff,0xff,0xff,0xff,0xff,0x00,0x00,0x00,0x00,0xff,0xff,0xff,0xff,0xff,0xff,0xff,0xff,0xff,0xff,0xff,0x00,0x00,
    0x00,0x00,0xff,0xff,0xff,0xff,0xff,0xff,0x00,0x00,0x00,0x00,0xff,0xff,0xff,0xff,0xff,0xff,0xff,0xff,0xff,0xff,0xff,0xff,
    0xff,0xff,0xff,0xff,0xff,0xff,0xff,0xff,0xff,0xff,0xff,0xff,0xff,0xff,0xff,0xff,0xff,0xff,0xff,0xff,0xff,0xff,0xff,0xff,
    0xff,0xff,0xff,0xff,0xff,0xff,0xff,0xff,0xff,0xff,0xff,0x00,0x00,0x00,0x00,0xff,0xff,0xff,0xff,0xff,0xff,0xff,0xff,0xff,
    0xff,0xff,0xff,0xff,0xff,0xff,0xff,0xff,0xff,0xff,0xff,0xff,0xff,0xff,0xff,0xff,0xff,0xff,0xff,0xff,0xff,0xff,0xff,0xff,
    0xff,0xff,0xff,0xff,0xff,0xff,0xff,0xff,0xff,0xff,0xff,0xff,0xff,0xff,0xff,0xff,0xff,0xff,0xff,0xff,0xff,0xff,0xff,0x00,
    0x00,0x00,0x00,0xff,0xff,0xff,0xff,0xff,0xff,0x00,0x00,0x00,0x00,0xff,0xff,0xff,0xff,0xff,0xff,0xff,0xff,0xff,0xff,0xff,
    0xff,0xff,0xff,0xff,0xff,0xff,0xff,0xff,0xff,0xff,0xff,0xff,0xff,0xff,0xff,0xff,0xff,0xff,0xff,0xff,0xff,0xff,0xff,0xff,
    0xff,0xff,0xff,0xff,0xff,0xff,0xff,0xff,0xff,0xff,0xff,0xff,0xff,0xff,0xff,0xff,0xff,0xff,0xff,0xff,0xff,0xff,0xff,0xff,
    0xff,0xff,0xff,0xff,0xff,0xff,0xff,0xff,0xff,0xff,0xff,0xff,0xff,0xff,0xff,0xff,0xff,0xff,0xff,0xff,0xff,0xff,0xff,0x00,
    0x00,0x00,0x00,0xff,0xff,0xff,0xff,0xff,0xff,0xff,0xff,0xff,0xff,0xff,0xff,0xff,0xff,0xff,0xff,0xff,0xff,0xff,0xff,0xff,
    0xff,0xff,0xff,0xff,0xff,0xff,0xff,0xff,0xff,0xff,0xff,0xff,0xff,0xff,0xff,0xff,0x00,0x00,0x00,0x00,0xff,0xff,0xff,0xff,
    0xff,0xff,0xff,0xff,0xff,0xff,0xff,0xff,0xff,0xff,0xff,0xff,0xff,0xff,0xff,0xff,0xff,0xff,0xff,0xff,0xff,0xff,0xff,0xff,
    0xff,0xff,0xff,0xff,0xff,0xff,0x00,0x00,0x00,0x00,0xff,0xff,0xff,0xff,0xff,0xff,0xff,0xff,0xff,0xff,0xff,0xff,0xff,0xff,
    0xff,0xff,0xff,0xff,0xff,0xff,0xff,0xff,0xff,0xff,0xff,0xff,0xff,0xff,0xff,0xff,0xff,0xff,0xff,0xff,0xff,0xff,0xff,0xff,
    0xff,0xff,0xff,0xff,0xff,0xff,0xff,0xff,0xff,0xff,0xff,0xff,0xff,0xff,0xff,0xff,0xff,0xff,0xff,0xff,0xff,0xff,0xff,0xff,
    0xff,0xff,0xff,0xff,0xff,0xff,0xff,0xff,0xff,0xff,0xff,0xff,0xff,0xff,0xff,0xff,0xff,0xff,0xff,0xff,0xff,0x00,0x00,0x00,
    0x00,0xff,0xff,0xff,0xff,0xff,0xff,0xff,0xff,0xff,0xff,0xff,0xff,0xff,0xff,0xff,0xff,0xff,0xff,0xff,0xff,0xff,0xff,0xff,
    0xff,0xff,0xff,0xff,0xff,0xff,0xff,0xff,0xff,0xff,
};
inline constexpr Reference kRefs23[] = {
    {39, 43, Section::Writable, Node::Count, Binding::CriticalSection, nullptr},
    {50, 54, Section::ReadOnly, Node::Count, Binding::None, "EnterCriticalSection"},
    {82, 86, Section::Code, Node::SyncedData, Binding::None, nullptr},
    {126, 130, Section::Code, Node::Count, Binding::None, nullptr},
    {136, 140, Section::Code, Node::Count, Binding::None, nullptr},
    {179, 183, Section::Code, Node::DesktopList, Binding::None, nullptr},
    {237, 241, Section::Code, Node::SyncedData, Binding::None, nullptr},
    {362, 366, Section::Code, Node::Reevaluate, Binding::None, nullptr},
    {417, 421, Section::Code, Node::Reevaluate, Binding::None, nullptr},
    {446, 450, Section::Code, Node::Count, Binding::None, nullptr},
    {467, 471, Section::Code, Node::Count, Binding::None, nullptr},
    {484, 488, Section::Writable, Node::Count, Binding::DesktopManager, nullptr},
    {510, 514, Section::Code, Node::Count, Binding::None, nullptr},
    {550, 554, Section::Code, Node::Count, Binding::None, nullptr},
    {615, 619, Section::Code, Node::InsertRelative, Binding::None, nullptr},
    {677, 681, Section::Code, Node::Count, Binding::None, nullptr},
    {703, 707, Section::Code, Node::Count, Binding::None, nullptr},
    {718, 722, Section::Code, Node::Count, Binding::None, nullptr},
    {728, 732, Section::Code, Node::Count, Binding::None, nullptr},
    {779, 783, Section::Code, Node::DesktopList, Binding::None, nullptr},
    {839, 843, Section::Code, Node::Count, Binding::None, nullptr},
    {849, 853, Section::Code, Node::Count, Binding::None, nullptr},
    {935, 939, Section::Code, Node::Count, Binding::None, nullptr},
    {976, 980, Section::Code, Node::Count, Binding::None, nullptr},
    {1014, 1018, Section::Code, Node::Count, Binding::None, nullptr},
    {1101, 1105, Section::Code, Node::Count, Binding::None, nullptr},
};
// UpdateScene
inline constexpr unsigned char kBytes24[] = {
    0x48,0x89,0x5c,0x24,0x08,0x48,0x89,0x74,0x24,0x18,0x57,0x48,0x83,0xec,0x20,0x48,0x8b,0xd9,0x48,0x8b,0x05,0x00,0x00,0x00,
    0x00,0x80,0x78,0x19,0x00,0x74,0x6b,0x48,0x8d,0x35,0x00,0x00,0x00,0x00,0x48,0x89,0x74,0x24,0x38,0x48,0x8b,0xce,0x48,0xff,
    0x15,0x00,0x00,0x00,0x00,0x0f,0x1f,0x44,0x00,0x00,0x90,0x48,0x8b,0x3d,0x00,0x00,0x00,0x00,0x48,0xff,0x15,0x00,0x00,0x00,
    0x00,0x0f,0x1f,0x44,0x00,0x00,0x3b,0x87,0x60,0x04,0x00,0x00,0x74,0x17,0x48,0x8b,0x0d,0x00,0x00,0x00,0x00,0x48,0x8b,0x89,
    0xb8,0x00,0x00,0x00,0xe8,0x00,0x00,0x00,0x00,0x85,0xc0,0x7f,0x6c,0x48,0x8b,0xcb,0xe8,0x00,0x00,0x00,0x00,0x8b,0xd8,0x85,
    0xc0,0x78,0x22,0x48,0x8b,0xce,0x48,0xff,0x15,0x00,0x00,0x00,0x00,0x0f,0x1f,0x44,0x00,0x00,0x33,0xc0,0x48,0x8b,0x5c,0x24,
    0x30,0x48,0x8b,0x74,0x24,0x40,0x48,0x83,0xc4,0x20,0x5f,0xc3,0xcc,0x48,0x8b,0x4c,0x24,0x28,0x44,0x8b,0xcb,0x4c,0x8d,0x05,
    0x00,0x00,0x00,0x00,0xba,0x32,0x1a,0x00,0x00,0xe8,0x00,0x00,0x00,0x00,0x90,0x48,0x8b,0xce,0x48,0xff,0x15,0x00,0x00,0x00,
    0x00,0x0f,0x1f,0x44,0x00,0x00,0x8b,0xc3,0x48,0x8b,0x5c,0x24,0x30,0x48,0x8b,0x74,0x24,0x40,0x48,0x83,0xc4,0x20,0x5f,0xc3,
    0xcc,0xe8,0x00,0x00,0x00,0x00,0x90,0x48,0x8b,0xf8,0x48,0x85,0xc0,0x74,0x86,0x48,0x8b,0xc8,0xe8,0x00,0x00,0x00,0x00,0x48,
    0x8b,0xcf,0x84,0xc0,0x74,0x0a,0xe8,0x00,0x00,0x00,0x00,0xe9,0x7b,0xff,0xff,0xff,0xe8,0x00,0x00,0x00,0x00,0xe9,0x63,0xff,
    0xff,0xff,
};
inline constexpr unsigned char kMask24[] = {
    0xff,0xff,0xff,0xff,0xff,0xff,0xff,0xff,0xff,0xff,0xff,0xff,0xff,0xff,0xff,0xff,0xff,0xff,0xff,0xff,0xff,0x00,0x00,0x00,
    0x00,0xff,0xff,0xff,0xff,0xff,0xff,0xff,0xff,0xff,0x00,0x00,0x00,0x00,0xff,0xff,0xff,0xff,0xff,0xff,0xff,0xff,0xff,0xff,
    0xff,0x00,0x00,0x00,0x00,0xff,0xff,0xff,0xff,0xff,0xff,0xff,0xff,0xff,0x00,0x00,0x00,0x00,0xff,0xff,0xff,0x00,0x00,0x00,
    0x00,0xff,0xff,0xff,0xff,0xff,0xff,0xff,0xff,0xff,0xff,0xff,0xff,0xff,0xff,0xff,0xff,0x00,0x00,0x00,0x00,0xff,0xff,0xff,
    0xff,0xff,0xff,0xff,0xff,0x00,0x00,0x00,0x00,0xff,0xff,0xff,0xff,0xff,0xff,0xff,0xff,0x00,0x00,0x00,0x00,0xff,0xff,0xff,
    0xff,0xff,0xff,0xff,0xff,0xff,0xff,0xff,0xff,0x00,0x00,0x00,0x00,0xff,0xff,0xff,0xff,0xff,0xff,0xff,0xff,0xff,0xff,0xff,
    0xff,0xff,0xff,0xff,0xff,0xff,0xff,0xff,0xff,0xff,0xff,0xff,0xff,0xff,0xff,0xff,0xff,0xff,0xff,0xff,0xff,0xff,0xff,0xff,
    0x00,0x00,0x00,0x00,0xff,0xff,0xff,0xff,0xff,0xff,0x00,0x00,0x00,0x00,0xff,0xff,0xff,0xff,0xff,0xff,0xff,0x00,0x00,0x00,
    0x00,0xff,0xff,0xff,0xff,0xff,0xff,0xff,0xff,0xff,0xff,0xff,0xff,0xff,0xff,0xff,0xff,0xff,0xff,0xff,0xff,0xff,0xff,0xff,
    0xff,0xff,0x00,0x00,0x00,0x00,0xff,0xff,0xff,0xff,0xff,0xff,0xff,0xff,0xff,0xff,0xff,0xff,0xff,0x00,0x00,0x00,0x00,0xff,
    0xff,0xff,0xff,0xff,0xff,0xff,0xff,0x00,0x00,0x00,0x00,0xff,0xff,0xff,0xff,0xff,0xff,0x00,0x00,0x00,0x00,0xff,0xff,0xff,
    0xff,0xff,
};
inline constexpr Reference kRefs24[] = {
    {21, 25, Section::Writable, Node::Count, Binding::DesktopManager, nullptr},
    {34, 38, Section::Writable, Node::Count, Binding::CriticalSection, nullptr},
    {49, 53, Section::ReadOnly, Node::Count, Binding::None, "EnterCriticalSection"},
    {62, 66, Section::Writable, Node::Count, Binding::DesktopManager, nullptr},
    {69, 73, Section::ReadOnly, Node::Count, Binding::None, "GetCurrentThreadId"},
    {89, 93, Section::Writable, Node::Count, Binding::DesktopManager, nullptr},
    {101, 105, Section::Code, Node::Count, Binding::None, nullptr},
    {113, 117, Section::Code, Node::Count, Binding::None, nullptr},
    {129, 133, Section::ReadOnly, Node::Count, Binding::None, "LeaveCriticalSection"},
    {168, 172, Section::ReadOnly, Node::Count, Binding::None, nullptr},
    {178, 182, Section::Code, Node::Count, Binding::None, nullptr},
    {189, 193, Section::ReadOnly, Node::Count, Binding::None, "LeaveCriticalSection"},
    {218, 222, Section::Code, Node::Count, Binding::None, nullptr},
    {235, 239, Section::Code, Node::Count, Binding::None, nullptr},
    {247, 251, Section::Code, Node::Count, Binding::None, nullptr},
    {257, 261, Section::Code, Node::Count, Binding::None, nullptr},
};
// DestroyWindow
inline constexpr unsigned char kBytes25[] = {
    0x48,0x89,0x5c,0x24,0x08,0x55,0x56,0x57,0x48,0x8b,0xec,0x48,0x83,0xec,0x30,0x48,0x8b,0xda,0x48,0x8b,0xf9,0x48,0x8d,0x35,
    0x00,0x00,0x00,0x00,0x48,0x89,0x75,0xf0,0x48,0x8b,0xce,0x48,0xff,0x15,0x00,0x00,0x00,0x00,0x0f,0x1f,0x44,0x00,0x00,0x90,
    0x48,0x83,0x65,0x30,0x00,0x4c,0x8d,0x4d,0x30,0x41,0xb0,0x01,0x48,0x8b,0xd3,0x48,0x8b,0xcf,0xe8,0x00,0x00,0x00,0x00,0x48,
    0x8b,0x55,0x30,0x48,0x85,0xd2,0x0f,0x84,0xda,0x00,0x00,0x00,0x48,0x8b,0x4a,0x18,0x48,0x85,0xc9,0x74,0x1a,0x48,0x8b,0x01,
    0x33,0xd2,0x48,0x8b,0x00,0xe8,0x00,0x00,0x00,0x00,0x48,0x8b,0x45,0x30,0x48,0x83,0x60,0x18,0x00,0x48,0x8b,0x55,0x30,0x48,
    0x8b,0x5a,0x28,0xf6,0x82,0xa4,0x02,0x00,0x00,0x02,0x74,0x18,0x48,0x8d,0x45,0x30,0x48,0x89,0x45,0x38,0x48,0x8d,0x55,0x38,
    0x48,0x8b,0xcf,0xe8,0x00,0x00,0x00,0x00,0x48,0x8b,0x55,0x30,0x48,0x8b,0x05,0x00,0x00,0x00,0x00,0x48,0x8b,0x88,0xd0,0x01,
    0x00,0x00,0x48,0x8b,0x01,0x48,0x8b,0x80,0xc0,0x00,0x00,0x00,0xe8,0x00,0x00,0x00,0x00,0x48,0x8b,0x4d,0x18,0x85,0xc0,0x79,
    0x14,0x44,0x8b,0xc8,0x4c,0x8d,0x05,0x00,0x00,0x00,0x00,0xba,0xeb,0x08,0x00,0x00,0xe8,0x00,0x00,0x00,0x00,0x48,0x8b,0x45,
    0x30,0xf6,0x80,0xa0,0x02,0x00,0x00,0x04,0x75,0x34,0x48,0x8b,0x10,0x48,0x8b,0x48,0x08,0x48,0x39,0x42,0x08,0x75,0x5e,0x48,
    0x39,0x01,0x75,0x59,0x48,0x89,0x11,0x48,0x89,0x4a,0x08,0x48,0x8b,0x45,0x30,0x48,0x89,0x40,0x08,0x48,0x8b,0x45,0x30,0x48,
    0x89,0x00,0x48,0x8b,0x55,0x30,0x48,0x8b,0xcf,0xe8,0x00,0x00,0x00,0x00,0x48,0x8b,0x8f,0x10,0x02,0x00,0x00,0x48,0x85,0xc9,
    0x74,0x0c,0x48,0x3b,0x59,0x08,0x75,0x06,0xe8,0x00,0x00,0x00,0x00,0x90,0x48,0x8b,0xce,0x48,0xff,0x15,0x00,0x00,0x00,0x00,
    0x0f,0x1f,0x44,0x00,0x00,0x33,0xc0,0x48,0x8b,0x5c,0x24,0x50,0x48,0x83,0xc4,0x30,0x5f,0x5e,0x5d,0xc3,0xcc,0xb9,0x03,0x00,
    0x00,0x00,0xcd,0x29,
};
inline constexpr unsigned char kMask25[] = {
    0xff,0xff,0xff,0xff,0xff,0xff,0xff,0xff,0xff,0xff,0xff,0xff,0xff,0xff,0xff,0xff,0xff,0xff,0xff,0xff,0xff,0xff,0xff,0xff,
    0x00,0x00,0x00,0x00,0xff,0xff,0xff,0xff,0xff,0xff,0xff,0xff,0xff,0xff,0x00,0x00,0x00,0x00,0xff,0xff,0xff,0xff,0xff,0xff,
    0xff,0xff,0xff,0xff,0xff,0xff,0xff,0xff,0xff,0xff,0xff,0xff,0xff,0xff,0xff,0xff,0xff,0xff,0xff,0x00,0x00,0x00,0x00,0xff,
    0xff,0xff,0xff,0xff,0xff,0xff,0xff,0xff,0xff,0xff,0xff,0xff,0xff,0xff,0xff,0xff,0xff,0xff,0xff,0xff,0xff,0xff,0xff,0xff,
    0xff,0xff,0xff,0xff,0xff,0xff,0x00,0x00,0x00,0x00,0xff,0xff,0xff,0xff,0xff,0xff,0xff,0xff,0xff,0xff,0xff,0xff,0xff,0xff,
    0xff,0xff,0xff,0xff,0xff,0xff,0xff,0xff,0xff,0xff,0xff,0xff,0xff,0xff,0xff,0xff,0xff,0xff,0xff,0xff,0xff,0xff,0xff,0xff,
    0xff,0xff,0xff,0xff,0x00,0x00,0x00,0x00,0xff,0xff,0xff,0xff,0xff,0xff,0xff,0x00,0x00,0x00,0x00,0xff,0xff,0xff,0xff,0xff,
    0xff,0xff,0xff,0xff,0xff,0xff,0xff,0xff,0xff,0xff,0xff,0xff,0xff,0x00,0x00,0x00,0x00,0xff,0xff,0xff,0xff,0xff,0xff,0xff,
    0xff,0xff,0xff,0xff,0xff,0xff,0xff,0x00,0x00,0x00,0x00,0xff,0xff,0xff,0xff,0xff,0xff,0x00,0x00,0x00,0x00,0xff,0xff,0xff,
    0xff,0xff,0xff,0xff,0xff,0xff,0xff,0xff,0xff,0xff,0xff,0xff,0xff,0xff,0xff,0xff,0xff,0xff,0xff,0xff,0xff,0xff,0xff,0xff,
    0xff,0xff,0xff,0xff,0xff,0xff,0xff,0xff,0xff,0xff,0xff,0xff,0xff,0xff,0xff,0xff,0xff,0xff,0xff,0xff,0xff,0xff,0xff,0xff,
    0xff,0xff,0xff,0xff,0xff,0xff,0xff,0xff,0xff,0xff,0x00,0x00,0x00,0x00,0xff,0xff,0xff,0xff,0xff,0xff,0xff,0xff,0xff,0xff,
    0xff,0xff,0xff,0xff,0xff,0xff,0xff,0xff,0xff,0x00,0x00,0x00,0x00,0xff,0xff,0xff,0xff,0xff,0xff,0xff,0x00,0x00,0x00,0x00,
    0xff,0xff,0xff,0xff,0xff,0xff,0xff,0xff,0xff,0xff,0xff,0xff,0xff,0xff,0xff,0xff,0xff,0xff,0xff,0xff,0xff,0xff,0xff,0xff,
    0xff,0xff,0xff,0xff,
};
inline constexpr Reference kRefs25[] = {
    {24, 28, Section::Writable, Node::Count, Binding::CriticalSection, nullptr},
    {38, 42, Section::ReadOnly, Node::Count, Binding::None, "EnterCriticalSection"},
    {67, 71, Section::Code, Node::SyncedData, Binding::None, nullptr},
    {102, 106, Section::Code, Node::Count, Binding::None, nullptr},
    {148, 152, Section::Code, Node::Count, Binding::None, nullptr},
    {159, 163, Section::Writable, Node::Count, Binding::DesktopManager, nullptr},
    {181, 185, Section::Code, Node::Count, Binding::None, nullptr},
    {199, 203, Section::ReadOnly, Node::Count, Binding::None, nullptr},
    {209, 213, Section::Code, Node::Count, Binding::None, nullptr},
    {274, 278, Section::Code, Node::Count, Binding::None, nullptr},
    {297, 301, Section::Code, Node::Count, Binding::None, nullptr},
    {308, 312, Section::ReadOnly, Node::Count, Binding::None, "LeaveCriticalSection"},
};
// SyncedData
inline constexpr unsigned char kBytes26[] = {
    0x48,0x89,0x5c,0x24,0x08,0x48,0x89,0x6c,0x24,0x18,0x56,0x57,0x41,0x56,0x48,0x83,0xec,0x20,0x48,0x8b,0x02,0x48,0x8b,0xe9,
    0x48,0x8b,0xca,0x4d,0x8b,0xf1,0x41,0x8a,0xf0,0x48,0x8b,0xfa,0x48,0x8b,0x40,0x08,0xe8,0x00,0x00,0x00,0x00,0x48,0x8b,0xd8,
    0x48,0x85,0xc0,0x75,0x73,0x40,0x84,0xf6,0x74,0x14,0x48,0x8b,0x0f,0x48,0x8b,0x41,0x10,0x48,0x8b,0xcf,0xe8,0x00,0x00,0x00,
    0x00,0x48,0x85,0xc0,0x74,0x5a,0xb9,0x60,0x03,0x00,0x00,0xe8,0x00,0x00,0x00,0x00,0x48,0x89,0x44,0x24,0x48,0x48,0x85,0xc0,
    0x74,0x5d,0x48,0x8b,0xc8,0xe8,0x00,0x00,0x00,0x00,0x48,0x8b,0xd8,0x48,0x85,0xc0,0x74,0x4d,0x48,0x89,0x78,0x18,0x48,0x8b,
    0xd3,0x48,0x8b,0x07,0x48,0x8b,0xcf,0x48,0x8b,0x00,0xe8,0x00,0x00,0x00,0x00,0x48,0x8b,0x07,0x48,0x8b,0xcf,0x48,0x8b,0x40,
    0x18,0xe8,0x00,0x00,0x00,0x00,0x4c,0x8b,0xc3,0x48,0x89,0x43,0x28,0x48,0x8b,0xd7,0x48,0x8b,0xcd,0xe8,0x00,0x00,0x00,0x00,
    0x48,0x8b,0x6c,0x24,0x50,0x49,0x89,0x1e,0x48,0x8b,0x5c,0x24,0x40,0x48,0x83,0xc4,0x20,0x41,0x5e,0x5f,0x5e,0xc3,0xcc,0x48,
    0x8b,0x4c,0x24,0x38,0x4c,0x8d,0x05,0x00,0x00,0x00,0x00,0xba,0x47,0x08,0x00,0x00,0xe8,0x00,0x00,0x00,0x00,
};
inline constexpr unsigned char kMask26[] = {
    0xff,0xff,0xff,0xff,0xff,0xff,0xff,0xff,0xff,0xff,0xff,0xff,0xff,0xff,0xff,0xff,0xff,0xff,0xff,0xff,0xff,0xff,0xff,0xff,
    0xff,0xff,0xff,0xff,0xff,0xff,0xff,0xff,0xff,0xff,0xff,0xff,0xff,0xff,0xff,0xff,0xff,0x00,0x00,0x00,0x00,0xff,0xff,0xff,
    0xff,0xff,0xff,0xff,0xff,0xff,0xff,0xff,0xff,0xff,0xff,0xff,0xff,0xff,0xff,0xff,0xff,0xff,0xff,0xff,0xff,0x00,0x00,0x00,
    0x00,0xff,0xff,0xff,0xff,0xff,0xff,0xff,0xff,0xff,0xff,0xff,0x00,0x00,0x00,0x00,0xff,0xff,0xff,0xff,0xff,0xff,0xff,0xff,
    0xff,0xff,0xff,0xff,0xff,0xff,0x00,0x00,0x00,0x00,0xff,0xff,0xff,0xff,0xff,0xff,0xff,0xff,0xff,0xff,0xff,0xff,0xff,0xff,
    0xff,0xff,0xff,0xff,0xff,0xff,0xff,0xff,0xff,0xff,0xff,0x00,0x00,0x00,0x00,0xff,0xff,0xff,0xff,0xff,0xff,0xff,0xff,0xff,
    0xff,0xff,0x00,0x00,0x00,0x00,0xff,0xff,0xff,0xff,0xff,0xff,0xff,0xff,0xff,0xff,0xff,0xff,0xff,0xff,0x00,0x00,0x00,0x00,
    0xff,0xff,0xff,0xff,0xff,0xff,0xff,0xff,0xff,0xff,0xff,0xff,0xff,0xff,0xff,0xff,0xff,0xff,0xff,0xff,0xff,0xff,0xff,0xff,
    0xff,0xff,0xff,0xff,0xff,0xff,0xff,0x00,0x00,0x00,0x00,0xff,0xff,0xff,0xff,0xff,0xff,0x00,0x00,0x00,0x00,
};
inline constexpr Reference kRefs26[] = {
    {41, 45, Section::Code, Node::Count, Binding::None, nullptr},
    {69, 73, Section::Code, Node::Count, Binding::None, nullptr},
    {84, 88, Section::Code, Node::Count, Binding::None, nullptr},
    {102, 106, Section::Code, Node::Count, Binding::None, nullptr},
    {131, 135, Section::Code, Node::Count, Binding::None, nullptr},
    {146, 150, Section::Code, Node::Count, Binding::None, nullptr},
    {164, 168, Section::Code, Node::Count, Binding::None, nullptr},
    {199, 203, Section::ReadOnly, Node::Count, Binding::None, nullptr},
    {209, 213, Section::Code, Node::Count, Binding::None, nullptr},
};
// Reevaluate
inline constexpr unsigned char kBytes27[] = {
    0x48,0x8b,0xc4,0x48,0x89,0x58,0x08,0x48,0x89,0x68,0x20,0x56,0x57,0x41,0x56,0x48,0x81,0xec,0x80,0x00,0x00,0x00,0x41,0x0f,
    0xb6,0xe8,0x48,0x8b,0xfa,0x4c,0x8b,0xf1,0x48,0x39,0x12,0x0f,0x84,0xfb,0x00,0x00,0x00,0x0f,0x57,0xc0,0x48,0xc7,0x40,0xc8,
    0xff,0xff,0xff,0xff,0x66,0x0f,0x7f,0x40,0x98,0x33,0xdb,0x48,0x89,0x58,0x90,0x0f,0x57,0xc9,0x66,0x0f,0x7f,0x48,0xa8,0x48,
    0x83,0xc1,0x08,0x66,0x0f,0x7f,0x40,0xb8,0x88,0x58,0xd0,0x0f,0x11,0x40,0xd8,0x48,0x8b,0x82,0x88,0x00,0x00,0x00,0x48,0x8d,
    0x54,0x24,0x20,0x48,0x89,0x44,0x24,0x20,0x48,0xff,0x15,0x00,0x00,0x00,0x00,0x0f,0x1f,0x44,0x00,0x00,0x48,0x85,0xc0,0x48,
    0x8d,0x70,0x50,0x48,0x0f,0x44,0xf3,0x48,0x8b,0xdf,0x40,0x84,0xed,0x75,0x33,0xf6,0x83,0xa0,0x02,0x00,0x00,0x01,0x75,0x17,
    0x48,0x8b,0x1b,0x40,0x32,0xed,0x48,0x85,0xdb,0x74,0x40,0x48,0x3b,0xde,0x74,0x3b,0x48,0x3b,0xdf,0x75,0xe2,0xeb,0x34,0x48,
    0x8b,0x83,0xb8,0x01,0x00,0x00,0x48,0x85,0xc0,0x74,0xdd,0x48,0x83,0x78,0x18,0x00,0x74,0xd6,0x48,0x8b,0xd6,0x48,0x8b,0xcb,
    0xe8,0x00,0x00,0x00,0x00,0x0f,0xb6,0x8b,0xa6,0x02,0x00,0x00,0xc0,0xe9,0x04,0x80,0xe1,0x01,0x3a,0xc1,0x75,0x20,0x40,0x84,
    0xed,0x75,0x7d,0x33,0xc0,0x4c,0x8d,0x9c,0x24,0x80,0x00,0x00,0x00,0x49,0x8b,0x5b,0x20,0x49,0x8b,0x6b,0x38,0x49,0x8b,0xe3,
    0x41,0x5e,0x5f,0x5e,0xc3,0xcc,0x48,0x8b,0xd3,0xe8,0x00,0x00,0x00,0x00,0x8b,0xe8,0x85,0xc0,0x79,0x8c,0x48,0x8b,0x8c,0x24,
    0x98,0x00,0x00,0x00,0x4c,0x8d,0x05,0x00,0x00,0x00,0x00,0x44,0x8b,0xc8,0xba,0x9c,0x1f,0x00,0x00,0xe8,0x00,0x00,0x00,0x00,
    0x8b,0xc5,0xeb,0xb9,0xf6,0x82,0xa6,0x02,0x00,0x00,0x10,0x74,0xae,0xe8,0x00,0x00,0x00,0x00,0x8b,0xd8,0x85,0xc0,0x79,0xa3,
    0x48,0x8b,0x8c,0x24,0x98,0x00,0x00,0x00,0x4c,0x8d,0x05,0x00,0x00,0x00,0x00,0x44,0x8b,0xc8,0xba,0x8c,0x1f,0x00,0x00,0xe8,
    0x00,0x00,0x00,0x00,0x8b,0xc3,0xeb,0x85,0x48,0x8b,0xd3,0x49,0x8b,0xce,0xe8,0x00,0x00,0x00,0x00,0x8b,0xe8,0x85,0xc0,0x0f,
    0x89,0x23,0xff,0xff,0xff,0x48,0x8b,0x8c,0x24,0x98,0x00,0x00,0x00,0x4c,0x8d,0x05,0x00,0x00,0x00,0x00,0x44,0x8b,0xc8,0xba,
    0xa3,0x1f,0x00,0x00,0xe8,0x00,0x00,0x00,0x00,0x8b,0xc5,0xe9,0x4d,0xff,0xff,0xff,
};
inline constexpr unsigned char kMask27[] = {
    0xff,0xff,0xff,0xff,0xff,0xff,0xff,0xff,0xff,0xff,0xff,0xff,0xff,0xff,0xff,0xff,0xff,0xff,0xff,0xff,0xff,0xff,0xff,0xff,
    0xff,0xff,0xff,0xff,0xff,0xff,0xff,0xff,0xff,0xff,0xff,0xff,0xff,0xff,0xff,0xff,0xff,0xff,0xff,0xff,0xff,0xff,0xff,0xff,
    0xff,0xff,0xff,0xff,0xff,0xff,0xff,0xff,0xff,0xff,0xff,0xff,0xff,0xff,0xff,0xff,0xff,0xff,0xff,0xff,0xff,0xff,0xff,0xff,
    0xff,0xff,0xff,0xff,0xff,0xff,0xff,0xff,0xff,0xff,0xff,0xff,0xff,0xff,0xff,0xff,0xff,0xff,0xff,0xff,0xff,0xff,0xff,0xff,
    0xff,0xff,0xff,0xff,0xff,0xff,0xff,0xff,0xff,0xff,0xff,0x00,0x00,0x00,0x00,0xff,0xff,0xff,0xff,0xff,0xff,0xff,0xff,0xff,
    0xff,0xff,0xff,0xff,0xff,0xff,0xff,0xff,0xff,0xff,0xff,0xff,0xff,0xff,0xff,0xff,0xff,0xff,0xff,0xff,0xff,0xff,0xff,0xff,
    0xff,0xff,0xff,0xff,0xff,0xff,0xff,0xff,0xff,0xff,0xff,0xff,0xff,0xff,0xff,0xff,0xff,0xff,0xff,0xff,0xff,0xff,0xff,0xff,
    0xff,0xff,0xff,0xff,0xff,0xff,0xff,0xff,0xff,0xff,0xff,0xff,0xff,0xff,0xff,0xff,0xff,0xff,0xff,0xff,0xff,0xff,0xff,0xff,
    0xff,0x00,0x00,0x00,0x00,0xff,0xff,0xff,0xff,0xff,0xff,0xff,0xff,0xff,0xff,0xff,0xff,0xff,0xff,0xff,0xff,0xff,0xff,0xff,
    0xff,0xff,0xff,0xff,0xff,0xff,0xff,0xff,0xff,0xff,0xff,0xff,0xff,0xff,0xff,0xff,0xff,0xff,0xff,0xff,0xff,0xff,0xff,0xff,
    0xff,0xff,0xff,0xff,0xff,0xff,0xff,0xff,0xff,0xff,0x00,0x00,0x00,0x00,0xff,0xff,0xff,0xff,0xff,0xff,0xff,0xff,0xff,0xff,
    0xff,0xff,0xff,0xff,0xff,0xff,0xff,0x00,0x00,0x00,0x00,0xff,0xff,0xff,0xff,0xff,0xff,0xff,0xff,0xff,0x00,0x00,0x00,0x00,
    0xff,0xff,0xff,0xff,0xff,0xff,0xff,0xff,0xff,0xff,0xff,0xff,0xff,0xff,0x00,0x00,0x00,0x00,0xff,0xff,0xff,0xff,0xff,0xff,
    0xff,0xff,0xff,0xff,0xff,0xff,0xff,0xff,0xff,0xff,0xff,0x00,0x00,0x00,0x00,0xff,0xff,0xff,0xff,0xff,0xff,0xff,0xff,0xff,
    0x00,0x00,0x00,0x00,0xff,0xff,0xff,0xff,0xff,0xff,0xff,0xff,0xff,0xff,0xff,0x00,0x00,0x00,0x00,0xff,0xff,0xff,0xff,0xff,
    0xff,0xff,0xff,0xff,0xff,0xff,0xff,0xff,0xff,0xff,0xff,0xff,0xff,0xff,0xff,0xff,0x00,0x00,0x00,0x00,0xff,0xff,0xff,0xff,
    0xff,0xff,0xff,0xff,0xff,0x00,0x00,0x00,0x00,0xff,0xff,0xff,0xff,0xff,0xff,0xff,
};
inline constexpr Reference kRefs27[] = {
    {107, 111, Section::ReadOnly, Node::Count, Binding::None, "RtlLookupElementGenericTable"},
    {193, 197, Section::Code, Node::Count, Binding::None, nullptr},
    {250, 254, Section::Code, Node::Count, Binding::None, nullptr},
    {271, 275, Section::ReadOnly, Node::Count, Binding::None, nullptr},
    {284, 288, Section::Code, Node::Count, Binding::None, nullptr},
    {302, 306, Section::Code, Node::Count, Binding::None, nullptr},
    {323, 327, Section::ReadOnly, Node::Count, Binding::None, nullptr},
    {336, 340, Section::Code, Node::Count, Binding::None, nullptr},
    {351, 355, Section::Code, Node::InsertTree, Binding::None, nullptr},
    {376, 380, Section::ReadOnly, Node::Count, Binding::None, nullptr},
    {389, 393, Section::Code, Node::Count, Binding::None, nullptr},
};
// InsertTree
inline constexpr unsigned char kBytes28[] = {
    0x48,0x8b,0xc4,0x48,0x89,0x58,0x08,0x48,0x89,0x70,0x10,0x57,0x48,0x81,0xec,0x80,0x00,0x00,0x00,0xf6,0x82,0xa6,0x02,0x00,
    0x00,0x10,0x48,0x8b,0xda,0x48,0x8b,0xf1,0x0f,0x85,0xbc,0x00,0x00,0x00,0x48,0x83,0x60,0xa0,0x00,0x0f,0x57,0xc0,0x48,0x83,
    0x48,0xd8,0xff,0x0f,0x57,0xc9,0x66,0x0f,0x7f,0x40,0xa8,0x48,0x83,0xc1,0x08,0x66,0x0f,0x7f,0x48,0xb8,0x66,0x0f,0x7f,0x40,
    0xc8,0x0f,0x11,0x40,0xe8,0xc6,0x40,0xe0,0x00,0x48,0x8b,0x82,0x88,0x00,0x00,0x00,0x48,0x8d,0x54,0x24,0x20,0x48,0x89,0x44,
    0x24,0x20,0x48,0xff,0x15,0x00,0x00,0x00,0x00,0x0f,0x1f,0x44,0x00,0x00,0x48,0x85,0xc0,0x74,0x6b,0x48,0x8b,0x78,0x18,0x48,
    0x8b,0xd3,0x48,0x8b,0xce,0xe8,0x00,0x00,0x00,0x00,0x48,0x8b,0x93,0xb8,0x01,0x00,0x00,0x4c,0x8b,0xc0,0x48,0x8b,0xcf,0xe8,
    0x00,0x00,0x00,0x00,0x8b,0xf0,0x85,0xc0,0x78,0x24,0x48,0x8b,0x93,0xd0,0x01,0x00,0x00,0x48,0x85,0xd2,0x75,0x69,0x33,0xc0,
    0x4c,0x8d,0x9c,0x24,0x80,0x00,0x00,0x00,0x49,0x8b,0x5b,0x10,0x49,0x8b,0x73,0x18,0x49,0x8b,0xe3,0x5f,0xc3,0xcc,0x48,0x8b,
    0x8c,0x24,0x88,0x00,0x00,0x00,0x4c,0x8d,0x05,0x00,0x00,0x00,0x00,0x44,0x8b,0xce,0xba,0x7f,0x0b,0x00,0x00,0xe8,0x00,0x00,
    0x00,0x00,0x8b,0xc6,0xeb,0xca,0x33,0xff,0xeb,0x95,0x48,0x8b,0x82,0x58,0x02,0x00,0x00,0x48,0x8b,0x88,0xb8,0x01,0x00,0x00,
    0x48,0x8b,0xb9,0xf8,0x00,0x00,0x00,0x8b,0x8f,0xb0,0x00,0x00,0x00,0x48,0x8b,0x87,0x98,0x00,0x00,0x00,0xff,0xc9,0x48,0x8b,
    0x04,0xc8,0xe9,0x73,0xff,0xff,0xff,0x48,0x83,0x7a,0x18,0x00,0x74,0x90,0x4c,0x8b,0x83,0xb8,0x01,0x00,0x00,0x48,0x8b,0xcf,
    0xe8,0x00,0x00,0x00,0x00,0x8b,0xd8,0x85,0xc0,0x0f,0x89,0x77,0xff,0xff,0xff,0x48,0x8b,0x8c,0x24,0x88,0x00,0x00,0x00,0x4c,
    0x8d,0x05,0x00,0x00,0x00,0x00,0x44,0x8b,0xc8,0xba,0x83,0x0b,0x00,0x00,0xe8,0x00,0x00,0x00,0x00,0x8b,0xc3,0xe9,0x56,0xff,
    0xff,0xff,
};
inline constexpr unsigned char kMask28[] = {
    0xff,0xff,0xff,0xff,0xff,0xff,0xff,0xff,0xff,0xff,0xff,0xff,0xff,0xff,0xff,0xff,0xff,0xff,0xff,0xff,0xff,0xff,0xff,0xff,
    0xff,0xff,0xff,0xff,0xff,0xff,0xff,0xff,0xff,0xff,0xff,0xff,0xff,0xff,0xff,0xff,0xff,0xff,0xff,0xff,0xff,0xff,0xff,0xff,
    0xff,0xff,0xff,0xff,0xff,0xff,0xff,0xff,0xff,0xff,0xff,0xff,0xff,0xff,0xff,0xff,0xff,0xff,0xff,0xff,0xff,0xff,0xff,0xff,
    0xff,0xff,0xff,0xff,0xff,0xff,0xff,0xff,0xff,0xff,0xff,0xff,0xff,0xff,0xff,0xff,0xff,0xff,0xff,0xff,0xff,0xff,0xff,0xff,
    0xff,0xff,0xff,0xff,0xff,0x00,0x00,0x00,0x00,0xff,0xff,0xff,0xff,0xff,0xff,0xff,0xff,0xff,0xff,0xff,0xff,0xff,0xff,0xff,
    0xff,0xff,0xff,0xff,0xff,0xff,0x00,0x00,0x00,0x00,0xff,0xff,0xff,0xff,0xff,0xff,0xff,0xff,0xff,0xff,0xff,0xff,0xff,0xff,
    0x00,0x00,0x00,0x00,0xff,0xff,0xff,0xff,0xff,0xff,0xff,0xff,0xff,0xff,0xff,0xff,0xff,0xff,0xff,0xff,0xff,0xff,0xff,0xff,
    0xff,0xff,0xff,0xff,0xff,0xff,0xff,0xff,0xff,0xff,0xff,0xff,0xff,0xff,0xff,0xff,0xff,0xff,0xff,0xff,0xff,0xff,0xff,0xff,
    0xff,0xff,0xff,0xff,0xff,0xff,0xff,0xff,0xff,0x00,0x00,0x00,0x00,0xff,0xff,0xff,0xff,0xff,0xff,0xff,0xff,0xff,0x00,0x00,
    0x00,0x00,0xff,0xff,0xff,0xff,0xff,0xff,0xff,0xff,0xff,0xff,0xff,0xff,0xff,0xff,0xff,0xff,0xff,0xff,0xff,0xff,0xff,0xff,
    0xff,0xff,0xff,0xff,0xff,0xff,0xff,0xff,0xff,0xff,0xff,0xff,0xff,0xff,0xff,0xff,0xff,0xff,0xff,0xff,0xff,0xff,0xff,0xff,
    0xff,0xff,0xff,0xff,0xff,0xff,0xff,0xff,0xff,0xff,0xff,0xff,0xff,0xff,0xff,0xff,0xff,0xff,0xff,0xff,0xff,0xff,0xff,0xff,
    0xff,0x00,0x00,0x00,0x00,0xff,0xff,0xff,0xff,0xff,0xff,0xff,0xff,0xff,0xff,0xff,0xff,0xff,0xff,0xff,0xff,0xff,0xff,0xff,
    0xff,0xff,0x00,0x00,0x00,0x00,0xff,0xff,0xff,0xff,0xff,0xff,0xff,0xff,0xff,0x00,0x00,0x00,0x00,0xff,0xff,0xff,0xff,0xff,
    0xff,0xff,
};
inline constexpr Reference kRefs28[] = {
    {101, 105, Section::ReadOnly, Node::Count, Binding::None, "RtlLookupElementGenericTable"},
    {126, 130, Section::Code, Node::PrecedingVisual, Binding::None, nullptr},
    {144, 148, Section::Code, Node::InsertAfter, Binding::None, nullptr},
    {201, 205, Section::ReadOnly, Node::Count, Binding::None, nullptr},
    {214, 218, Section::Code, Node::Count, Binding::None, nullptr},
    {289, 293, Section::Code, Node::InsertAfter, Binding::None, nullptr},
    {314, 318, Section::ReadOnly, Node::Count, Binding::None, nullptr},
    {327, 331, Section::Code, Node::Count, Binding::None, nullptr},
};
// Reevaluate
inline constexpr unsigned char kBytes29[] = {
    0x48,0x8b,0xc4,0x48,0x89,0x58,0x08,0x48,0x89,0x68,0x20,0x56,0x57,0x41,0x56,0x48,0x81,0xec,0x80,0x00,0x00,0x00,0x41,0x0f,
    0xb6,0xe8,0x48,0x8b,0xfa,0x4c,0x8b,0xf1,0x48,0x39,0x12,0x0f,0x84,0xfb,0x00,0x00,0x00,0x0f,0x57,0xc0,0x48,0xc7,0x40,0xc8,
    0xff,0xff,0xff,0xff,0x66,0x0f,0x7f,0x40,0x98,0x33,0xdb,0x48,0x89,0x58,0x90,0x0f,0x57,0xc9,0x66,0x0f,0x7f,0x48,0xa8,0x48,
    0x83,0xc1,0x08,0x66,0x0f,0x7f,0x40,0xb8,0x88,0x58,0xd0,0x0f,0x11,0x40,0xd8,0x48,0x8b,0x82,0x88,0x00,0x00,0x00,0x48,0x8d,
    0x54,0x24,0x20,0x48,0x89,0x44,0x24,0x20,0x48,0xff,0x15,0x00,0x00,0x00,0x00,0x0f,0x1f,0x44,0x00,0x00,0x48,0x85,0xc0,0x48,
    0x8d,0x70,0x50,0x48,0x0f,0x44,0xf3,0x48,0x8b,0xdf,0x40,0x84,0xed,0x75,0x33,0xf6,0x83,0xa0,0x02,0x00,0x00,0x01,0x75,0x17,
    0x48,0x8b,0x1b,0x40,0x32,0xed,0x48,0x85,0xdb,0x74,0x40,0x48,0x3b,0xde,0x74,0x3b,0x48,0x3b,0xdf,0x75,0xe2,0xeb,0x34,0x48,
    0x8b,0x83,0xb8,0x01,0x00,0x00,0x48,0x85,0xc0,0x74,0xdd,0x48,0x83,0x78,0x18,0x00,0x74,0xd6,0x48,0x8b,0xd6,0x48,0x8b,0xcb,
    0xe8,0x00,0x00,0x00,0x00,0x0f,0xb6,0x8b,0xa6,0x02,0x00,0x00,0xc0,0xe9,0x04,0x80,0xe1,0x01,0x3a,0xc1,0x75,0x20,0x40,0x84,
    0xed,0x75,0x7d,0x33,0xc0,0x4c,0x8d,0x9c,0x24,0x80,0x00,0x00,0x00,0x49,0x8b,0x5b,0x20,0x49,0x8b,0x6b,0x38,0x49,0x8b,0xe3,
    0x41,0x5e,0x5f,0x5e,0xc3,0xcc,0x48,0x8b,0xd3,0xe8,0x00,0x00,0x00,0x00,0x8b,0xe8,0x85,0xc0,0x79,0x8c,0x48,0x8b,0x8c,0x24,
    0x98,0x00,0x00,0x00,0x4c,0x8d,0x05,0x00,0x00,0x00,0x00,0x44,0x8b,0xc8,0xba,0x93,0x1f,0x00,0x00,0xe8,0x00,0x00,0x00,0x00,
    0x8b,0xc5,0xeb,0xb9,0xf6,0x82,0xa6,0x02,0x00,0x00,0x10,0x74,0xae,0xe8,0x00,0x00,0x00,0x00,0x8b,0xd8,0x85,0xc0,0x79,0xa3,
    0x48,0x8b,0x8c,0x24,0x98,0x00,0x00,0x00,0x4c,0x8d,0x05,0x00,0x00,0x00,0x00,0x44,0x8b,0xc8,0xba,0x83,0x1f,0x00,0x00,0xe8,
    0x00,0x00,0x00,0x00,0x8b,0xc3,0xeb,0x85,0x48,0x8b,0xd3,0x49,0x8b,0xce,0xe8,0x00,0x00,0x00,0x00,0x8b,0xe8,0x85,0xc0,0x0f,
    0x89,0x23,0xff,0xff,0xff,0x48,0x8b,0x8c,0x24,0x98,0x00,0x00,0x00,0x4c,0x8d,0x05,0x00,0x00,0x00,0x00,0x44,0x8b,0xc8,0xba,
    0x9a,0x1f,0x00,0x00,0xe8,0x00,0x00,0x00,0x00,0x8b,0xc5,0xe9,0x4d,0xff,0xff,0xff,
};
inline constexpr unsigned char kMask29[] = {
    0xff,0xff,0xff,0xff,0xff,0xff,0xff,0xff,0xff,0xff,0xff,0xff,0xff,0xff,0xff,0xff,0xff,0xff,0xff,0xff,0xff,0xff,0xff,0xff,
    0xff,0xff,0xff,0xff,0xff,0xff,0xff,0xff,0xff,0xff,0xff,0xff,0xff,0xff,0xff,0xff,0xff,0xff,0xff,0xff,0xff,0xff,0xff,0xff,
    0xff,0xff,0xff,0xff,0xff,0xff,0xff,0xff,0xff,0xff,0xff,0xff,0xff,0xff,0xff,0xff,0xff,0xff,0xff,0xff,0xff,0xff,0xff,0xff,
    0xff,0xff,0xff,0xff,0xff,0xff,0xff,0xff,0xff,0xff,0xff,0xff,0xff,0xff,0xff,0xff,0xff,0xff,0xff,0xff,0xff,0xff,0xff,0xff,
    0xff,0xff,0xff,0xff,0xff,0xff,0xff,0xff,0xff,0xff,0xff,0x00,0x00,0x00,0x00,0xff,0xff,0xff,0xff,0xff,0xff,0xff,0xff,0xff,
    0xff,0xff,0xff,0xff,0xff,0xff,0xff,0xff,0xff,0xff,0xff,0xff,0xff,0xff,0xff,0xff,0xff,0xff,0xff,0xff,0xff,0xff,0xff,0xff,
    0xff,0xff,0xff,0xff,0xff,0xff,0xff,0xff,0xff,0xff,0xff,0xff,0xff,0xff,0xff,0xff,0xff,0xff,0xff,0xff,0xff,0xff,0xff,0xff,
    0xff,0xff,0xff,0xff,0xff,0xff,0xff,0xff,0xff,0xff,0xff,0xff,0xff,0xff,0xff,0xff,0xff,0xff,0xff,0xff,0xff,0xff,0xff,0xff,
    0xff,0x00,0x00,0x00,0x00,0xff,0xff,0xff,0xff,0xff,0xff,0xff,0xff,0xff,0xff,0xff,0xff,0xff,0xff,0xff,0xff,0xff,0xff,0xff,
    0xff,0xff,0xff,0xff,0xff,0xff,0xff,0xff,0xff,0xff,0xff,0xff,0xff,0xff,0xff,0xff,0xff,0xff,0xff,0xff,0xff,0xff,0xff,0xff,
    0xff,0xff,0xff,0xff,0xff,0xff,0xff,0xff,0xff,0xff,0x00,0x00,0x00,0x00,0xff,0xff,0xff,0xff,0xff,0xff,0xff,0xff,0xff,0xff,
    0xff,0xff,0xff,0xff,0xff,0xff,0xff,0x00,0x00,0x00,0x00,0xff,0xff,0xff,0xff,0xff,0xff,0xff,0xff,0xff,0x00,0x00,0x00,0x00,
    0xff,0xff,0xff,0xff,0xff,0xff,0xff,0xff,0xff,0xff,0xff,0xff,0xff,0xff,0x00,0x00,0x00,0x00,0xff,0xff,0xff,0xff,0xff,0xff,
    0xff,0xff,0xff,0xff,0xff,0xff,0xff,0xff,0xff,0xff,0xff,0x00,0x00,0x00,0x00,0xff,0xff,0xff,0xff,0xff,0xff,0xff,0xff,0xff,
    0x00,0x00,0x00,0x00,0xff,0xff,0xff,0xff,0xff,0xff,0xff,0xff,0xff,0xff,0xff,0x00,0x00,0x00,0x00,0xff,0xff,0xff,0xff,0xff,
    0xff,0xff,0xff,0xff,0xff,0xff,0xff,0xff,0xff,0xff,0xff,0xff,0xff,0xff,0xff,0xff,0x00,0x00,0x00,0x00,0xff,0xff,0xff,0xff,
    0xff,0xff,0xff,0xff,0xff,0x00,0x00,0x00,0x00,0xff,0xff,0xff,0xff,0xff,0xff,0xff,
};
inline constexpr Reference kRefs29[] = {
    {107, 111, Section::ReadOnly, Node::Count, Binding::None, "RtlLookupElementGenericTable"},
    {193, 197, Section::Code, Node::Count, Binding::None, nullptr},
    {250, 254, Section::Code, Node::Count, Binding::None, nullptr},
    {271, 275, Section::ReadOnly, Node::Count, Binding::None, nullptr},
    {284, 288, Section::Code, Node::Count, Binding::None, nullptr},
    {302, 306, Section::Code, Node::Count, Binding::None, nullptr},
    {323, 327, Section::ReadOnly, Node::Count, Binding::None, nullptr},
    {336, 340, Section::Code, Node::Count, Binding::None, nullptr},
    {351, 355, Section::Code, Node::InsertTree, Binding::None, nullptr},
    {376, 380, Section::ReadOnly, Node::Count, Binding::None, nullptr},
    {389, 393, Section::Code, Node::Count, Binding::None, nullptr},
};
// ZOrder
inline constexpr unsigned char kBytes30[] = {
    0x48,0x89,0x5c,0x24,0x08,0x48,0x89,0x74,0x24,0x10,0x48,0x89,0x7c,0x24,0x18,0x55,0x41,0x56,0x41,0x57,0x48,0x8b,0xec,0x48,
    0x83,0xec,0x40,0x4d,0x8b,0xf8,0x48,0x8b,0xda,0x4c,0x8b,0xf1,0x48,0x8d,0x0d,0x00,0x00,0x00,0x00,0x48,0x89,0x4d,0xf8,0x48,
    0xff,0x15,0x00,0x00,0x00,0x00,0x0f,0x1f,0x44,0x00,0x00,0x90,0x33,0xff,0x8b,0xf7,0x48,0x89,0x7d,0x38,0x4c,0x8d,0x4d,0x38,
    0x41,0xb0,0x01,0x48,0x8b,0xd3,0x49,0x8b,0xce,0xe8,0x00,0x00,0x00,0x00,0x48,0x8b,0x55,0x38,0x48,0x85,0xd2,0x75,0x49,0x48,
    0x89,0x7c,0x24,0x28,0xc7,0x44,0x24,0x20,0x92,0x0e,0x00,0x00,0x41,0xb9,0x06,0x00,0x07,0x80,0x41,0x8b,0xf1,0x45,0x33,0xc0,
    0x33,0xd2,0x8d,0x4a,0x14,0xe8,0x00,0x00,0x00,0x00,0x90,0x48,0x8d,0x4d,0xf8,0xe8,0x00,0x00,0x00,0x00,0x8b,0xc6,0x48,0x8b,
    0x5c,0x24,0x60,0x48,0x8b,0x74,0x24,0x68,0x48,0x8b,0x7c,0x24,0x70,0x48,0x83,0xc4,0x40,0x41,0x5f,0x41,0x5e,0x5d,0xc3,0xcc,
    0x48,0x8b,0x92,0x88,0x00,0x00,0x00,0x49,0x8b,0xce,0xe8,0x00,0x00,0x00,0x00,0x48,0x8b,0xd8,0x48,0x85,0xc0,0x75,0x17,0xbe,
    0x0e,0x00,0x07,0x80,0x48,0x89,0x7c,0x24,0x28,0xc7,0x44,0x24,0x20,0x95,0x0e,0x00,0x00,0x44,0x8b,0xce,0xeb,0x9f,0x48,0x89,
    0x5d,0xf0,0x4d,0x85,0xff,0x74,0x2d,0x4c,0x8d,0x4d,0xf0,0x41,0xb0,0x01,0x49,0x8b,0xd7,0x49,0x8b,0xce,0xe8,0x00,0x00,0x00,
    0x00,0x48,0x8b,0x45,0xf0,0x48,0x85,0xc0,0x75,0x12,0x48,0x89,0x7c,0x24,0x28,0xc7,0x44,0x24,0x20,0xa0,0x0e,0x00,0x00,0xe9,
    0x60,0xff,0xff,0xff,0x48,0x8b,0x4d,0x38,0x48,0x3b,0x08,0x0f,0x84,0x6a,0xff,0xff,0xff,0x48,0x8b,0x11,0x4c,0x8b,0x41,0x08,
    0x48,0x39,0x4a,0x08,0x0f,0x85,0x41,0x03,0x00,0x00,0x49,0x39,0x08,0x0f,0x85,0x38,0x03,0x00,0x00,0x49,0x89,0x10,0x4c,0x89,
    0x42,0x08,0x48,0x8b,0x4d,0x38,0x4c,0x8b,0x00,0x49,0x39,0x40,0x08,0x0f,0x85,0x20,0x03,0x00,0x00,0x4c,0x89,0x01,0x48,0x89,
    0x41,0x08,0x49,0x89,0x48,0x08,0x48,0x89,0x08,0x48,0x85,0xd2,0x74,0x2b,0x48,0x3b,0xd3,0x74,0x26,0x45,0x33,0xc0,0x49,0x8b,
    0xce,0xe8,0x00,0x00,0x00,0x00,0x8b,0xf0,0x85,0xc0,0x79,0x15,0x48,0x89,0x7c,0x24,0x28,0xc7,0x44,0x24,0x20,0xae,0x0e,0x00,
    0x00,0x44,0x8b,0xc8,0xe9,0xec,0xfe,0xff,0xff,0x48,0x8b,0x55,0x38,0x48,0x39,0xba,0xb8,0x01,0x00,0x00,0x0f,0x84,0x46,0x01,
    0x00,0x00,0x41,0xb0,0x01,0x49,0x8b,0xce,0xe8,0x00,0x00,0x00,0x00,0x8b,0xf0,0x85,0xc0,0x0f,0x88,0xcf,0x01,0x00,0x00,0x48,
    0x8b,0x55,0x38,0x48,0x8b,0x92,0x88,0x00,0x00,0x00,0x49,0x8b,0xce,0xe8,0x00,0x00,0x00,0x00,0x48,0x8b,0xd8,0x48,0x8b,0x4d,
    0x38,0x33,0xd2,0x48,0x8b,0x89,0xc0,0x01,0x00,0x00,0xe8,0x00,0x00,0x00,0x00,0x8b,0xf0,0x85,0xc0,0x0f,0x88,0x8b,0x01,0x00,
    0x00,0x48,0x8b,0x0d,0x00,0x00,0x00,0x00,0x48,0x8b,0x89,0xd0,0x01,0x00,0x00,0x48,0x8b,0x11,0x48,0x8b,0x82,0xc8,0x00,0x00,
    0x00,0x48,0x8b,0x55,0x38,0xe8,0x00,0x00,0x00,0x00,0x8b,0xf0,0x85,0xc0,0x0f,0x88,0x4e,0x01,0x00,0x00,0x48,0x8b,0x55,0x38,
    0x49,0x3b,0x96,0xb8,0x02,0x00,0x00,0x75,0x2d,0x49,0x39,0xbe,0x18,0x02,0x00,0x00,0x74,0x24,0x49,0x8b,0xce,0xe8,0x00,0x00,
    0x00,0x00,0x8b,0xf0,0x85,0xc0,0x79,0x12,0x48,0x89,0x7c,0x24,0x28,0xc7,0x44,0x24,0x20,0xbf,0x0e,0x00,0x00,0xe9,0x3f,0xff,
    0xff,0xff,0x48,0x8b,0x55,0x38,0x48,0x8b,0x82,0xd0,0x01,0x00,0x00,0x48,0x85,0xc0,0x74,0x35,0x48,0x8d,0x8b,0x90,0x00,0x00,
    0x00,0x41,0xb1,0x01,0x4c,0x8b,0x82,0xb8,0x01,0x00,0x00,0x48,0x8b,0xd0,0xe8,0x00,0x00,0x00,0x00,0x8b,0xf0,0x85,0xc0,0x79,
    0x12,0x48,0x89,0x7c,0x24,0x28,0xc7,0x44,0x24,0x20,0xc5,0x0e,0x00,0x00,0xe9,0xfe,0xfe,0xff,0xff,0x48,0x8b,0x55,0x38,0x48,
    0x8b,0x82,0xb8,0x01,0x00,0x00,0x48,0x85,0xc0,0x74,0x4d,0xf6,0x80,0xc9,0x00,0x00,0x00,0x10,0x74,0x44,0x48,0x89,0x7d,0xf0,
    0x48,0x8d,0x4d,0xf0,0xe8,0x00,0x00,0x00,0x00,0x48,0x8b,0x45,0x38,0x4c,0x8d,0x4d,0xf0,0x45,0x33,0xc0,0x48,0x8b,0x90,0x88,
    0x00,0x00,0x00,0x49,0x8b,0xce,0xe8,0x00,0x00,0x00,0x00,0x8b,0xf0,0x85,0xc0,0x78,0x65,0x48,0x8b,0x4d,0xf0,0xe8,0x00,0x00,
    0x00,0x00,0x90,0x48,0x8d,0x4d,0xf0,0xe8,0x00,0x00,0x00,0x00,0x48,0x8b,0x55,0x38,0x48,0x8b,0x9a,0x58,0x02,0x00,0x00,0x48,
    0x85,0xdb,0x0f,0x84,0x93,0xfd,0xff,0xff,0x83,0xbb,0x78,0x02,0x00,0x00,0x01,0x0f,0x86,0x86,0xfd,0xff,0xff,0x4c,0x8b,0xff,
    0x48,0x8b,0x92,0x88,0x00,0x00,0x00,0x49,0x8b,0xce,0xe8,0x00,0x00,0x00,0x00,0x48,0x8b,0x55,0x38,0x48,0x85,0xc0,0x74,0x7b,
    0x48,0x8b,0x0a,0x48,0x3b,0xc8,0x74,0x73,0x48,0x39,0x99,0x58,0x02,0x00,0x00,0x74,0x67,0x48,0x8b,0x09,0xeb,0xed,0x48,0x89,
    0x7c,0x24,0x28,0xc7,0x44,0x24,0x20,0xcc,0x0e,0x00,0x00,0x44,0x8b,0xc8,0x45,0x33,0xc0,0x33,0xd2,0x8d,0x4a,0x14,0xe8,0x00,
    0x00,0x00,0x00,0x90,0x48,0x8d,0x4d,0xf0,0xe8,0x00,0x00,0x00,0x00,0xe9,0x29,0xfd,0xff,0xff,0x48,0x89,0x7c,0x24,0x28,0xc7,
    0x44,0x24,0x20,0xba,0x0e,0x00,0x00,0xe9,0x15,0xfe,0xff,0xff,0x48,0x89,0x7c,0x24,0x28,0xc7,0x44,0x24,0x20,0xb9,0x0e,0x00,
    0x00,0xe9,0x03,0xfe,0xff,0xff,0x48,0x89,0x7c,0x24,0x28,0xc7,0x44,0x24,0x20,0xb5,0x0e,0x00,0x00,0xe9,0xf1,0xfd,0xff,0xff,
    0x4c,0x8b,0xf9,0x4c,0x8d,0x9b,0x60,0x02,0x00,0x00,0x4d,0x85,0xff,0x74,0x3a,0x48,0x8d,0x55,0x38,0x49,0x8b,0xcb,0xe8,0x00,
    0x00,0x00,0x00,0x49,0x8b,0x03,0x41,0x39,0x7b,0x18,0x76,0x11,0x4c,0x3b,0x38,0x74,0x0c,0xff,0xc7,0x48,0x83,0xc0,0x08,0x41,
    0x3b,0x7b,0x18,0x72,0xef,0x44,0x8b,0xc7,0x48,0x8d,0x55,0x38,0x49,0x8b,0xcb,0xe8,0x00,0x00,0x00,0x00,0xe9,0xaa,0xfc,0xff,
    0xff,0x8b,0x8b,0x78,0x02,0x00,0x00,0xff,0xc9,0x49,0x8b,0x03,0x48,0x39,0x14,0xc8,0x0f,0x84,0x95,0xfc,0xff,0xff,0x48,0x8d,
    0x55,0x38,0x49,0x8b,0xcb,0xe8,0x00,0x00,0x00,0x00,0x41,0x8b,0x43,0x18,0x44,0x8d,0x40,0x01,0x44,0x3b,0xc0,0x73,0x18,0x48,
    0x89,0x7c,0x24,0x28,0xc7,0x44,0x24,0x20,0xb3,0x00,0x00,0x00,0x41,0xb9,0x16,0x02,0x07,0x80,0xe9,0x56,0xfc,0xff,0xff,0x45,
    0x3b,0x43,0x14,0x77,0x17,0x48,0x8b,0xd0,0x49,0x8b,0x0b,0x48,0x8b,0x45,0x38,0x48,0x89,0x04,0xd1,0x45,0x89,0x43,0x18,0xe9,
    0x47,0xfc,0xff,0xff,0x4c,0x8d,0x4d,0x38,0xba,0x08,0x00,0x00,0x00,0x44,0x8d,0x42,0xf9,0x49,0x8b,0xcb,0xe8,0x00,0x00,0x00,
    0x00,0x85,0xc0,0x0f,0x89,0x2a,0xfc,0xff,0xff,0x48,0x89,0x7c,0x24,0x28,0xc7,0x44,0x24,0x20,0xbe,0x00,0x00,0x00,0xe9,0x16,
    0xfd,0xff,0xff,0xb9,0x03,0x00,0x00,0x00,0xcd,0x29,
};
inline constexpr unsigned char kMask30[] = {
    0xff,0xff,0xff,0xff,0xff,0xff,0xff,0xff,0xff,0xff,0xff,0xff,0xff,0xff,0xff,0xff,0xff,0xff,0xff,0xff,0xff,0xff,0xff,0xff,
    0xff,0xff,0xff,0xff,0xff,0xff,0xff,0xff,0xff,0xff,0xff,0xff,0xff,0xff,0xff,0x00,0x00,0x00,0x00,0xff,0xff,0xff,0xff,0xff,
    0xff,0xff,0x00,0x00,0x00,0x00,0xff,0xff,0xff,0xff,0xff,0xff,0xff,0xff,0xff,0xff,0xff,0xff,0xff,0xff,0xff,0xff,0xff,0xff,
    0xff,0xff,0xff,0xff,0xff,0xff,0xff,0xff,0xff,0xff,0x00,0x00,0x00,0x00,0xff,0xff,0xff,0xff,0xff,0xff,0xff,0xff,0xff,0xff,
    0xff,0xff,0xff,0xff,0xff,0xff,0xff,0xff,0xff,0xff,0xff,0xff,0xff,0xff,0xff,0xff,0xff,0xff,0xff,0xff,0xff,0xff,0xff,0xff,
    0xff,0xff,0xff,0xff,0xff,0xff,0x00,0x00,0x00,0x00,0xff,0xff,0xff,0xff,0xff,0xff,0x00,0x00,0x00,0x00,0xff,0xff,0xff,0xff,
    0xff,0xff,0xff,0xff,0xff,0xff,0xff,0xff,0xff,0xff,0xff,0xff,0xff,0xff,0xff,0xff,0xff,0xff,0xff,0xff,0xff,0xff,0xff,0xff,
    0xff,0xff,0xff,0xff,0xff,0xff,0xff,0xff,0xff,0xff,0xff,0x00,0x00,0x00,0x00,0xff,0xff,0xff,0xff,0xff,0xff,0xff,0xff,0xff,
    0xff,0xff,0xff,0xff,0xff,0xff,0xff,0xff,0xff,0xff,0xff,0xff,0xff,0xff,0xff,0xff,0xff,0xff,0xff,0xff,0xff,0xff,0xff,0xff,
    0xff,0xff,0xff,0xff,0xff,0xff,0xff,0xff,0xff,0xff,0xff,0xff,0xff,0xff,0xff,0xff,0xff,0xff,0xff,0xff,0xff,0x00,0x00,0x00,
    0x00,0xff,0xff,0xff,0xff,0xff,0xff,0xff,0xff,0xff,0xff,0xff,0xff,0xff,0xff,0xff,0xff,0xff,0xff,0xff,0xff,0xff,0xff,0xff,
    0xff,0xff,0xff,0xff,0xff,0xff,0xff,0xff,0xff,0xff,0xff,0xff,0xff,0xff,0xff,0xff,0xff,0xff,0xff,0xff,0xff,0xff,0xff,0xff,
    0xff,0xff,0xff,0xff,0xff,0xff,0xff,0xff,0xff,0xff,0xff,0xff,0xff,0xff,0xff,0xff,0xff,0xff,0xff,0xff,0xff,0xff,0xff,0xff,
    0xff,0xff,0xff,0xff,0xff,0xff,0xff,0xff,0xff,0xff,0xff,0xff,0xff,0xff,0xff,0xff,0xff,0xff,0xff,0xff,0xff,0xff,0xff,0xff,
    0xff,0xff,0xff,0xff,0xff,0xff,0xff,0xff,0xff,0xff,0xff,0xff,0xff,0xff,0xff,0xff,0xff,0xff,0xff,0xff,0xff,0xff,0xff,0xff,
    0xff,0xff,0x00,0x00,0x00,0x00,0xff,0xff,0xff,0xff,0xff,0xff,0xff,0xff,0xff,0xff,0xff,0xff,0xff,0xff,0xff,0xff,0xff,0xff,
    0xff,0xff,0xff,0xff,0xff,0xff,0xff,0xff,0xff,0xff,0xff,0xff,0xff,0xff,0xff,0xff,0xff,0xff,0xff,0xff,0xff,0xff,0xff,0xff,
    0xff,0xff,0xff,0xff,0xff,0xff,0xff,0xff,0xff,0x00,0x00,0x00,0x00,0xff,0xff,0xff,0xff,0xff,0xff,0xff,0xff,0xff,0xff,0xff,
    0xff,0xff,0xff,0xff,0xff,0xff,0xff,0xff,0xff,0xff,0xff,0xff,0xff,0xff,0x00,0x00,0x00,0x00,0xff,0xff,0xff,0xff,0xff,0xff,
    0xff,0xff,0xff,0xff,0xff,0xff,0xff,0xff,0xff,0xff,0xff,0x00,0x00,0x00,0x00,0xff,0xff,0xff,0xff,0xff,0xff,0xff,0xff,0xff,
    0xff,0xff,0xff,0xff,0x00,0x00,0x00,0x00,0xff,0xff,0xff,0xff,0xff,0xff,0xff,0xff,0xff,0xff,0xff,0xff,0xff,0xff,0xff,0xff,
    0xff,0xff,0xff,0xff,0xff,0xff,0x00,0x00,0x00,0x00,0xff,0xff,0xff,0xff,0xff,0xff,0xff,0xff,0xff,0xff,0xff,0xff,0xff,0xff,
    0xff,0xff,0xff,0xff,0xff,0xff,0xff,0xff,0xff,0xff,0xff,0xff,0xff,0xff,0xff,0xff,0xff,0xff,0xff,0xff,0xff,0xff,0x00,0x00,
    0x00,0x00,0xff,0xff,0xff,0xff,0xff,0xff,0xff,0xff,0xff,0xff,0xff,0xff,0xff,0xff,0xff,0xff,0xff,0xff,0xff,0xff,0xff,0xff,
    0xff,0xff,0xff,0xff,0xff,0xff,0xff,0xff,0xff,0xff,0xff,0xff,0xff,0xff,0xff,0xff,0xff,0xff,0xff,0xff,0xff,0xff,0xff,0xff,
    0xff,0xff,0xff,0xff,0xff,0xff,0xff,0xff,0xff,0xff,0xff,0xff,0xff,0xff,0xff,0x00,0x00,0x00,0x00,0xff,0xff,0xff,0xff,0xff,
    0xff,0xff,0xff,0xff,0xff,0xff,0xff,0xff,0xff,0xff,0xff,0xff,0xff,0xff,0xff,0xff,0xff,0xff,0xff,0xff,0xff,0xff,0xff,0xff,
    0xff,0xff,0xff,0xff,0xff,0xff,0xff,0xff,0xff,0xff,0xff,0xff,0xff,0xff,0xff,0xff,0xff,0xff,0xff,0xff,0xff,0xff,0xff,0xff,
    0xff,0xff,0xff,0xff,0xff,0x00,0x00,0x00,0x00,0xff,0xff,0xff,0xff,0xff,0xff,0xff,0xff,0xff,0xff,0xff,0xff,0xff,0xff,0xff,
    0xff,0xff,0xff,0xff,0xff,0xff,0xff,0x00,0x00,0x00,0x00,0xff,0xff,0xff,0xff,0xff,0xff,0xff,0xff,0xff,0xff,0xff,0x00,0x00,
    0x00,0x00,0xff,0xff,0xff,0xff,0xff,0xff,0x00,0x00,0x00,0x00,0xff,0xff,0xff,0xff,0xff,0xff,0xff,0xff,0xff,0xff,0xff,0xff,
    0xff,0xff,0xff,0xff,0xff,0xff,0xff,0xff,0xff,0xff,0xff,0xff,0xff,0xff,0xff,0xff,0xff,0xff,0xff,0xff,0xff,0xff,0xff,0xff,
    0xff,0xff,0xff,0xff,0xff,0xff,0xff,0xff,0xff,0xff,0xff,0x00,0x00,0x00,0x00,0xff,0xff,0xff,0xff,0xff,0xff,0xff,0xff,0xff,
    0xff,0xff,0xff,0xff,0xff,0xff,0xff,0xff,0xff,0xff,0xff,0xff,0xff,0xff,0xff,0xff,0xff,0xff,0xff,0xff,0xff,0xff,0xff,0xff,
    0xff,0xff,0xff,0xff,0xff,0xff,0xff,0xff,0xff,0xff,0xff,0xff,0xff,0xff,0xff,0xff,0xff,0xff,0xff,0xff,0xff,0xff,0xff,0x00,
    0x00,0x00,0x00,0xff,0xff,0xff,0xff,0xff,0xff,0x00,0x00,0x00,0x00,0xff,0xff,0xff,0xff,0xff,0xff,0xff,0xff,0xff,0xff,0xff,
    0xff,0xff,0xff,0xff,0xff,0xff,0xff,0xff,0xff,0xff,0xff,0xff,0xff,0xff,0xff,0xff,0xff,0xff,0xff,0xff,0xff,0xff,0xff,0xff,
    0xff,0xff,0xff,0xff,0xff,0xff,0xff,0xff,0xff,0xff,0xff,0xff,0xff,0xff,0xff,0xff,0xff,0xff,0xff,0xff,0xff,0xff,0xff,0xff,
    0xff,0xff,0xff,0xff,0xff,0xff,0xff,0xff,0xff,0xff,0xff,0xff,0xff,0xff,0xff,0xff,0xff,0xff,0xff,0xff,0xff,0xff,0xff,0x00,
    0x00,0x00,0x00,0xff,0xff,0xff,0xff,0xff,0xff,0xff,0xff,0xff,0xff,0xff,0xff,0xff,0xff,0xff,0xff,0xff,0xff,0xff,0xff,0xff,
    0xff,0xff,0xff,0xff,0xff,0xff,0xff,0xff,0xff,0xff,0xff,0xff,0xff,0xff,0xff,0xff,0x00,0x00,0x00,0x00,0xff,0xff,0xff,0xff,
    0xff,0xff,0xff,0xff,0xff,0xff,0xff,0xff,0xff,0xff,0xff,0xff,0xff,0xff,0xff,0xff,0xff,0xff,0xff,0xff,0xff,0xff,0xff,0xff,
    0xff,0xff,0xff,0xff,0xff,0xff,0x00,0x00,0x00,0x00,0xff,0xff,0xff,0xff,0xff,0xff,0xff,0xff,0xff,0xff,0xff,0xff,0xff,0xff,
    0xff,0xff,0xff,0xff,0xff,0xff,0xff,0xff,0xff,0xff,0xff,0xff,0xff,0xff,0xff,0xff,0xff,0xff,0xff,0xff,0xff,0xff,0xff,0xff,
    0xff,0xff,0xff,0xff,0xff,0xff,0xff,0xff,0xff,0xff,0xff,0xff,0xff,0xff,0xff,0xff,0xff,0xff,0xff,0xff,0xff,0xff,0xff,0xff,
    0xff,0xff,0xff,0xff,0xff,0xff,0xff,0xff,0xff,0xff,0xff,0xff,0xff,0xff,0xff,0xff,0xff,0xff,0xff,0xff,0xff,0x00,0x00,0x00,
    0x00,0xff,0xff,0xff,0xff,0xff,0xff,0xff,0xff,0xff,0xff,0xff,0xff,0xff,0xff,0xff,0xff,0xff,0xff,0xff,0xff,0xff,0xff,0xff,
    0xff,0xff,0xff,0xff,0xff,0xff,0xff,0xff,0xff,0xff,
};
inline constexpr Reference kRefs30[] = {
    {39, 43, Section::Writable, Node::Count, Binding::CriticalSection, nullptr},
    {50, 54, Section::ReadOnly, Node::Count, Binding::None, "EnterCriticalSection"},
    {82, 86, Section::Code, Node::SyncedData, Binding::None, nullptr},
    {126, 130, Section::Code, Node::Count, Binding::None, nullptr},
    {136, 140, Section::Code, Node::Count, Binding::None, nullptr},
    {179, 183, Section::Code, Node::DesktopList, Binding::None, nullptr},
    {237, 241, Section::Code, Node::SyncedData, Binding::None, nullptr},
    {362, 366, Section::Code, Node::Reevaluate, Binding::None, nullptr},
    {417, 421, Section::Code, Node::Reevaluate, Binding::None, nullptr},
    {446, 450, Section::Code, Node::Count, Binding::None, nullptr},
    {467, 471, Section::Code, Node::Count, Binding::None, nullptr},
    {484, 488, Section::Writable, Node::Count, Binding::DesktopManager, nullptr},
    {510, 514, Section::Code, Node::Count, Binding::None, nullptr},
    {550, 554, Section::Code, Node::Count, Binding::None, nullptr},
    {615, 619, Section::Code, Node::InsertRelative, Binding::None, nullptr},
    {677, 681, Section::Code, Node::Count, Binding::None, nullptr},
    {703, 707, Section::Code, Node::Count, Binding::None, nullptr},
    {718, 722, Section::Code, Node::Count, Binding::None, nullptr},
    {728, 732, Section::Code, Node::Count, Binding::None, nullptr},
    {779, 783, Section::Code, Node::DesktopList, Binding::None, nullptr},
    {839, 843, Section::Code, Node::Count, Binding::None, nullptr},
    {849, 853, Section::Code, Node::Count, Binding::None, nullptr},
    {935, 939, Section::Code, Node::Count, Binding::None, nullptr},
    {976, 980, Section::Code, Node::Count, Binding::None, nullptr},
    {1014, 1018, Section::Code, Node::Count, Binding::None, nullptr},
    {1101, 1105, Section::Code, Node::Count, Binding::None, nullptr},
};
// UpdateScene
inline constexpr unsigned char kBytes31[] = {
    0x48,0x89,0x5c,0x24,0x08,0x48,0x89,0x74,0x24,0x18,0x57,0x48,0x83,0xec,0x20,0x48,0x8b,0xd9,0x48,0x8b,0x05,0x00,0x00,0x00,
    0x00,0x80,0x78,0x19,0x00,0x74,0x6b,0x48,0x8d,0x35,0x00,0x00,0x00,0x00,0x48,0x89,0x74,0x24,0x38,0x48,0x8b,0xce,0x48,0xff,
    0x15,0x00,0x00,0x00,0x00,0x0f,0x1f,0x44,0x00,0x00,0x90,0x48,0x8b,0x3d,0x00,0x00,0x00,0x00,0x48,0xff,0x15,0x00,0x00,0x00,
    0x00,0x0f,0x1f,0x44,0x00,0x00,0x3b,0x87,0x60,0x04,0x00,0x00,0x74,0x17,0x48,0x8b,0x0d,0x00,0x00,0x00,0x00,0x48,0x8b,0x89,
    0xb8,0x00,0x00,0x00,0xe8,0x00,0x00,0x00,0x00,0x85,0xc0,0x7f,0x6c,0x48,0x8b,0xcb,0xe8,0x00,0x00,0x00,0x00,0x8b,0xd8,0x85,
    0xc0,0x78,0x22,0x48,0x8b,0xce,0x48,0xff,0x15,0x00,0x00,0x00,0x00,0x0f,0x1f,0x44,0x00,0x00,0x33,0xc0,0x48,0x8b,0x5c,0x24,
    0x30,0x48,0x8b,0x74,0x24,0x40,0x48,0x83,0xc4,0x20,0x5f,0xc3,0xcc,0x48,0x8b,0x4c,0x24,0x28,0x44,0x8b,0xcb,0x4c,0x8d,0x05,
    0x00,0x00,0x00,0x00,0xba,0xa6,0x1a,0x00,0x00,0xe8,0x00,0x00,0x00,0x00,0x90,0x48,0x8b,0xce,0x48,0xff,0x15,0x00,0x00,0x00,
    0x00,0x0f,0x1f,0x44,0x00,0x00,0x8b,0xc3,0x48,0x8b,0x5c,0x24,0x30,0x48,0x8b,0x74,0x24,0x40,0x48,0x83,0xc4,0x20,0x5f,0xc3,
    0xcc,0xe8,0x00,0x00,0x00,0x00,0x90,0x48,0x8b,0xf8,0x48,0x85,0xc0,0x74,0x86,0x48,0x8b,0xc8,0xe8,0x00,0x00,0x00,0x00,0x48,
    0x8b,0xcf,0x84,0xc0,0x74,0x0a,0xe8,0x00,0x00,0x00,0x00,0xe9,0x7b,0xff,0xff,0xff,0xe8,0x00,0x00,0x00,0x00,0xe9,0x63,0xff,
    0xff,0xff,
};
inline constexpr unsigned char kMask31[] = {
    0xff,0xff,0xff,0xff,0xff,0xff,0xff,0xff,0xff,0xff,0xff,0xff,0xff,0xff,0xff,0xff,0xff,0xff,0xff,0xff,0xff,0x00,0x00,0x00,
    0x00,0xff,0xff,0xff,0xff,0xff,0xff,0xff,0xff,0xff,0x00,0x00,0x00,0x00,0xff,0xff,0xff,0xff,0xff,0xff,0xff,0xff,0xff,0xff,
    0xff,0x00,0x00,0x00,0x00,0xff,0xff,0xff,0xff,0xff,0xff,0xff,0xff,0xff,0x00,0x00,0x00,0x00,0xff,0xff,0xff,0x00,0x00,0x00,
    0x00,0xff,0xff,0xff,0xff,0xff,0xff,0xff,0xff,0xff,0xff,0xff,0xff,0xff,0xff,0xff,0xff,0x00,0x00,0x00,0x00,0xff,0xff,0xff,
    0xff,0xff,0xff,0xff,0xff,0x00,0x00,0x00,0x00,0xff,0xff,0xff,0xff,0xff,0xff,0xff,0xff,0x00,0x00,0x00,0x00,0xff,0xff,0xff,
    0xff,0xff,0xff,0xff,0xff,0xff,0xff,0xff,0xff,0x00,0x00,0x00,0x00,0xff,0xff,0xff,0xff,0xff,0xff,0xff,0xff,0xff,0xff,0xff,
    0xff,0xff,0xff,0xff,0xff,0xff,0xff,0xff,0xff,0xff,0xff,0xff,0xff,0xff,0xff,0xff,0xff,0xff,0xff,0xff,0xff,0xff,0xff,0xff,
    0x00,0x00,0x00,0x00,0xff,0xff,0xff,0xff,0xff,0xff,0x00,0x00,0x00,0x00,0xff,0xff,0xff,0xff,0xff,0xff,0xff,0x00,0x00,0x00,
    0x00,0xff,0xff,0xff,0xff,0xff,0xff,0xff,0xff,0xff,0xff,0xff,0xff,0xff,0xff,0xff,0xff,0xff,0xff,0xff,0xff,0xff,0xff,0xff,
    0xff,0xff,0x00,0x00,0x00,0x00,0xff,0xff,0xff,0xff,0xff,0xff,0xff,0xff,0xff,0xff,0xff,0xff,0xff,0x00,0x00,0x00,0x00,0xff,
    0xff,0xff,0xff,0xff,0xff,0xff,0xff,0x00,0x00,0x00,0x00,0xff,0xff,0xff,0xff,0xff,0xff,0x00,0x00,0x00,0x00,0xff,0xff,0xff,
    0xff,0xff,
};
inline constexpr Reference kRefs31[] = {
    {21, 25, Section::Writable, Node::Count, Binding::DesktopManager, nullptr},
    {34, 38, Section::Writable, Node::Count, Binding::CriticalSection, nullptr},
    {49, 53, Section::ReadOnly, Node::Count, Binding::None, "EnterCriticalSection"},
    {62, 66, Section::Writable, Node::Count, Binding::DesktopManager, nullptr},
    {69, 73, Section::ReadOnly, Node::Count, Binding::None, "GetCurrentThreadId"},
    {89, 93, Section::Writable, Node::Count, Binding::DesktopManager, nullptr},
    {101, 105, Section::Code, Node::Count, Binding::None, nullptr},
    {113, 117, Section::Code, Node::Count, Binding::None, nullptr},
    {129, 133, Section::ReadOnly, Node::Count, Binding::None, "LeaveCriticalSection"},
    {168, 172, Section::ReadOnly, Node::Count, Binding::None, nullptr},
    {178, 182, Section::Code, Node::Count, Binding::None, nullptr},
    {189, 193, Section::ReadOnly, Node::Count, Binding::None, "LeaveCriticalSection"},
    {218, 222, Section::Code, Node::Count, Binding::None, nullptr},
    {235, 239, Section::Code, Node::Count, Binding::None, nullptr},
    {247, 251, Section::Code, Node::Count, Binding::None, nullptr},
    {257, 261, Section::Code, Node::Count, Binding::None, nullptr},
};
// DestroyWindow
inline constexpr unsigned char kBytes32[] = {
    0x48,0x89,0x5c,0x24,0x08,0x55,0x56,0x57,0x48,0x8b,0xec,0x48,0x83,0xec,0x30,0x48,0x8b,0xda,0x48,0x8b,0xf9,0x48,0x8d,0x35,
    0x00,0x00,0x00,0x00,0x48,0x89,0x75,0xf0,0x48,0x8b,0xce,0x48,0xff,0x15,0x00,0x00,0x00,0x00,0x0f,0x1f,0x44,0x00,0x00,0x90,
    0x48,0x83,0x65,0x30,0x00,0x4c,0x8d,0x4d,0x30,0x41,0xb0,0x01,0x48,0x8b,0xd3,0x48,0x8b,0xcf,0xe8,0x00,0x00,0x00,0x00,0x48,
    0x8b,0x55,0x30,0x48,0x85,0xd2,0x0f,0x84,0xda,0x00,0x00,0x00,0x48,0x8b,0x4a,0x18,0x48,0x85,0xc9,0x74,0x1a,0x48,0x8b,0x01,
    0x33,0xd2,0x48,0x8b,0x00,0xe8,0x00,0x00,0x00,0x00,0x48,0x8b,0x45,0x30,0x48,0x83,0x60,0x18,0x00,0x48,0x8b,0x55,0x30,0x48,
    0x8b,0x5a,0x28,0xf6,0x82,0xa4,0x02,0x00,0x00,0x02,0x74,0x18,0x48,0x8d,0x45,0x30,0x48,0x89,0x45,0x38,0x48,0x8d,0x55,0x38,
    0x48,0x8b,0xcf,0xe8,0x00,0x00,0x00,0x00,0x48,0x8b,0x55,0x30,0x48,0x8b,0x05,0x00,0x00,0x00,0x00,0x48,0x8b,0x88,0xd0,0x01,
    0x00,0x00,0x48,0x8b,0x01,0x48,0x8b,0x80,0xc0,0x00,0x00,0x00,0xe8,0x00,0x00,0x00,0x00,0x48,0x8b,0x4d,0x18,0x85,0xc0,0x79,
    0x14,0x44,0x8b,0xc8,0x4c,0x8d,0x05,0x00,0x00,0x00,0x00,0xba,0x58,0x09,0x00,0x00,0xe8,0x00,0x00,0x00,0x00,0x48,0x8b,0x45,
    0x30,0xf6,0x80,0xa0,0x02,0x00,0x00,0x04,0x75,0x34,0x48,0x8b,0x10,0x48,0x8b,0x48,0x08,0x48,0x39,0x42,0x08,0x75,0x5e,0x48,
    0x39,0x01,0x75,0x59,0x48,0x89,0x11,0x48,0x89,0x4a,0x08,0x48,0x8b,0x45,0x30,0x48,0x89,0x40,0x08,0x48,0x8b,0x45,0x30,0x48,
    0x89,0x00,0x48,0x8b,0x55,0x30,0x48,0x8b,0xcf,0xe8,0x00,0x00,0x00,0x00,0x48,0x8b,0x8f,0x10,0x02,0x00,0x00,0x48,0x85,0xc9,
    0x74,0x0c,0x48,0x3b,0x59,0x08,0x75,0x06,0xe8,0x00,0x00,0x00,0x00,0x90,0x48,0x8b,0xce,0x48,0xff,0x15,0x00,0x00,0x00,0x00,
    0x0f,0x1f,0x44,0x00,0x00,0x33,0xc0,0x48,0x8b,0x5c,0x24,0x50,0x48,0x83,0xc4,0x30,0x5f,0x5e,0x5d,0xc3,0xcc,0xb9,0x03,0x00,
    0x00,0x00,0xcd,0x29,
};
inline constexpr unsigned char kMask32[] = {
    0xff,0xff,0xff,0xff,0xff,0xff,0xff,0xff,0xff,0xff,0xff,0xff,0xff,0xff,0xff,0xff,0xff,0xff,0xff,0xff,0xff,0xff,0xff,0xff,
    0x00,0x00,0x00,0x00,0xff,0xff,0xff,0xff,0xff,0xff,0xff,0xff,0xff,0xff,0x00,0x00,0x00,0x00,0xff,0xff,0xff,0xff,0xff,0xff,
    0xff,0xff,0xff,0xff,0xff,0xff,0xff,0xff,0xff,0xff,0xff,0xff,0xff,0xff,0xff,0xff,0xff,0xff,0xff,0x00,0x00,0x00,0x00,0xff,
    0xff,0xff,0xff,0xff,0xff,0xff,0xff,0xff,0xff,0xff,0xff,0xff,0xff,0xff,0xff,0xff,0xff,0xff,0xff,0xff,0xff,0xff,0xff,0xff,
    0xff,0xff,0xff,0xff,0xff,0xff,0x00,0x00,0x00,0x00,0xff,0xff,0xff,0xff,0xff,0xff,0xff,0xff,0xff,0xff,0xff,0xff,0xff,0xff,
    0xff,0xff,0xff,0xff,0xff,0xff,0xff,0xff,0xff,0xff,0xff,0xff,0xff,0xff,0xff,0xff,0xff,0xff,0xff,0xff,0xff,0xff,0xff,0xff,
    0xff,0xff,0xff,0xff,0x00,0x00,0x00,0x00,0xff,0xff,0xff,0xff,0xff,0xff,0xff,0x00,0x00,0x00,0x00,0xff,0xff,0xff,0xff,0xff,
    0xff,0xff,0xff,0xff,0xff,0xff,0xff,0xff,0xff,0xff,0xff,0xff,0xff,0x00,0x00,0x00,0x00,0xff,0xff,0xff,0xff,0xff,0xff,0xff,
    0xff,0xff,0xff,0xff,0xff,0xff,0xff,0x00,0x00,0x00,0x00,0xff,0xff,0xff,0xff,0xff,0xff,0x00,0x00,0x00,0x00,0xff,0xff,0xff,
    0xff,0xff,0xff,0xff,0xff,0xff,0xff,0xff,0xff,0xff,0xff,0xff,0xff,0xff,0xff,0xff,0xff,0xff,0xff,0xff,0xff,0xff,0xff,0xff,
    0xff,0xff,0xff,0xff,0xff,0xff,0xff,0xff,0xff,0xff,0xff,0xff,0xff,0xff,0xff,0xff,0xff,0xff,0xff,0xff,0xff,0xff,0xff,0xff,
    0xff,0xff,0xff,0xff,0xff,0xff,0xff,0xff,0xff,0xff,0x00,0x00,0x00,0x00,0xff,0xff,0xff,0xff,0xff,0xff,0xff,0xff,0xff,0xff,
    0xff,0xff,0xff,0xff,0xff,0xff,0xff,0xff,0xff,0x00,0x00,0x00,0x00,0xff,0xff,0xff,0xff,0xff,0xff,0xff,0x00,0x00,0x00,0x00,
    0xff,0xff,0xff,0xff,0xff,0xff,0xff,0xff,0xff,0xff,0xff,0xff,0xff,0xff,0xff,0xff,0xff,0xff,0xff,0xff,0xff,0xff,0xff,0xff,
    0xff,0xff,0xff,0xff,
};
inline constexpr Reference kRefs32[] = {
    {24, 28, Section::Writable, Node::Count, Binding::CriticalSection, nullptr},
    {38, 42, Section::ReadOnly, Node::Count, Binding::None, "EnterCriticalSection"},
    {67, 71, Section::Code, Node::SyncedData, Binding::None, nullptr},
    {102, 106, Section::Code, Node::Count, Binding::None, nullptr},
    {148, 152, Section::Code, Node::Count, Binding::None, nullptr},
    {159, 163, Section::Writable, Node::Count, Binding::DesktopManager, nullptr},
    {181, 185, Section::Code, Node::Count, Binding::None, nullptr},
    {199, 203, Section::ReadOnly, Node::Count, Binding::None, nullptr},
    {209, 213, Section::Code, Node::Count, Binding::None, nullptr},
    {274, 278, Section::Code, Node::Count, Binding::None, nullptr},
    {297, 301, Section::Code, Node::Count, Binding::None, nullptr},
    {308, 312, Section::ReadOnly, Node::Count, Binding::None, "LeaveCriticalSection"},
};
// SyncedData
inline constexpr unsigned char kBytes33[] = {
    0x48,0x89,0x5c,0x24,0x08,0x48,0x89,0x6c,0x24,0x18,0x56,0x57,0x41,0x56,0x48,0x83,0xec,0x20,0x48,0x8b,0x02,0x48,0x8b,0xe9,
    0x48,0x8b,0xca,0x4d,0x8b,0xf1,0x41,0x8a,0xf0,0x48,0x8b,0xfa,0x48,0x8b,0x40,0x08,0xe8,0x00,0x00,0x00,0x00,0x48,0x8b,0xd8,
    0x48,0x85,0xc0,0x75,0x73,0x40,0x84,0xf6,0x74,0x14,0x48,0x8b,0x0f,0x48,0x8b,0x41,0x10,0x48,0x8b,0xcf,0xe8,0x00,0x00,0x00,
    0x00,0x48,0x85,0xc0,0x74,0x5a,0xb9,0x60,0x03,0x00,0x00,0xe8,0x00,0x00,0x00,0x00,0x48,0x89,0x44,0x24,0x48,0x48,0x85,0xc0,
    0x74,0x5d,0x48,0x8b,0xc8,0xe8,0x00,0x00,0x00,0x00,0x48,0x8b,0xd8,0x48,0x85,0xc0,0x74,0x4d,0x48,0x89,0x78,0x18,0x48,0x8b,
    0xd3,0x48,0x8b,0x07,0x48,0x8b,0xcf,0x48,0x8b,0x00,0xe8,0x00,0x00,0x00,0x00,0x48,0x8b,0x07,0x48,0x8b,0xcf,0x48,0x8b,0x40,
    0x18,0xe8,0x00,0x00,0x00,0x00,0x4c,0x8b,0xc3,0x48,0x89,0x43,0x28,0x48,0x8b,0xd7,0x48,0x8b,0xcd,0xe8,0x00,0x00,0x00,0x00,
    0x48,0x8b,0x6c,0x24,0x50,0x49,0x89,0x1e,0x48,0x8b,0x5c,0x24,0x40,0x48,0x83,0xc4,0x20,0x41,0x5e,0x5f,0x5e,0xc3,0xcc,0x48,
    0x8b,0x4c,0x24,0x38,0x4c,0x8d,0x05,0x00,0x00,0x00,0x00,0xba,0xb4,0x08,0x00,0x00,0xe8,0x00,0x00,0x00,0x00,
};
inline constexpr unsigned char kMask33[] = {
    0xff,0xff,0xff,0xff,0xff,0xff,0xff,0xff,0xff,0xff,0xff,0xff,0xff,0xff,0xff,0xff,0xff,0xff,0xff,0xff,0xff,0xff,0xff,0xff,
    0xff,0xff,0xff,0xff,0xff,0xff,0xff,0xff,0xff,0xff,0xff,0xff,0xff,0xff,0xff,0xff,0xff,0x00,0x00,0x00,0x00,0xff,0xff,0xff,
    0xff,0xff,0xff,0xff,0xff,0xff,0xff,0xff,0xff,0xff,0xff,0xff,0xff,0xff,0xff,0xff,0xff,0xff,0xff,0xff,0xff,0x00,0x00,0x00,
    0x00,0xff,0xff,0xff,0xff,0xff,0xff,0xff,0xff,0xff,0xff,0xff,0x00,0x00,0x00,0x00,0xff,0xff,0xff,0xff,0xff,0xff,0xff,0xff,
    0xff,0xff,0xff,0xff,0xff,0xff,0x00,0x00,0x00,0x00,0xff,0xff,0xff,0xff,0xff,0xff,0xff,0xff,0xff,0xff,0xff,0xff,0xff,0xff,
    0xff,0xff,0xff,0xff,0xff,0xff,0xff,0xff,0xff,0xff,0xff,0x00,0x00,0x00,0x00,0xff,0xff,0xff,0xff,0xff,0xff,0xff,0xff,0xff,
    0xff,0xff,0x00,0x00,0x00,0x00,0xff,0xff,0xff,0xff,0xff,0xff,0xff,0xff,0xff,0xff,0xff,0xff,0xff,0xff,0x00,0x00,0x00,0x00,
    0xff,0xff,0xff,0xff,0xff,0xff,0xff,0xff,0xff,0xff,0xff,0xff,0xff,0xff,0xff,0xff,0xff,0xff,0xff,0xff,0xff,0xff,0xff,0xff,
    0xff,0xff,0xff,0xff,0xff,0xff,0xff,0x00,0x00,0x00,0x00,0xff,0xff,0xff,0xff,0xff,0xff,0x00,0x00,0x00,0x00,
};
inline constexpr Reference kRefs33[] = {
    {41, 45, Section::Code, Node::Count, Binding::None, nullptr},
    {69, 73, Section::Code, Node::Count, Binding::None, nullptr},
    {84, 88, Section::Code, Node::Count, Binding::None, nullptr},
    {102, 106, Section::Code, Node::Count, Binding::None, nullptr},
    {131, 135, Section::Code, Node::Count, Binding::None, nullptr},
    {146, 150, Section::Code, Node::Count, Binding::None, nullptr},
    {164, 168, Section::Code, Node::Count, Binding::None, nullptr},
    {199, 203, Section::ReadOnly, Node::Count, Binding::None, nullptr},
    {209, 213, Section::Code, Node::Count, Binding::None, nullptr},
};
// Reevaluate
inline constexpr unsigned char kBytes34[] = {
    0x48,0x8b,0xc4,0x48,0x89,0x58,0x08,0x48,0x89,0x68,0x20,0x56,0x57,0x41,0x56,0x48,0x81,0xec,0x80,0x00,0x00,0x00,0x41,0x0f,
    0xb6,0xe8,0x48,0x8b,0xfa,0x4c,0x8b,0xf1,0x48,0x39,0x12,0x0f,0x84,0xfb,0x00,0x00,0x00,0x0f,0x57,0xc0,0x48,0xc7,0x40,0xc8,
    0xff,0xff,0xff,0xff,0x66,0x0f,0x7f,0x40,0x98,0x33,0xdb,0x48,0x89,0x58,0x90,0x0f,0x57,0xc9,0x66,0x0f,0x7f,0x48,0xa8,0x48,
    0x83,0xc1,0x08,0x66,0x0f,0x7f,0x40,0xb8,0x88,0x58,0xd0,0x0f,0x11,0x40,0xd8,0x48,0x8b,0x82,0x88,0x00,0x00,0x00,0x48,0x8d,
    0x54,0x24,0x20,0x48,0x89,0x44,0x24,0x20,0x48,0xff,0x15,0x00,0x00,0x00,0x00,0x0f,0x1f,0x44,0x00,0x00,0x48,0x85,0xc0,0x48,
    0x8d,0x70,0x50,0x48,0x0f,0x44,0xf3,0x48,0x8b,0xdf,0x40,0x84,0xed,0x75,0x33,0xf6,0x83,0xa0,0x02,0x00,0x00,0x01,0x75,0x17,
    0x48,0x8b,0x1b,0x40,0x32,0xed,0x48,0x85,0xdb,0x74,0x40,0x48,0x3b,0xde,0x74,0x3b,0x48,0x3b,0xdf,0x75,0xe2,0xeb,0x34,0x48,
    0x8b,0x83,0xb8,0x01,0x00,0x00,0x48,0x85,0xc0,0x74,0xdd,0x48,0x83,0x78,0x18,0x00,0x74,0xd6,0x48,0x8b,0xd6,0x48,0x8b,0xcb,
    0xe8,0x00,0x00,0x00,0x00,0x0f,0xb6,0x8b,0xa6,0x02,0x00,0x00,0xc0,0xe9,0x04,0x80,0xe1,0x01,0x3a,0xc1,0x75,0x20,0x40,0x84,
    0xed,0x75,0x7d,0x33,0xc0,0x4c,0x8d,0x9c,0x24,0x80,0x00,0x00,0x00,0x49,0x8b,0x5b,0x20,0x49,0x8b,0x6b,0x38,0x49,0x8b,0xe3,
    0x41,0x5e,0x5f,0x5e,0xc3,0xcc,0x48,0x8b,0xd3,0xe8,0x00,0x00,0x00,0x00,0x8b,0xe8,0x85,0xc0,0x79,0x8c,0x48,0x8b,0x8c,0x24,
    0x98,0x00,0x00,0x00,0x4c,0x8d,0x05,0x00,0x00,0x00,0x00,0x44,0x8b,0xc8,0xba,0x02,0x20,0x00,0x00,0xe8,0x00,0x00,0x00,0x00,
    0x8b,0xc5,0xeb,0xb9,0xf6,0x82,0xa6,0x02,0x00,0x00,0x10,0x74,0xae,0xe8,0x00,0x00,0x00,0x00,0x8b,0xd8,0x85,0xc0,0x79,0xa3,
    0x48,0x8b,0x8c,0x24,0x98,0x00,0x00,0x00,0x4c,0x8d,0x05,0x00,0x00,0x00,0x00,0x44,0x8b,0xc8,0xba,0xf2,0x1f,0x00,0x00,0xe8,
    0x00,0x00,0x00,0x00,0x8b,0xc3,0xeb,0x85,0x48,0x8b,0xd3,0x49,0x8b,0xce,0xe8,0x00,0x00,0x00,0x00,0x8b,0xe8,0x85,0xc0,0x0f,
    0x89,0x23,0xff,0xff,0xff,0x48,0x8b,0x8c,0x24,0x98,0x00,0x00,0x00,0x4c,0x8d,0x05,0x00,0x00,0x00,0x00,0x44,0x8b,0xc8,0xba,
    0x09,0x20,0x00,0x00,0xe8,0x00,0x00,0x00,0x00,0x8b,0xc5,0xe9,0x4d,0xff,0xff,0xff,
};
inline constexpr unsigned char kMask34[] = {
    0xff,0xff,0xff,0xff,0xff,0xff,0xff,0xff,0xff,0xff,0xff,0xff,0xff,0xff,0xff,0xff,0xff,0xff,0xff,0xff,0xff,0xff,0xff,0xff,
    0xff,0xff,0xff,0xff,0xff,0xff,0xff,0xff,0xff,0xff,0xff,0xff,0xff,0xff,0xff,0xff,0xff,0xff,0xff,0xff,0xff,0xff,0xff,0xff,
    0xff,0xff,0xff,0xff,0xff,0xff,0xff,0xff,0xff,0xff,0xff,0xff,0xff,0xff,0xff,0xff,0xff,0xff,0xff,0xff,0xff,0xff,0xff,0xff,
    0xff,0xff,0xff,0xff,0xff,0xff,0xff,0xff,0xff,0xff,0xff,0xff,0xff,0xff,0xff,0xff,0xff,0xff,0xff,0xff,0xff,0xff,0xff,0xff,
    0xff,0xff,0xff,0xff,0xff,0xff,0xff,0xff,0xff,0xff,0xff,0x00,0x00,0x00,0x00,0xff,0xff,0xff,0xff,0xff,0xff,0xff,0xff,0xff,
    0xff,0xff,0xff,0xff,0xff,0xff,0xff,0xff,0xff,0xff,0xff,0xff,0xff,0xff,0xff,0xff,0xff,0xff,0xff,0xff,0xff,0xff,0xff,0xff,
    0xff,0xff,0xff,0xff,0xff,0xff,0xff,0xff,0xff,0xff,0xff,0xff,0xff,0xff,0xff,0xff,0xff,0xff,0xff,0xff,0xff,0xff,0xff,0xff,
    0xff,0xff,0xff,0xff,0xff,0xff,0xff,0xff,0xff,0xff,0xff,0xff,0xff,0xff,0xff,0xff,0xff,0xff,0xff,0xff,0xff,0xff,0xff,0xff,
    0xff,0x00,0x00,0x00,0x00,0xff,0xff,0xff,0xff,0xff,0xff,0xff,0xff,0xff,0xff,0xff,0xff,0xff,0xff,0xff,0xff,0xff,0xff,0xff,
    0xff,0xff,0xff,0xff,0xff,0xff,0xff,0xff,0xff,0xff,0xff,0xff,0xff,0xff,0xff,0xff,0xff,0xff,0xff,0xff,0xff,0xff,0xff,0xff,
    0xff,0xff,0xff,0xff,0xff,0xff,0xff,0xff,0xff,0xff,0x00,0x00,0x00,0x00,0xff,0xff,0xff,0xff,0xff,0xff,0xff,0xff,0xff,0xff,
    0xff,0xff,0xff,0xff,0xff,0xff,0xff,0x00,0x00,0x00,0x00,0xff,0xff,0xff,0xff,0xff,0xff,0xff,0xff,0xff,0x00,0x00,0x00,0x00,
    0xff,0xff,0xff,0xff,0xff,0xff,0xff,0xff,0xff,0xff,0xff,0xff,0xff,0xff,0x00,0x00,0x00,0x00,0xff,0xff,0xff,0xff,0xff,0xff,
    0xff,0xff,0xff,0xff,0xff,0xff,0xff,0xff,0xff,0xff,0xff,0x00,0x00,0x00,0x00,0xff,0xff,0xff,0xff,0xff,0xff,0xff,0xff,0xff,
    0x00,0x00,0x00,0x00,0xff,0xff,0xff,0xff,0xff,0xff,0xff,0xff,0xff,0xff,0xff,0x00,0x00,0x00,0x00,0xff,0xff,0xff,0xff,0xff,
    0xff,0xff,0xff,0xff,0xff,0xff,0xff,0xff,0xff,0xff,0xff,0xff,0xff,0xff,0xff,0xff,0x00,0x00,0x00,0x00,0xff,0xff,0xff,0xff,
    0xff,0xff,0xff,0xff,0xff,0x00,0x00,0x00,0x00,0xff,0xff,0xff,0xff,0xff,0xff,0xff,
};
inline constexpr Reference kRefs34[] = {
    {107, 111, Section::ReadOnly, Node::Count, Binding::None, "RtlLookupElementGenericTable"},
    {193, 197, Section::Code, Node::Count, Binding::None, nullptr},
    {250, 254, Section::Code, Node::Count, Binding::None, nullptr},
    {271, 275, Section::ReadOnly, Node::Count, Binding::None, nullptr},
    {284, 288, Section::Code, Node::Count, Binding::None, nullptr},
    {302, 306, Section::Code, Node::Count, Binding::None, nullptr},
    {323, 327, Section::ReadOnly, Node::Count, Binding::None, nullptr},
    {336, 340, Section::Code, Node::Count, Binding::None, nullptr},
    {351, 355, Section::Code, Node::InsertTree, Binding::None, nullptr},
    {376, 380, Section::ReadOnly, Node::Count, Binding::None, nullptr},
    {389, 393, Section::Code, Node::Count, Binding::None, nullptr},
};
// InsertTree
inline constexpr unsigned char kBytes35[] = {
    0x48,0x8b,0xc4,0x48,0x89,0x58,0x08,0x48,0x89,0x70,0x10,0x57,0x48,0x81,0xec,0x80,0x00,0x00,0x00,0xf6,0x82,0xa6,0x02,0x00,
    0x00,0x10,0x48,0x8b,0xda,0x48,0x8b,0xf1,0x0f,0x85,0xbc,0x00,0x00,0x00,0x48,0x83,0x60,0xa0,0x00,0x0f,0x57,0xc0,0x48,0x83,
    0x48,0xd8,0xff,0x0f,0x57,0xc9,0x66,0x0f,0x7f,0x40,0xa8,0x48,0x83,0xc1,0x08,0x66,0x0f,0x7f,0x48,0xb8,0x66,0x0f,0x7f,0x40,
    0xc8,0x0f,0x11,0x40,0xe8,0xc6,0x40,0xe0,0x00,0x48,0x8b,0x82,0x88,0x00,0x00,0x00,0x48,0x8d,0x54,0x24,0x20,0x48,0x89,0x44,
    0x24,0x20,0x48,0xff,0x15,0x00,0x00,0x00,0x00,0x0f,0x1f,0x44,0x00,0x00,0x48,0x85,0xc0,0x74,0x6b,0x48,0x8b,0x78,0x18,0x48,
    0x8b,0xd3,0x48,0x8b,0xce,0xe8,0x00,0x00,0x00,0x00,0x48,0x8b,0x93,0xb8,0x01,0x00,0x00,0x4c,0x8b,0xc0,0x48,0x8b,0xcf,0xe8,
    0x00,0x00,0x00,0x00,0x8b,0xf0,0x85,0xc0,0x78,0x24,0x48,0x8b,0x93,0xd0,0x01,0x00,0x00,0x48,0x85,0xd2,0x75,0x69,0x33,0xc0,
    0x4c,0x8d,0x9c,0x24,0x80,0x00,0x00,0x00,0x49,0x8b,0x5b,0x10,0x49,0x8b,0x73,0x18,0x49,0x8b,0xe3,0x5f,0xc3,0xcc,0x48,0x8b,
    0x8c,0x24,0x88,0x00,0x00,0x00,0x4c,0x8d,0x05,0x00,0x00,0x00,0x00,0x44,0x8b,0xce,0xba,0xec,0x0b,0x00,0x00,0xe8,0x00,0x00,
    0x00,0x00,0x8b,0xc6,0xeb,0xca,0x33,0xff,0xeb,0x95,0x48,0x8b,0x82,0x58,0x02,0x00,0x00,0x48,0x8b,0x88,0xb8,0x01,0x00,0x00,
    0x48,0x8b,0xb9,0xf8,0x00,0x00,0x00,0x8b,0x8f,0xb0,0x00,0x00,0x00,0x48,0x8b,0x87,0x98,0x00,0x00,0x00,0xff,0xc9,0x48,0x8b,
    0x04,0xc8,0xe9,0x73,0xff,0xff,0xff,0x48,0x83,0x7a,0x18,0x00,0x74,0x90,0x4c,0x8b,0x83,0xb8,0x01,0x00,0x00,0x48,0x8b,0xcf,
    0xe8,0x00,0x00,0x00,0x00,0x8b,0xd8,0x85,0xc0,0x0f,0x89,0x77,0xff,0xff,0xff,0x48,0x8b,0x8c,0x24,0x88,0x00,0x00,0x00,0x4c,
    0x8d,0x05,0x00,0x00,0x00,0x00,0x44,0x8b,0xc8,0xba,0xf0,0x0b,0x00,0x00,0xe8,0x00,0x00,0x00,0x00,0x8b,0xc3,0xe9,0x56,0xff,
    0xff,0xff,
};
inline constexpr unsigned char kMask35[] = {
    0xff,0xff,0xff,0xff,0xff,0xff,0xff,0xff,0xff,0xff,0xff,0xff,0xff,0xff,0xff,0xff,0xff,0xff,0xff,0xff,0xff,0xff,0xff,0xff,
    0xff,0xff,0xff,0xff,0xff,0xff,0xff,0xff,0xff,0xff,0xff,0xff,0xff,0xff,0xff,0xff,0xff,0xff,0xff,0xff,0xff,0xff,0xff,0xff,
    0xff,0xff,0xff,0xff,0xff,0xff,0xff,0xff,0xff,0xff,0xff,0xff,0xff,0xff,0xff,0xff,0xff,0xff,0xff,0xff,0xff,0xff,0xff,0xff,
    0xff,0xff,0xff,0xff,0xff,0xff,0xff,0xff,0xff,0xff,0xff,0xff,0xff,0xff,0xff,0xff,0xff,0xff,0xff,0xff,0xff,0xff,0xff,0xff,
    0xff,0xff,0xff,0xff,0xff,0x00,0x00,0x00,0x00,0xff,0xff,0xff,0xff,0xff,0xff,0xff,0xff,0xff,0xff,0xff,0xff,0xff,0xff,0xff,
    0xff,0xff,0xff,0xff,0xff,0xff,0x00,0x00,0x00,0x00,0xff,0xff,0xff,0xff,0xff,0xff,0xff,0xff,0xff,0xff,0xff,0xff,0xff,0xff,
    0x00,0x00,0x00,0x00,0xff,0xff,0xff,0xff,0xff,0xff,0xff,0xff,0xff,0xff,0xff,0xff,0xff,0xff,0xff,0xff,0xff,0xff,0xff,0xff,
    0xff,0xff,0xff,0xff,0xff,0xff,0xff,0xff,0xff,0xff,0xff,0xff,0xff,0xff,0xff,0xff,0xff,0xff,0xff,0xff,0xff,0xff,0xff,0xff,
    0xff,0xff,0xff,0xff,0xff,0xff,0xff,0xff,0xff,0x00,0x00,0x00,0x00,0xff,0xff,0xff,0xff,0xff,0xff,0xff,0xff,0xff,0x00,0x00,
    0x00,0x00,0xff,0xff,0xff,0xff,0xff,0xff,0xff,0xff,0xff,0xff,0xff,0xff,0xff,0xff,0xff,0xff,0xff,0xff,0xff,0xff,0xff,0xff,
    0xff,0xff,0xff,0xff,0xff,0xff,0xff,0xff,0xff,0xff,0xff,0xff,0xff,0xff,0xff,0xff,0xff,0xff,0xff,0xff,0xff,0xff,0xff,0xff,
    0xff,0xff,0xff,0xff,0xff,0xff,0xff,0xff,0xff,0xff,0xff,0xff,0xff,0xff,0xff,0xff,0xff,0xff,0xff,0xff,0xff,0xff,0xff,0xff,
    0xff,0x00,0x00,0x00,0x00,0xff,0xff,0xff,0xff,0xff,0xff,0xff,0xff,0xff,0xff,0xff,0xff,0xff,0xff,0xff,0xff,0xff,0xff,0xff,
    0xff,0xff,0x00,0x00,0x00,0x00,0xff,0xff,0xff,0xff,0xff,0xff,0xff,0xff,0xff,0x00,0x00,0x00,0x00,0xff,0xff,0xff,0xff,0xff,
    0xff,0xff,
};
inline constexpr Reference kRefs35[] = {
    {101, 105, Section::ReadOnly, Node::Count, Binding::None, "RtlLookupElementGenericTable"},
    {126, 130, Section::Code, Node::PrecedingVisual, Binding::None, nullptr},
    {144, 148, Section::Code, Node::InsertAfter, Binding::None, nullptr},
    {201, 205, Section::ReadOnly, Node::Count, Binding::None, nullptr},
    {214, 218, Section::Code, Node::Count, Binding::None, nullptr},
    {289, 293, Section::Code, Node::InsertAfter, Binding::None, nullptr},
    {314, 318, Section::ReadOnly, Node::Count, Binding::None, nullptr},
    {327, 331, Section::Code, Node::Count, Binding::None, nullptr},
};
// UpdateScene
inline constexpr unsigned char kBytes36[] = {
    0x48,0x89,0x5c,0x24,0x08,0x48,0x89,0x74,0x24,0x18,0x57,0x48,0x83,0xec,0x20,0x48,0x8b,0xd9,0x48,0x8b,0x05,0x00,0x00,0x00,
    0x00,0x80,0x78,0x19,0x00,0x74,0x6b,0x48,0x8d,0x35,0x00,0x00,0x00,0x00,0x48,0x89,0x74,0x24,0x38,0x48,0x8b,0xce,0x48,0xff,
    0x15,0x00,0x00,0x00,0x00,0x0f,0x1f,0x44,0x00,0x00,0x90,0x48,0x8b,0x3d,0x00,0x00,0x00,0x00,0x48,0xff,0x15,0x00,0x00,0x00,
    0x00,0x0f,0x1f,0x44,0x00,0x00,0x3b,0x87,0x60,0x04,0x00,0x00,0x74,0x17,0x48,0x8b,0x0d,0x00,0x00,0x00,0x00,0x48,0x8b,0x89,
    0xb8,0x00,0x00,0x00,0xe8,0x00,0x00,0x00,0x00,0x85,0xc0,0x7f,0x6c,0x48,0x8b,0xcb,0xe8,0x00,0x00,0x00,0x00,0x8b,0xd8,0x85,
    0xc0,0x78,0x22,0x48,0x8b,0xce,0x48,0xff,0x15,0x00,0x00,0x00,0x00,0x0f,0x1f,0x44,0x00,0x00,0x33,0xc0,0x48,0x8b,0x5c,0x24,
    0x30,0x48,0x8b,0x74,0x24,0x40,0x48,0x83,0xc4,0x20,0x5f,0xc3,0xcc,0x48,0x8b,0x4c,0x24,0x28,0x44,0x8b,0xcb,0x4c,0x8d,0x05,
    0x00,0x00,0x00,0x00,0xba,0xb8,0x1a,0x00,0x00,0xe8,0x00,0x00,0x00,0x00,0x90,0x48,0x8b,0xce,0x48,0xff,0x15,0x00,0x00,0x00,
    0x00,0x0f,0x1f,0x44,0x00,0x00,0x8b,0xc3,0x48,0x8b,0x5c,0x24,0x30,0x48,0x8b,0x74,0x24,0x40,0x48,0x83,0xc4,0x20,0x5f,0xc3,
    0xcc,0xe8,0x00,0x00,0x00,0x00,0x90,0x48,0x8b,0xf8,0x48,0x85,0xc0,0x74,0x86,0x48,0x8b,0xc8,0xe8,0x00,0x00,0x00,0x00,0x48,
    0x8b,0xcf,0x84,0xc0,0x74,0x0a,0xe8,0x00,0x00,0x00,0x00,0xe9,0x7b,0xff,0xff,0xff,0xe8,0x00,0x00,0x00,0x00,0xe9,0x63,0xff,
    0xff,0xff,
};
inline constexpr unsigned char kMask36[] = {
    0xff,0xff,0xff,0xff,0xff,0xff,0xff,0xff,0xff,0xff,0xff,0xff,0xff,0xff,0xff,0xff,0xff,0xff,0xff,0xff,0xff,0x00,0x00,0x00,
    0x00,0xff,0xff,0xff,0xff,0xff,0xff,0xff,0xff,0xff,0x00,0x00,0x00,0x00,0xff,0xff,0xff,0xff,0xff,0xff,0xff,0xff,0xff,0xff,
    0xff,0x00,0x00,0x00,0x00,0xff,0xff,0xff,0xff,0xff,0xff,0xff,0xff,0xff,0x00,0x00,0x00,0x00,0xff,0xff,0xff,0x00,0x00,0x00,
    0x00,0xff,0xff,0xff,0xff,0xff,0xff,0xff,0xff,0xff,0xff,0xff,0xff,0xff,0xff,0xff,0xff,0x00,0x00,0x00,0x00,0xff,0xff,0xff,
    0xff,0xff,0xff,0xff,0xff,0x00,0x00,0x00,0x00,0xff,0xff,0xff,0xff,0xff,0xff,0xff,0xff,0x00,0x00,0x00,0x00,0xff,0xff,0xff,
    0xff,0xff,0xff,0xff,0xff,0xff,0xff,0xff,0xff,0x00,0x00,0x00,0x00,0xff,0xff,0xff,0xff,0xff,0xff,0xff,0xff,0xff,0xff,0xff,
    0xff,0xff,0xff,0xff,0xff,0xff,0xff,0xff,0xff,0xff,0xff,0xff,0xff,0xff,0xff,0xff,0xff,0xff,0xff,0xff,0xff,0xff,0xff,0xff,
    0x00,0x00,0x00,0x00,0xff,0xff,0xff,0xff,0xff,0xff,0x00,0x00,0x00,0x00,0xff,0xff,0xff,0xff,0xff,0xff,0xff,0x00,0x00,0x00,
    0x00,0xff,0xff,0xff,0xff,0xff,0xff,0xff,0xff,0xff,0xff,0xff,0xff,0xff,0xff,0xff,0xff,0xff,0xff,0xff,0xff,0xff,0xff,0xff,
    0xff,0xff,0x00,0x00,0x00,0x00,0xff,0xff,0xff,0xff,0xff,0xff,0xff,0xff,0xff,0xff,0xff,0xff,0xff,0x00,0x00,0x00,0x00,0xff,
    0xff,0xff,0xff,0xff,0xff,0xff,0xff,0x00,0x00,0x00,0x00,0xff,0xff,0xff,0xff,0xff,0xff,0x00,0x00,0x00,0x00,0xff,0xff,0xff,
    0xff,0xff,
};
inline constexpr Reference kRefs36[] = {
    {21, 25, Section::Writable, Node::Count, Binding::DesktopManager, nullptr},
    {34, 38, Section::Writable, Node::Count, Binding::CriticalSection, nullptr},
    {49, 53, Section::ReadOnly, Node::Count, Binding::None, "EnterCriticalSection"},
    {62, 66, Section::Writable, Node::Count, Binding::DesktopManager, nullptr},
    {69, 73, Section::ReadOnly, Node::Count, Binding::None, "GetCurrentThreadId"},
    {89, 93, Section::Writable, Node::Count, Binding::DesktopManager, nullptr},
    {101, 105, Section::Code, Node::Count, Binding::None, nullptr},
    {113, 117, Section::Code, Node::Count, Binding::None, nullptr},
    {129, 133, Section::ReadOnly, Node::Count, Binding::None, "LeaveCriticalSection"},
    {168, 172, Section::ReadOnly, Node::Count, Binding::None, nullptr},
    {178, 182, Section::Code, Node::Count, Binding::None, nullptr},
    {189, 193, Section::ReadOnly, Node::Count, Binding::None, "LeaveCriticalSection"},
    {218, 222, Section::Code, Node::Count, Binding::None, nullptr},
    {235, 239, Section::Code, Node::Count, Binding::None, nullptr},
    {247, 251, Section::Code, Node::Count, Binding::None, nullptr},
    {257, 261, Section::Code, Node::Count, Binding::None, nullptr},
};
// Reevaluate
inline constexpr unsigned char kBytes37[] = {
    0x48,0x8b,0xc4,0x48,0x89,0x58,0x08,0x48,0x89,0x68,0x20,0x56,0x57,0x41,0x56,0x48,0x81,0xec,0x80,0x00,0x00,0x00,0x41,0x0f,
    0xb6,0xe8,0x48,0x8b,0xfa,0x4c,0x8b,0xf1,0x48,0x39,0x12,0x0f,0x84,0xfb,0x00,0x00,0x00,0x0f,0x57,0xc0,0x48,0xc7,0x40,0xc8,
    0xff,0xff,0xff,0xff,0x66,0x0f,0x7f,0x40,0x98,0x33,0xdb,0x48,0x89,0x58,0x90,0x0f,0x57,0xc9,0x66,0x0f,0x7f,0x48,0xa8,0x48,
    0x83,0xc1,0x08,0x66,0x0f,0x7f,0x40,0xb8,0x88,0x58,0xd0,0x0f,0x11,0x40,0xd8,0x48,0x8b,0x82,0x88,0x00,0x00,0x00,0x48,0x8d,
    0x54,0x24,0x20,0x48,0x89,0x44,0x24,0x20,0x48,0xff,0x15,0x00,0x00,0x00,0x00,0x0f,0x1f,0x44,0x00,0x00,0x48,0x85,0xc0,0x48,
    0x8d,0x70,0x50,0x48,0x0f,0x44,0xf3,0x48,0x8b,0xdf,0x40,0x84,0xed,0x75,0x33,0xf6,0x83,0xa0,0x02,0x00,0x00,0x01,0x75,0x17,
    0x48,0x8b,0x1b,0x40,0x32,0xed,0x48,0x85,0xdb,0x74,0x40,0x48,0x3b,0xde,0x74,0x3b,0x48,0x3b,0xdf,0x75,0xe2,0xeb,0x34,0x48,
    0x8b,0x83,0xb8,0x01,0x00,0x00,0x48,0x85,0xc0,0x74,0xdd,0x48,0x83,0x78,0x18,0x00,0x74,0xd6,0x48,0x8b,0xd6,0x48,0x8b,0xcb,
    0xe8,0x00,0x00,0x00,0x00,0x0f,0xb6,0x8b,0xa6,0x02,0x00,0x00,0xc0,0xe9,0x04,0x80,0xe1,0x01,0x3a,0xc1,0x75,0x20,0x40,0x84,
    0xed,0x75,0x7d,0x33,0xc0,0x4c,0x8d,0x9c,0x24,0x80,0x00,0x00,0x00,0x49,0x8b,0x5b,0x20,0x49,0x8b,0x6b,0x38,0x49,0x8b,0xe3,
    0x41,0x5e,0x5f,0x5e,0xc3,0xcc,0x48,0x8b,0xd3,0xe8,0x00,0x00,0x00,0x00,0x8b,0xe8,0x85,0xc0,0x79,0x8c,0x48,0x8b,0x8c,0x24,
    0x98,0x00,0x00,0x00,0x4c,0x8d,0x05,0x00,0x00,0x00,0x00,0x44,0x8b,0xc8,0xba,0x14,0x20,0x00,0x00,0xe8,0x00,0x00,0x00,0x00,
    0x8b,0xc5,0xeb,0xb9,0xf6,0x82,0xa6,0x02,0x00,0x00,0x10,0x74,0xae,0xe8,0x00,0x00,0x00,0x00,0x8b,0xd8,0x85,0xc0,0x79,0xa3,
    0x48,0x8b,0x8c,0x24,0x98,0x00,0x00,0x00,0x4c,0x8d,0x05,0x00,0x00,0x00,0x00,0x44,0x8b,0xc8,0xba,0x04,0x20,0x00,0x00,0xe8,
    0x00,0x00,0x00,0x00,0x8b,0xc3,0xeb,0x85,0x48,0x8b,0xd3,0x49,0x8b,0xce,0xe8,0x00,0x00,0x00,0x00,0x8b,0xe8,0x85,0xc0,0x0f,
    0x89,0x23,0xff,0xff,0xff,0x48,0x8b,0x8c,0x24,0x98,0x00,0x00,0x00,0x4c,0x8d,0x05,0x00,0x00,0x00,0x00,0x44,0x8b,0xc8,0xba,
    0x1b,0x20,0x00,0x00,0xe8,0x00,0x00,0x00,0x00,0x8b,0xc5,0xe9,0x4d,0xff,0xff,0xff,
};
inline constexpr unsigned char kMask37[] = {
    0xff,0xff,0xff,0xff,0xff,0xff,0xff,0xff,0xff,0xff,0xff,0xff,0xff,0xff,0xff,0xff,0xff,0xff,0xff,0xff,0xff,0xff,0xff,0xff,
    0xff,0xff,0xff,0xff,0xff,0xff,0xff,0xff,0xff,0xff,0xff,0xff,0xff,0xff,0xff,0xff,0xff,0xff,0xff,0xff,0xff,0xff,0xff,0xff,
    0xff,0xff,0xff,0xff,0xff,0xff,0xff,0xff,0xff,0xff,0xff,0xff,0xff,0xff,0xff,0xff,0xff,0xff,0xff,0xff,0xff,0xff,0xff,0xff,
    0xff,0xff,0xff,0xff,0xff,0xff,0xff,0xff,0xff,0xff,0xff,0xff,0xff,0xff,0xff,0xff,0xff,0xff,0xff,0xff,0xff,0xff,0xff,0xff,
    0xff,0xff,0xff,0xff,0xff,0xff,0xff,0xff,0xff,0xff,0xff,0x00,0x00,0x00,0x00,0xff,0xff,0xff,0xff,0xff,0xff,0xff,0xff,0xff,
    0xff,0xff,0xff,0xff,0xff,0xff,0xff,0xff,0xff,0xff,0xff,0xff,0xff,0xff,0xff,0xff,0xff,0xff,0xff,0xff,0xff,0xff,0xff,0xff,
    0xff,0xff,0xff,0xff,0xff,0xff,0xff,0xff,0xff,0xff,0xff,0xff,0xff,0xff,0xff,0xff,0xff,0xff,0xff,0xff,0xff,0xff,0xff,0xff,
    0xff,0xff,0xff,0xff,0xff,0xff,0xff,0xff,0xff,0xff,0xff,0xff,0xff,0xff,0xff,0xff,0xff,0xff,0xff,0xff,0xff,0xff,0xff,0xff,
    0xff,0x00,0x00,0x00,0x00,0xff,0xff,0xff,0xff,0xff,0xff,0xff,0xff,0xff,0xff,0xff,0xff,0xff,0xff,0xff,0xff,0xff,0xff,0xff,
    0xff,0xff,0xff,0xff,0xff,0xff,0xff,0xff,0xff,0xff,0xff,0xff,0xff,0xff,0xff,0xff,0xff,0xff,0xff,0xff,0xff,0xff,0xff,0xff,
    0xff,0xff,0xff,0xff,0xff,0xff,0xff,0xff,0xff,0xff,0x00,0x00,0x00,0x00,0xff,0xff,0xff,0xff,0xff,0xff,0xff,0xff,0xff,0xff,
    0xff,0xff,0xff,0xff,0xff,0xff,0xff,0x00,0x00,0x00,0x00,0xff,0xff,0xff,0xff,0xff,0xff,0xff,0xff,0xff,0x00,0x00,0x00,0x00,
    0xff,0xff,0xff,0xff,0xff,0xff,0xff,0xff,0xff,0xff,0xff,0xff,0xff,0xff,0x00,0x00,0x00,0x00,0xff,0xff,0xff,0xff,0xff,0xff,
    0xff,0xff,0xff,0xff,0xff,0xff,0xff,0xff,0xff,0xff,0xff,0x00,0x00,0x00,0x00,0xff,0xff,0xff,0xff,0xff,0xff,0xff,0xff,0xff,
    0x00,0x00,0x00,0x00,0xff,0xff,0xff,0xff,0xff,0xff,0xff,0xff,0xff,0xff,0xff,0x00,0x00,0x00,0x00,0xff,0xff,0xff,0xff,0xff,
    0xff,0xff,0xff,0xff,0xff,0xff,0xff,0xff,0xff,0xff,0xff,0xff,0xff,0xff,0xff,0xff,0x00,0x00,0x00,0x00,0xff,0xff,0xff,0xff,
    0xff,0xff,0xff,0xff,0xff,0x00,0x00,0x00,0x00,0xff,0xff,0xff,0xff,0xff,0xff,0xff,
};
inline constexpr Reference kRefs37[] = {
    {107, 111, Section::ReadOnly, Node::Count, Binding::None, "RtlLookupElementGenericTable"},
    {193, 197, Section::Code, Node::Count, Binding::None, nullptr},
    {250, 254, Section::Code, Node::Count, Binding::None, nullptr},
    {271, 275, Section::ReadOnly, Node::Count, Binding::None, nullptr},
    {284, 288, Section::Code, Node::Count, Binding::None, nullptr},
    {302, 306, Section::Code, Node::Count, Binding::None, nullptr},
    {323, 327, Section::ReadOnly, Node::Count, Binding::None, nullptr},
    {336, 340, Section::Code, Node::Count, Binding::None, nullptr},
    {351, 355, Section::Code, Node::InsertTree, Binding::None, nullptr},
    {376, 380, Section::ReadOnly, Node::Count, Binding::None, nullptr},
    {389, 393, Section::Code, Node::Count, Binding::None, nullptr},
};
// ZOrder
inline constexpr unsigned char kBytes38[] = {
    0x48,0x89,0x5c,0x24,0x08,0x48,0x89,0x74,0x24,0x10,0x48,0x89,0x7c,0x24,0x18,0x55,0x41,0x56,0x41,0x57,0x48,0x8b,0xec,0x48,
    0x83,0xec,0x40,0x4d,0x8b,0xf8,0x48,0x8b,0xda,0x4c,0x8b,0xf1,0x48,0x8d,0x0d,0x00,0x00,0x00,0x00,0x48,0x89,0x4d,0xf8,0x48,
    0xff,0x15,0x00,0x00,0x00,0x00,0x0f,0x1f,0x44,0x00,0x00,0x90,0x33,0xff,0x8b,0xf7,0x48,0x89,0x7d,0x38,0x4c,0x8d,0x4d,0x38,
    0x41,0xb0,0x01,0x48,0x8b,0xd3,0x49,0x8b,0xce,0xe8,0x00,0x00,0x00,0x00,0x48,0x8b,0x55,0x38,0x48,0x85,0xd2,0x75,0x49,0x48,
    0x89,0x7c,0x24,0x28,0xc7,0x44,0x24,0x20,0x17,0x0e,0x00,0x00,0x41,0xb9,0x06,0x00,0x07,0x80,0x41,0x8b,0xf1,0x45,0x33,0xc0,
    0x33,0xd2,0x8d,0x4a,0x14,0xe8,0x00,0x00,0x00,0x00,0x90,0x48,0x8d,0x4d,0xf8,0xe8,0x00,0x00,0x00,0x00,0x8b,0xc6,0x48,0x8b,
    0x5c,0x24,0x60,0x48,0x8b,0x74,0x24,0x68,0x48,0x8b,0x7c,0x24,0x70,0x48,0x83,0xc4,0x40,0x41,0x5f,0x41,0x5e,0x5d,0xc3,0xcc,
    0x48,0x8b,0x92,0x88,0x00,0x00,0x00,0x49,0x8b,0xce,0xe8,0x00,0x00,0x00,0x00,0x48,0x8b,0xd8,0x48,0x85,0xc0,0x75,0x17,0xbe,
    0x0e,0x00,0x07,0x80,0x48,0x89,0x7c,0x24,0x28,0xc7,0x44,0x24,0x20,0x1a,0x0e,0x00,0x00,0x44,0x8b,0xce,0xeb,0x9f,0x48,0x89,
    0x5d,0xf0,0x4d,0x85,0xff,0x74,0x2d,0x4c,0x8d,0x4d,0xf0,0x41,0xb0,0x01,0x49,0x8b,0xd7,0x49,0x8b,0xce,0xe8,0x00,0x00,0x00,
    0x00,0x48,0x8b,0x45,0xf0,0x48,0x85,0xc0,0x75,0x12,0x48,0x89,0x7c,0x24,0x28,0xc7,0x44,0x24,0x20,0x25,0x0e,0x00,0x00,0xe9,
    0x60,0xff,0xff,0xff,0x48,0x8b,0x4d,0x38,0x48,0x3b,0x08,0x0f,0x84,0x6a,0xff,0xff,0xff,0x48,0x8b,0x11,0x4c,0x8b,0x41,0x08,
    0x48,0x39,0x4a,0x08,0x0f,0x85,0x41,0x03,0x00,0x00,0x49,0x39,0x08,0x0f,0x85,0x38,0x03,0x00,0x00,0x49,0x89,0x10,0x4c,0x89,
    0x42,0x08,0x48,0x8b,0x4d,0x38,0x4c,0x8b,0x00,0x49,0x39,0x40,0x08,0x0f,0x85,0x20,0x03,0x00,0x00,0x4c,0x89,0x01,0x48,0x89,
    0x41,0x08,0x49,0x89,0x48,0x08,0x48,0x89,0x08,0x48,0x85,0xd2,0x74,0x2b,0x48,0x3b,0xd3,0x74,0x26,0x45,0x33,0xc0,0x49,0x8b,
    0xce,0xe8,0x00,0x00,0x00,0x00,0x8b,0xf0,0x85,0xc0,0x79,0x15,0x48,0x89,0x7c,0x24,0x28,0xc7,0x44,0x24,0x20,0x33,0x0e,0x00,
    0x00,0x44,0x8b,0xc8,0xe9,0xec,0xfe,0xff,0xff,0x48,0x8b,0x55,0x38,0x48,0x39,0xba,0xb8,0x01,0x00,0x00,0x0f,0x84,0x46,0x01,
    0x00,0x00,0x41,0xb0,0x01,0x49,0x8b,0xce,0xe8,0x00,0x00,0x00,0x00,0x8b,0xf0,0x85,0xc0,0x0f,0x88,0xcf,0x01,0x00,0x00,0x48,
    0x8b,0x55,0x38,0x48,0x8b,0x92,0x88,0x00,0x00,0x00,0x49,0x8b,0xce,0xe8,0x00,0x00,0x00,0x00,0x48,0x8b,0xd8,0x48,0x8b,0x4d,
    0x38,0x33,0xd2,0x48,0x8b,0x89,0xc0,0x01,0x00,0x00,0xe8,0x00,0x00,0x00,0x00,0x8b,0xf0,0x85,0xc0,0x0f,0x88,0x8b,0x01,0x00,
    0x00,0x48,0x8b,0x0d,0x00,0x00,0x00,0x00,0x48,0x8b,0x89,0xd0,0x01,0x00,0x00,0x48,0x8b,0x11,0x48,0x8b,0x82,0xc8,0x00,0x00,
    0x00,0x48,0x8b,0x55,0x38,0xe8,0x00,0x00,0x00,0x00,0x8b,0xf0,0x85,0xc0,0x0f,0x88,0x4e,0x01,0x00,0x00,0x48,0x8b,0x55,0x38,
    0x49,0x3b,0x96,0xb8,0x02,0x00,0x00,0x75,0x2d,0x49,0x39,0xbe,0x18,0x02,0x00,0x00,0x74,0x24,0x49,0x8b,0xce,0xe8,0x00,0x00,
    0x00,0x00,0x8b,0xf0,0x85,0xc0,0x79,0x12,0x48,0x89,0x7c,0x24,0x28,0xc7,0x44,0x24,0x20,0x44,0x0e,0x00,0x00,0xe9,0x3f,0xff,
    0xff,0xff,0x48,0x8b,0x55,0x38,0x48,0x8b,0x82,0xd0,0x01,0x00,0x00,0x48,0x85,0xc0,0x74,0x35,0x48,0x8d,0x8b,0x90,0x00,0x00,
    0x00,0x41,0xb1,0x01,0x4c,0x8b,0x82,0xb8,0x01,0x00,0x00,0x48,0x8b,0xd0,0xe8,0x00,0x00,0x00,0x00,0x8b,0xf0,0x85,0xc0,0x79,
    0x12,0x48,0x89,0x7c,0x24,0x28,0xc7,0x44,0x24,0x20,0x4a,0x0e,0x00,0x00,0xe9,0xfe,0xfe,0xff,0xff,0x48,0x8b,0x55,0x38,0x48,
    0x8b,0x82,0xb8,0x01,0x00,0x00,0x48,0x85,0xc0,0x74,0x4d,0xf6,0x80,0xc9,0x00,0x00,0x00,0x10,0x74,0x44,0x48,0x89,0x7d,0xf0,
    0x48,0x8d,0x4d,0xf0,0xe8,0x00,0x00,0x00,0x00,0x48,0x8b,0x45,0x38,0x4c,0x8d,0x4d,0xf0,0x45,0x33,0xc0,0x48,0x8b,0x90,0x88,
    0x00,0x00,0x00,0x49,0x8b,0xce,0xe8,0x00,0x00,0x00,0x00,0x8b,0xf0,0x85,0xc0,0x78,0x65,0x48,0x8b,0x4d,0xf0,0xe8,0x00,0x00,
    0x00,0x00,0x90,0x48,0x8d,0x4d,0xf0,0xe8,0x00,0x00,0x00,0x00,0x48,0x8b,0x55,0x38,0x48,0x8b,0x9a,0x58,0x02,0x00,0x00,0x48,
    0x85,0xdb,0x0f,0x84,0x93,0xfd,0xff,0xff,0x83,0xbb,0x78,0x02,0x00,0x00,0x01,0x0f,0x86,0x86,0xfd,0xff,0xff,0x4c,0x8b,0xff,
    0x48,0x8b,0x92,0x88,0x00,0x00,0x00,0x49,0x8b,0xce,0xe8,0x00,0x00,0x00,0x00,0x48,0x8b,0x55,0x38,0x48,0x85,0xc0,0x74,0x7b,
    0x48,0x8b,0x0a,0x48,0x3b,0xc8,0x74,0x73,0x48,0x39,0x99,0x58,0x02,0x00,0x00,0x74,0x67,0x48,0x8b,0x09,0xeb,0xed,0x48,0x89,
    0x7c,0x24,0x28,0xc7,0x44,0x24,0x20,0x51,0x0e,0x00,0x00,0x44,0x8b,0xc8,0x45,0x33,0xc0,0x33,0xd2,0x8d,0x4a,0x14,0xe8,0x00,
    0x00,0x00,0x00,0x90,0x48,0x8d,0x4d,0xf0,0xe8,0x00,0x00,0x00,0x00,0xe9,0x29,0xfd,0xff,0xff,0x48,0x89,0x7c,0x24,0x28,0xc7,
    0x44,0x24,0x20,0x3f,0x0e,0x00,0x00,0xe9,0x15,0xfe,0xff,0xff,0x48,0x89,0x7c,0x24,0x28,0xc7,0x44,0x24,0x20,0x3e,0x0e,0x00,
    0x00,0xe9,0x03,0xfe,0xff,0xff,0x48,0x89,0x7c,0x24,0x28,0xc7,0x44,0x24,0x20,0x3a,0x0e,0x00,0x00,0xe9,0xf1,0xfd,0xff,0xff,
    0x4c,0x8b,0xf9,0x4c,0x8d,0x9b,0x60,0x02,0x00,0x00,0x4d,0x85,0xff,0x74,0x3a,0x48,0x8d,0x55,0x38,0x49,0x8b,0xcb,0xe8,0x00,
    0x00,0x00,0x00,0x49,0x8b,0x03,0x41,0x39,0x7b,0x18,0x76,0x11,0x4c,0x3b,0x38,0x74,0x0c,0xff,0xc7,0x48,0x83,0xc0,0x08,0x41,
    0x3b,0x7b,0x18,0x72,0xef,0x44,0x8b,0xc7,0x48,0x8d,0x55,0x38,0x49,0x8b,0xcb,0xe8,0x00,0x00,0x00,0x00,0xe9,0xaa,0xfc,0xff,
    0xff,0x8b,0x8b,0x78,0x02,0x00,0x00,0xff,0xc9,0x49,0x8b,0x03,0x48,0x39,0x14,0xc8,0x0f,0x84,0x95,0xfc,0xff,0xff,0x48,0x8d,
    0x55,0x38,0x49,0x8b,0xcb,0xe8,0x00,0x00,0x00,0x00,0x41,0x8b,0x43,0x18,0x44,0x8d,0x40,0x01,0x44,0x3b,0xc0,0x73,0x18,0x48,
    0x89,0x7c,0x24,0x28,0xc7,0x44,0x24,0x20,0xb3,0x00,0x00,0x00,0x41,0xb9,0x16,0x02,0x07,0x80,0xe9,0x56,0xfc,0xff,0xff,0x45,
    0x3b,0x43,0x14,0x77,0x17,0x48,0x8b,0xd0,0x49,0x8b,0x0b,0x48,0x8b,0x45,0x38,0x48,0x89,0x04,0xd1,0x45,0x89,0x43,0x18,0xe9,
    0x47,0xfc,0xff,0xff,0x4c,0x8d,0x4d,0x38,0xba,0x08,0x00,0x00,0x00,0x44,0x8d,0x42,0xf9,0x49,0x8b,0xcb,0xe8,0x00,0x00,0x00,
    0x00,0x85,0xc0,0x0f,0x89,0x2a,0xfc,0xff,0xff,0x48,0x89,0x7c,0x24,0x28,0xc7,0x44,0x24,0x20,0xbe,0x00,0x00,0x00,0xe9,0x16,
    0xfd,0xff,0xff,0xb9,0x03,0x00,0x00,0x00,0xcd,0x29,
};
inline constexpr unsigned char kMask38[] = {
    0xff,0xff,0xff,0xff,0xff,0xff,0xff,0xff,0xff,0xff,0xff,0xff,0xff,0xff,0xff,0xff,0xff,0xff,0xff,0xff,0xff,0xff,0xff,0xff,
    0xff,0xff,0xff,0xff,0xff,0xff,0xff,0xff,0xff,0xff,0xff,0xff,0xff,0xff,0xff,0x00,0x00,0x00,0x00,0xff,0xff,0xff,0xff,0xff,
    0xff,0xff,0x00,0x00,0x00,0x00,0xff,0xff,0xff,0xff,0xff,0xff,0xff,0xff,0xff,0xff,0xff,0xff,0xff,0xff,0xff,0xff,0xff,0xff,
    0xff,0xff,0xff,0xff,0xff,0xff,0xff,0xff,0xff,0xff,0x00,0x00,0x00,0x00,0xff,0xff,0xff,0xff,0xff,0xff,0xff,0xff,0xff,0xff,
    0xff,0xff,0xff,0xff,0xff,0xff,0xff,0xff,0xff,0xff,0xff,0xff,0xff,0xff,0xff,0xff,0xff,0xff,0xff,0xff,0xff,0xff,0xff,0xff,
    0xff,0xff,0xff,0xff,0xff,0xff,0x00,0x00,0x00,0x00,0xff,0xff,0xff,0xff,0xff,0xff,0x00,0x00,0x00,0x00,0xff,0xff,0xff,0xff,
    0xff,0xff,0xff,0xff,0xff,0xff,0xff,0xff,0xff,0xff,0xff,0xff,0xff,0xff,0xff,0xff,0xff,0xff,0xff,0xff,0xff,0xff,0xff,0xff,
    0xff,0xff,0xff,0xff,0xff,0xff,0xff,0xff,0xff,0xff,0xff,0x00,0x00,0x00,0x00,0xff,0xff,0xff,0xff,0xff,0xff,0xff,0xff,0xff,
    0xff,0xff,0xff,0xff,0xff,0xff,0xff,0xff,0xff,0xff,0xff,0xff,0xff,0xff,0xff,0xff,0xff,0xff,0xff,0xff,0xff,0xff,0xff,0xff,
    0xff,0xff,0xff,0xff,0xff,0xff,0xff,0xff,0xff,0xff,0xff,0xff,0xff,0xff,0xff,0xff,0xff,0xff,0xff,0xff,0xff,0x00,0x00,0x00,
    0x00,0xff,0xff,0xff,0xff,0xff,0xff,0xff,0xff,0xff,0xff,0xff,0xff,0xff,0xff,0xff,0xff,0xff,0xff,0xff,0xff,0xff,0xff,0xff,
    0xff,0xff,0xff,0xff,0xff,0xff,0xff,0xff,0xff,0xff,0xff,0xff,0xff,0xff,0xff,0xff,0xff,0xff,0xff,0xff,0xff,0xff,0xff,0xff,
    0xff,0xff,0xff,0xff,0xff,0xff,0xff,0xff,0xff,0xff,0xff,0xff,0xff,0xff,0xff,0xff,0xff,0xff,0xff,0xff,0xff,0xff,0xff,0xff,
    0xff,0xff,0xff,0xff,0xff,0xff,0xff,0xff,0xff,0xff,0xff,0xff,0xff,0xff,0xff,0xff,0xff,0xff,0xff,0xff,0xff,0xff,0xff,0xff,
    0xff,0xff,0xff,0xff,0xff,0xff,0xff,0xff,0xff,0xff,0xff,0xff,0xff,0xff,0xff,0xff,0xff,0xff,0xff,0xff,0xff,0xff,0xff,0xff,
    0xff,0xff,0x00,0x00,0x00,0x00,0xff,0xff,0xff,0xff,0xff,0xff,0xff,0xff,0xff,0xff,0xff,0xff,0xff,0xff,0xff,0xff,0xff,0xff,
    0xff,0xff,0xff,0xff,0xff,0xff,0xff,0xff,0xff,0xff,0xff,0xff,0xff,0xff,0xff,0xff,0xff,0xff,0xff,0xff,0xff,0xff,0xff,0xff,
    0xff,0xff,0xff,0xff,0xff,0xff,0xff,0xff,0xff,0x00,0x00,0x00,0x00,0xff,0xff,0xff,0xff,0xff,0xff,0xff,0xff,0xff,0xff,0xff,
    0xff,0xff,0xff,0xff,0xff,0xff,0xff,0xff,0xff,0xff,0xff,0xff,0xff,0xff,0x00,0x00,0x00,0x00,0xff,0xff,0xff,0xff,0xff,0xff,
    0xff,0xff,0xff,0xff,0xff,0xff,0xff,0xff,0xff,0xff,0xff,0x00,0x00,0x00,0x00,0xff,0xff,0xff,0xff,0xff,0xff,0xff,0xff,0xff,
    0xff,0xff,0xff,0xff,0x00,0x00,0x00,0x00,0xff,0xff,0xff,0xff,0xff,0xff,0xff,0xff,0xff,0xff,0xff,0xff,0xff,0xff,0xff,0xff,
    0xff,0xff,0xff,0xff,0xff,0xff,0x00,0x00,0x00,0x00,0xff,0xff,0xff,0xff,0xff,0xff,0xff,0xff,0xff,0xff,0xff,0xff,0xff,0xff,
    0xff,0xff,0xff,0xff,0xff,0xff,0xff,0xff,0xff,0xff,0xff,0xff,0xff,0xff,0xff,0xff,0xff,0xff,0xff,0xff,0xff,0xff,0x00,0x00,
    0x00,0x00,0xff,0xff,0xff,0xff,0xff,0xff,0xff,0xff,0xff,0xff,0xff,0xff,0xff,0xff,0xff,0xff,0xff,0xff,0xff,0xff,0xff,0xff,
    0xff,0xff,0xff,0xff,0xff,0xff,0xff,0xff,0xff,0xff,0xff,0xff,0xff,0xff,0xff,0xff,0xff,0xff,0xff,0xff,0xff,0xff,0xff,0xff,
    0xff,0xff,0xff,0xff,0xff,0xff,0xff,0xff,0xff,0xff,0xff,0xff,0xff,0xff,0xff,0x00,0x00,0x00,0x00,0xff,0xff,0xff,0xff,0xff,
    0xff,0xff,0xff,0xff,0xff,0xff,0xff,0xff,0xff,0xff,0xff,0xff,0xff,0xff,0xff,0xff,0xff,0xff,0xff,0xff,0xff,0xff,0xff,0xff,
    0xff,0xff,0xff,0xff,0xff,0xff,0xff,0xff,0xff,0xff,0xff,0xff,0xff,0xff,0xff,0xff,0xff,0xff,0xff,0xff,0xff,0xff,0xff,0xff,
    0xff,0xff,0xff,0xff,0xff,0x00,0x00,0x00,0x00,0xff,0xff,0xff,0xff,0xff,0xff,0xff,0xff,0xff,0xff,0xff,0xff,0xff,0xff,0xff,
    0xff,0xff,0xff,0xff,0xff,0xff,0xff,0x00,0x00,0x00,0x00,0xff,0xff,0xff,0xff,0xff,0xff,0xff,0xff,0xff,0xff,0xff,0x00,0x00,
    0x00,0x00,0xff,0xff,0xff,0xff,0xff,0xff,0x00,0x00,0x00,0x00,0xff,0xff,0xff,0xff,0xff,0xff,0xff,0xff,0xff,0xff,0xff,0xff,
    0xff,0xff,0xff,0xff,0xff,0xff,0xff,0xff,0xff,0xff,0xff,0xff,0xff,0xff,0xff,0xff,0xff,0xff,0xff,0xff,0xff,0xff,0xff,0xff,
    0xff,0xff,0xff,0xff,0xff,0xff,0xff,0xff,0xff,0xff,0xff,0x00,0x00,0x00,0x00,0xff,0xff,0xff,0xff,0xff,0xff,0xff,0xff,0xff,
    0xff,0xff,0xff,0xff,0xff,0xff,0xff,0xff,0xff,0xff,0xff,0xff,0xff,0xff,0xff,0xff,0xff,0xff,0xff,0xff,0xff,0xff,0xff,0xff,
    0xff,0xff,0xff,0xff,0xff,0xff,0xff,0xff,0xff,0xff,0xff,0xff,0xff,0xff,0xff,0xff,0xff,0xff,0xff,0xff,0xff,0xff,0xff,0x00,
    0x00,0x00,0x00,0xff,0xff,0xff,0xff,0xff,0xff,0x00,0x00,0x00,0x00,0xff,0xff,0xff,0xff,0xff,0xff,0xff,0xff,0xff,0xff,0xff,
    0xff,0xff,0xff,0xff,0xff,0xff,0xff,0xff,0xff,0xff,0xff,0xff,0xff,0xff,0xff,0xff,0xff,0xff,0xff,0xff,0xff,0xff,0xff,0xff,
    0xff,0xff,0xff,0xff,0xff,0xff,0xff,0xff,0xff,0xff,0xff,0xff,0xff,0xff,0xff,0xff,0xff,0xff,0xff,0xff,0xff,0xff,0xff,0xff,
    0xff,0xff,0xff,0xff,0xff,0xff,0xff,0xff,0xff,0xff,0xff,0xff,0xff,0xff,0xff,0xff,0xff,0xff,0xff,0xff,0xff,0xff,0xff,0x00,
    0x00,0x00,0x00,0xff,0xff,0xff,0xff,0xff,0xff,0xff,0xff,0xff,0xff,0xff,0xff,0xff,0xff,0xff,0xff,0xff,0xff,0xff,0xff,0xff,
    0xff,0xff,0xff,0xff,0xff,0xff,0xff,0xff,0xff,0xff,0xff,0xff,0xff,0xff,0xff,0xff,0x00,0x00,0x00,0x00,0xff,0xff,0xff,0xff,
    0xff,0xff,0xff,0xff,0xff,0xff,0xff,0xff,0xff,0xff,0xff,0xff,0xff,0xff,0xff,0xff,0xff,0xff,0xff,0xff,0xff,0xff,0xff,0xff,
    0xff,0xff,0xff,0xff,0xff,0xff,0x00,0x00,0x00,0x00,0xff,0xff,0xff,0xff,0xff,0xff,0xff,0xff,0xff,0xff,0xff,0xff,0xff,0xff,
    0xff,0xff,0xff,0xff,0xff,0xff,0xff,0xff,0xff,0xff,0xff,0xff,0xff,0xff,0xff,0xff,0xff,0xff,0xff,0xff,0xff,0xff,0xff,0xff,
    0xff,0xff,0xff,0xff,0xff,0xff,0xff,0xff,0xff,0xff,0xff,0xff,0xff,0xff,0xff,0xff,0xff,0xff,0xff,0xff,0xff,0xff,0xff,0xff,
    0xff,0xff,0xff,0xff,0xff,0xff,0xff,0xff,0xff,0xff,0xff,0xff,0xff,0xff,0xff,0xff,0xff,0xff,0xff,0xff,0xff,0x00,0x00,0x00,
    0x00,0xff,0xff,0xff,0xff,0xff,0xff,0xff,0xff,0xff,0xff,0xff,0xff,0xff,0xff,0xff,0xff,0xff,0xff,0xff,0xff,0xff,0xff,0xff,
    0xff,0xff,0xff,0xff,0xff,0xff,0xff,0xff,0xff,0xff,
};
inline constexpr Reference kRefs38[] = {
    {39, 43, Section::Writable, Node::Count, Binding::CriticalSection, nullptr},
    {50, 54, Section::ReadOnly, Node::Count, Binding::None, "EnterCriticalSection"},
    {82, 86, Section::Code, Node::SyncedData, Binding::None, nullptr},
    {126, 130, Section::Code, Node::Count, Binding::None, nullptr},
    {136, 140, Section::Code, Node::Count, Binding::None, nullptr},
    {179, 183, Section::Code, Node::DesktopList, Binding::None, nullptr},
    {237, 241, Section::Code, Node::SyncedData, Binding::None, nullptr},
    {362, 366, Section::Code, Node::Reevaluate, Binding::None, nullptr},
    {417, 421, Section::Code, Node::Reevaluate, Binding::None, nullptr},
    {446, 450, Section::Code, Node::Count, Binding::None, nullptr},
    {467, 471, Section::Code, Node::Count, Binding::None, nullptr},
    {484, 488, Section::Writable, Node::Count, Binding::DesktopManager, nullptr},
    {510, 514, Section::Code, Node::Count, Binding::None, nullptr},
    {550, 554, Section::Code, Node::Count, Binding::None, nullptr},
    {615, 619, Section::Code, Node::InsertRelative, Binding::None, nullptr},
    {677, 681, Section::Code, Node::Count, Binding::None, nullptr},
    {703, 707, Section::Code, Node::Count, Binding::None, nullptr},
    {718, 722, Section::Code, Node::Count, Binding::None, nullptr},
    {728, 732, Section::Code, Node::Count, Binding::None, nullptr},
    {779, 783, Section::Code, Node::DesktopList, Binding::None, nullptr},
    {839, 843, Section::Code, Node::Count, Binding::None, nullptr},
    {849, 853, Section::Code, Node::Count, Binding::None, nullptr},
    {935, 939, Section::Code, Node::Count, Binding::None, nullptr},
    {976, 980, Section::Code, Node::Count, Binding::None, nullptr},
    {1014, 1018, Section::Code, Node::Count, Binding::None, nullptr},
    {1101, 1105, Section::Code, Node::Count, Binding::None, nullptr},
};
// UpdateScene
inline constexpr unsigned char kBytes39[] = {
    0x48,0x89,0x5c,0x24,0x08,0x48,0x89,0x74,0x24,0x18,0x57,0x48,0x83,0xec,0x20,0x48,0x8b,0xd9,0x48,0x8b,0x05,0x00,0x00,0x00,
    0x00,0x80,0x78,0x19,0x00,0x74,0x6b,0x48,0x8d,0x35,0x00,0x00,0x00,0x00,0x48,0x89,0x74,0x24,0x38,0x48,0x8b,0xce,0x48,0xff,
    0x15,0x00,0x00,0x00,0x00,0x0f,0x1f,0x44,0x00,0x00,0x90,0x48,0x8b,0x3d,0x00,0x00,0x00,0x00,0x48,0xff,0x15,0x00,0x00,0x00,
    0x00,0x0f,0x1f,0x44,0x00,0x00,0x3b,0x87,0x60,0x04,0x00,0x00,0x74,0x17,0x48,0x8b,0x0d,0x00,0x00,0x00,0x00,0x48,0x8b,0x89,
    0xb8,0x00,0x00,0x00,0xe8,0x00,0x00,0x00,0x00,0x85,0xc0,0x7f,0x6c,0x48,0x8b,0xcb,0xe8,0x00,0x00,0x00,0x00,0x8b,0xd8,0x85,
    0xc0,0x78,0x22,0x48,0x8b,0xce,0x48,0xff,0x15,0x00,0x00,0x00,0x00,0x0f,0x1f,0x44,0x00,0x00,0x33,0xc0,0x48,0x8b,0x5c,0x24,
    0x30,0x48,0x8b,0x74,0x24,0x40,0x48,0x83,0xc4,0x20,0x5f,0xc3,0xcc,0x48,0x8b,0x4c,0x24,0x28,0x44,0x8b,0xcb,0x4c,0x8d,0x05,
    0x00,0x00,0x00,0x00,0xba,0x3d,0x1a,0x00,0x00,0xe8,0x00,0x00,0x00,0x00,0x90,0x48,0x8b,0xce,0x48,0xff,0x15,0x00,0x00,0x00,
    0x00,0x0f,0x1f,0x44,0x00,0x00,0x8b,0xc3,0x48,0x8b,0x5c,0x24,0x30,0x48,0x8b,0x74,0x24,0x40,0x48,0x83,0xc4,0x20,0x5f,0xc3,
    0xcc,0xe8,0x00,0x00,0x00,0x00,0x90,0x48,0x8b,0xf8,0x48,0x85,0xc0,0x74,0x86,0x48,0x8b,0xc8,0xe8,0x00,0x00,0x00,0x00,0x48,
    0x8b,0xcf,0x84,0xc0,0x74,0x0a,0xe8,0x00,0x00,0x00,0x00,0xe9,0x7b,0xff,0xff,0xff,0xe8,0x00,0x00,0x00,0x00,0xe9,0x63,0xff,
    0xff,0xff,
};
inline constexpr unsigned char kMask39[] = {
    0xff,0xff,0xff,0xff,0xff,0xff,0xff,0xff,0xff,0xff,0xff,0xff,0xff,0xff,0xff,0xff,0xff,0xff,0xff,0xff,0xff,0x00,0x00,0x00,
    0x00,0xff,0xff,0xff,0xff,0xff,0xff,0xff,0xff,0xff,0x00,0x00,0x00,0x00,0xff,0xff,0xff,0xff,0xff,0xff,0xff,0xff,0xff,0xff,
    0xff,0x00,0x00,0x00,0x00,0xff,0xff,0xff,0xff,0xff,0xff,0xff,0xff,0xff,0x00,0x00,0x00,0x00,0xff,0xff,0xff,0x00,0x00,0x00,
    0x00,0xff,0xff,0xff,0xff,0xff,0xff,0xff,0xff,0xff,0xff,0xff,0xff,0xff,0xff,0xff,0xff,0x00,0x00,0x00,0x00,0xff,0xff,0xff,
    0xff,0xff,0xff,0xff,0xff,0x00,0x00,0x00,0x00,0xff,0xff,0xff,0xff,0xff,0xff,0xff,0xff,0x00,0x00,0x00,0x00,0xff,0xff,0xff,
    0xff,0xff,0xff,0xff,0xff,0xff,0xff,0xff,0xff,0x00,0x00,0x00,0x00,0xff,0xff,0xff,0xff,0xff,0xff,0xff,0xff,0xff,0xff,0xff,
    0xff,0xff,0xff,0xff,0xff,0xff,0xff,0xff,0xff,0xff,0xff,0xff,0xff,0xff,0xff,0xff,0xff,0xff,0xff,0xff,0xff,0xff,0xff,0xff,
    0x00,0x00,0x00,0x00,0xff,0xff,0xff,0xff,0xff,0xff,0x00,0x00,0x00,0x00,0xff,0xff,0xff,0xff,0xff,0xff,0xff,0x00,0x00,0x00,
    0x00,0xff,0xff,0xff,0xff,0xff,0xff,0xff,0xff,0xff,0xff,0xff,0xff,0xff,0xff,0xff,0xff,0xff,0xff,0xff,0xff,0xff,0xff,0xff,
    0xff,0xff,0x00,0x00,0x00,0x00,0xff,0xff,0xff,0xff,0xff,0xff,0xff,0xff,0xff,0xff,0xff,0xff,0xff,0x00,0x00,0x00,0x00,0xff,
    0xff,0xff,0xff,0xff,0xff,0xff,0xff,0x00,0x00,0x00,0x00,0xff,0xff,0xff,0xff,0xff,0xff,0x00,0x00,0x00,0x00,0xff,0xff,0xff,
    0xff,0xff,
};
inline constexpr Reference kRefs39[] = {
    {21, 25, Section::Writable, Node::Count, Binding::DesktopManager, nullptr},
    {34, 38, Section::Writable, Node::Count, Binding::CriticalSection, nullptr},
    {49, 53, Section::ReadOnly, Node::Count, Binding::None, "EnterCriticalSection"},
    {62, 66, Section::Writable, Node::Count, Binding::DesktopManager, nullptr},
    {69, 73, Section::ReadOnly, Node::Count, Binding::None, "GetCurrentThreadId"},
    {89, 93, Section::Writable, Node::Count, Binding::DesktopManager, nullptr},
    {101, 105, Section::Code, Node::Count, Binding::None, nullptr},
    {113, 117, Section::Code, Node::Count, Binding::None, nullptr},
    {129, 133, Section::ReadOnly, Node::Count, Binding::None, "LeaveCriticalSection"},
    {168, 172, Section::ReadOnly, Node::Count, Binding::None, nullptr},
    {178, 182, Section::Code, Node::Count, Binding::None, nullptr},
    {189, 193, Section::ReadOnly, Node::Count, Binding::None, "LeaveCriticalSection"},
    {218, 222, Section::Code, Node::Count, Binding::None, nullptr},
    {235, 239, Section::Code, Node::Count, Binding::None, nullptr},
    {247, 251, Section::Code, Node::Count, Binding::None, nullptr},
    {257, 261, Section::Code, Node::Count, Binding::None, nullptr},
};
// DestroyWindow
inline constexpr unsigned char kBytes40[] = {
    0x48,0x89,0x5c,0x24,0x08,0x55,0x56,0x57,0x48,0x8b,0xec,0x48,0x83,0xec,0x30,0x48,0x8b,0xda,0x48,0x8b,0xf9,0x48,0x8d,0x35,
    0x00,0x00,0x00,0x00,0x48,0x89,0x75,0xf0,0x48,0x8b,0xce,0x48,0xff,0x15,0x00,0x00,0x00,0x00,0x0f,0x1f,0x44,0x00,0x00,0x90,
    0x48,0x83,0x65,0x30,0x00,0x4c,0x8d,0x4d,0x30,0x41,0xb0,0x01,0x48,0x8b,0xd3,0x48,0x8b,0xcf,0xe8,0x00,0x00,0x00,0x00,0x48,
    0x8b,0x55,0x30,0x48,0x85,0xd2,0x0f,0x84,0xda,0x00,0x00,0x00,0x48,0x8b,0x4a,0x18,0x48,0x85,0xc9,0x74,0x1a,0x48,0x8b,0x01,
    0x33,0xd2,0x48,0x8b,0x00,0xe8,0x00,0x00,0x00,0x00,0x48,0x8b,0x45,0x30,0x48,0x83,0x60,0x18,0x00,0x48,0x8b,0x55,0x30,0x48,
    0x8b,0x5a,0x28,0xf6,0x82,0xa4,0x02,0x00,0x00,0x02,0x74,0x18,0x48,0x8d,0x45,0x30,0x48,0x89,0x45,0x38,0x48,0x8d,0x55,0x38,
    0x48,0x8b,0xcf,0xe8,0x00,0x00,0x00,0x00,0x48,0x8b,0x55,0x30,0x48,0x8b,0x05,0x00,0x00,0x00,0x00,0x48,0x8b,0x88,0xd0,0x01,
    0x00,0x00,0x48,0x8b,0x01,0x48,0x8b,0x80,0xc0,0x00,0x00,0x00,0xe8,0x00,0x00,0x00,0x00,0x48,0x8b,0x4d,0x18,0x85,0xc0,0x79,
    0x14,0x44,0x8b,0xc8,0x4c,0x8d,0x05,0x00,0x00,0x00,0x00,0xba,0xdd,0x08,0x00,0x00,0xe8,0x00,0x00,0x00,0x00,0x48,0x8b,0x45,
    0x30,0xf6,0x80,0xa0,0x02,0x00,0x00,0x04,0x75,0x34,0x48,0x8b,0x10,0x48,0x8b,0x48,0x08,0x48,0x39,0x42,0x08,0x75,0x5e,0x48,
    0x39,0x01,0x75,0x59,0x48,0x89,0x11,0x48,0x89,0x4a,0x08,0x48,0x8b,0x45,0x30,0x48,0x89,0x40,0x08,0x48,0x8b,0x45,0x30,0x48,
    0x89,0x00,0x48,0x8b,0x55,0x30,0x48,0x8b,0xcf,0xe8,0x00,0x00,0x00,0x00,0x48,0x8b,0x8f,0x10,0x02,0x00,0x00,0x48,0x85,0xc9,
    0x74,0x0c,0x48,0x3b,0x59,0x08,0x75,0x06,0xe8,0x00,0x00,0x00,0x00,0x90,0x48,0x8b,0xce,0x48,0xff,0x15,0x00,0x00,0x00,0x00,
    0x0f,0x1f,0x44,0x00,0x00,0x33,0xc0,0x48,0x8b,0x5c,0x24,0x50,0x48,0x83,0xc4,0x30,0x5f,0x5e,0x5d,0xc3,0xcc,0xb9,0x03,0x00,
    0x00,0x00,0xcd,0x29,
};
inline constexpr unsigned char kMask40[] = {
    0xff,0xff,0xff,0xff,0xff,0xff,0xff,0xff,0xff,0xff,0xff,0xff,0xff,0xff,0xff,0xff,0xff,0xff,0xff,0xff,0xff,0xff,0xff,0xff,
    0x00,0x00,0x00,0x00,0xff,0xff,0xff,0xff,0xff,0xff,0xff,0xff,0xff,0xff,0x00,0x00,0x00,0x00,0xff,0xff,0xff,0xff,0xff,0xff,
    0xff,0xff,0xff,0xff,0xff,0xff,0xff,0xff,0xff,0xff,0xff,0xff,0xff,0xff,0xff,0xff,0xff,0xff,0xff,0x00,0x00,0x00,0x00,0xff,
    0xff,0xff,0xff,0xff,0xff,0xff,0xff,0xff,0xff,0xff,0xff,0xff,0xff,0xff,0xff,0xff,0xff,0xff,0xff,0xff,0xff,0xff,0xff,0xff,
    0xff,0xff,0xff,0xff,0xff,0xff,0x00,0x00,0x00,0x00,0xff,0xff,0xff,0xff,0xff,0xff,0xff,0xff,0xff,0xff,0xff,0xff,0xff,0xff,
    0xff,0xff,0xff,0xff,0xff,0xff,0xff,0xff,0xff,0xff,0xff,0xff,0xff,0xff,0xff,0xff,0xff,0xff,0xff,0xff,0xff,0xff,0xff,0xff,
    0xff,0xff,0xff,0xff,0x00,0x00,0x00,0x00,0xff,0xff,0xff,0xff,0xff,0xff,0xff,0x00,0x00,0x00,0x00,0xff,0xff,0xff,0xff,0xff,
    0xff,0xff,0xff,0xff,0xff,0xff,0xff,0xff,0xff,0xff,0xff,0xff,0xff,0x00,0x00,0x00,0x00,0xff,0xff,0xff,0xff,0xff,0xff,0xff,
    0xff,0xff,0xff,0xff,0xff,0xff,0xff,0x00,0x00,0x00,0x00,0xff,0xff,0xff,0xff,0xff,0xff,0x00,0x00,0x00,0x00,0xff,0xff,0xff,
    0xff,0xff,0xff,0xff,0xff,0xff,0xff,0xff,0xff,0xff,0xff,0xff,0xff,0xff,0xff,0xff,0xff,0xff,0xff,0xff,0xff,0xff,0xff,0xff,
    0xff,0xff,0xff,0xff,0xff,0xff,0xff,0xff,0xff,0xff,0xff,0xff,0xff,0xff,0xff,0xff,0xff,0xff,0xff,0xff,0xff,0xff,0xff,0xff,
    0xff,0xff,0xff,0xff,0xff,0xff,0xff,0xff,0xff,0xff,0x00,0x00,0x00,0x00,0xff,0xff,0xff,0xff,0xff,0xff,0xff,0xff,0xff,0xff,
    0xff,0xff,0xff,0xff,0xff,0xff,0xff,0xff,0xff,0x00,0x00,0x00,0x00,0xff,0xff,0xff,0xff,0xff,0xff,0xff,0x00,0x00,0x00,0x00,
    0xff,0xff,0xff,0xff,0xff,0xff,0xff,0xff,0xff,0xff,0xff,0xff,0xff,0xff,0xff,0xff,0xff,0xff,0xff,0xff,0xff,0xff,0xff,0xff,
    0xff,0xff,0xff,0xff,
};
inline constexpr Reference kRefs40[] = {
    {24, 28, Section::Writable, Node::Count, Binding::CriticalSection, nullptr},
    {38, 42, Section::ReadOnly, Node::Count, Binding::None, "EnterCriticalSection"},
    {67, 71, Section::Code, Node::SyncedData, Binding::None, nullptr},
    {102, 106, Section::Code, Node::Count, Binding::None, nullptr},
    {148, 152, Section::Code, Node::Count, Binding::None, nullptr},
    {159, 163, Section::Writable, Node::Count, Binding::DesktopManager, nullptr},
    {181, 185, Section::Code, Node::Count, Binding::None, nullptr},
    {199, 203, Section::ReadOnly, Node::Count, Binding::None, nullptr},
    {209, 213, Section::Code, Node::Count, Binding::None, nullptr},
    {274, 278, Section::Code, Node::Count, Binding::None, nullptr},
    {297, 301, Section::Code, Node::Count, Binding::None, nullptr},
    {308, 312, Section::ReadOnly, Node::Count, Binding::None, "LeaveCriticalSection"},
};
// SyncedData
inline constexpr unsigned char kBytes41[] = {
    0x48,0x89,0x5c,0x24,0x08,0x48,0x89,0x6c,0x24,0x18,0x56,0x57,0x41,0x56,0x48,0x83,0xec,0x20,0x48,0x8b,0x02,0x48,0x8b,0xe9,
    0x48,0x8b,0xca,0x4d,0x8b,0xf1,0x41,0x8a,0xf0,0x48,0x8b,0xfa,0x48,0x8b,0x40,0x08,0xe8,0x00,0x00,0x00,0x00,0x48,0x8b,0xd8,
    0x48,0x85,0xc0,0x75,0x73,0x40,0x84,0xf6,0x74,0x14,0x48,0x8b,0x0f,0x48,0x8b,0x41,0x10,0x48,0x8b,0xcf,0xe8,0x00,0x00,0x00,
    0x00,0x48,0x85,0xc0,0x74,0x5a,0xb9,0x60,0x03,0x00,0x00,0xe8,0x00,0x00,0x00,0x00,0x48,0x89,0x44,0x24,0x48,0x48,0x85,0xc0,
    0x74,0x5d,0x48,0x8b,0xc8,0xe8,0x00,0x00,0x00,0x00,0x48,0x8b,0xd8,0x48,0x85,0xc0,0x74,0x4d,0x48,0x89,0x78,0x18,0x48,0x8b,
    0xd3,0x48,0x8b,0x07,0x48,0x8b,0xcf,0x48,0x8b,0x00,0xe8,0x00,0x00,0x00,0x00,0x48,0x8b,0x07,0x48,0x8b,0xcf,0x48,0x8b,0x40,
    0x18,0xe8,0x00,0x00,0x00,0x00,0x4c,0x8b,0xc3,0x48,0x89,0x43,0x28,0x48,0x8b,0xd7,0x48,0x8b,0xcd,0xe8,0x00,0x00,0x00,0x00,
    0x48,0x8b,0x6c,0x24,0x50,0x49,0x89,0x1e,0x48,0x8b,0x5c,0x24,0x40,0x48,0x83,0xc4,0x20,0x41,0x5e,0x5f,0x5e,0xc3,0xcc,0x48,
    0x8b,0x4c,0x24,0x38,0x4c,0x8d,0x05,0x00,0x00,0x00,0x00,0xba,0x39,0x08,0x00,0x00,0xe8,0x00,0x00,0x00,0x00,
};
inline constexpr unsigned char kMask41[] = {
    0xff,0xff,0xff,0xff,0xff,0xff,0xff,0xff,0xff,0xff,0xff,0xff,0xff,0xff,0xff,0xff,0xff,0xff,0xff,0xff,0xff,0xff,0xff,0xff,
    0xff,0xff,0xff,0xff,0xff,0xff,0xff,0xff,0xff,0xff,0xff,0xff,0xff,0xff,0xff,0xff,0xff,0x00,0x00,0x00,0x00,0xff,0xff,0xff,
    0xff,0xff,0xff,0xff,0xff,0xff,0xff,0xff,0xff,0xff,0xff,0xff,0xff,0xff,0xff,0xff,0xff,0xff,0xff,0xff,0xff,0x00,0x00,0x00,
    0x00,0xff,0xff,0xff,0xff,0xff,0xff,0xff,0xff,0xff,0xff,0xff,0x00,0x00,0x00,0x00,0xff,0xff,0xff,0xff,0xff,0xff,0xff,0xff,
    0xff,0xff,0xff,0xff,0xff,0xff,0x00,0x00,0x00,0x00,0xff,0xff,0xff,0xff,0xff,0xff,0xff,0xff,0xff,0xff,0xff,0xff,0xff,0xff,
    0xff,0xff,0xff,0xff,0xff,0xff,0xff,0xff,0xff,0xff,0xff,0x00,0x00,0x00,0x00,0xff,0xff,0xff,0xff,0xff,0xff,0xff,0xff,0xff,
    0xff,0xff,0x00,0x00,0x00,0x00,0xff,0xff,0xff,0xff,0xff,0xff,0xff,0xff,0xff,0xff,0xff,0xff,0xff,0xff,0x00,0x00,0x00,0x00,
    0xff,0xff,0xff,0xff,0xff,0xff,0xff,0xff,0xff,0xff,0xff,0xff,0xff,0xff,0xff,0xff,0xff,0xff,0xff,0xff,0xff,0xff,0xff,0xff,
    0xff,0xff,0xff,0xff,0xff,0xff,0xff,0x00,0x00,0x00,0x00,0xff,0xff,0xff,0xff,0xff,0xff,0x00,0x00,0x00,0x00,
};
inline constexpr Reference kRefs41[] = {
    {41, 45, Section::Code, Node::Count, Binding::None, nullptr},
    {69, 73, Section::Code, Node::Count, Binding::None, nullptr},
    {84, 88, Section::Code, Node::Count, Binding::None, nullptr},
    {102, 106, Section::Code, Node::Count, Binding::None, nullptr},
    {131, 135, Section::Code, Node::Count, Binding::None, nullptr},
    {146, 150, Section::Code, Node::Count, Binding::None, nullptr},
    {164, 168, Section::Code, Node::Count, Binding::None, nullptr},
    {199, 203, Section::ReadOnly, Node::Count, Binding::None, nullptr},
    {209, 213, Section::Code, Node::Count, Binding::None, nullptr},
};
// Reevaluate
inline constexpr unsigned char kBytes42[] = {
    0x48,0x8b,0xc4,0x48,0x89,0x58,0x08,0x48,0x89,0x68,0x20,0x56,0x57,0x41,0x56,0x48,0x81,0xec,0x80,0x00,0x00,0x00,0x41,0x0f,
    0xb6,0xe8,0x48,0x8b,0xfa,0x4c,0x8b,0xf1,0x48,0x39,0x12,0x0f,0x84,0xfb,0x00,0x00,0x00,0x0f,0x57,0xc0,0x48,0xc7,0x40,0xc8,
    0xff,0xff,0xff,0xff,0x66,0x0f,0x7f,0x40,0x98,0x33,0xdb,0x48,0x89,0x58,0x90,0x0f,0x57,0xc9,0x66,0x0f,0x7f,0x48,0xa8,0x48,
    0x83,0xc1,0x08,0x66,0x0f,0x7f,0x40,0xb8,0x88,0x58,0xd0,0x0f,0x11,0x40,0xd8,0x48,0x8b,0x82,0x88,0x00,0x00,0x00,0x48,0x8d,
    0x54,0x24,0x20,0x48,0x89,0x44,0x24,0x20,0x48,0xff,0x15,0x00,0x00,0x00,0x00,0x0f,0x1f,0x44,0x00,0x00,0x48,0x85,0xc0,0x48,
    0x8d,0x70,0x50,0x48,0x0f,0x44,0xf3,0x48,0x8b,0xdf,0x40,0x84,0xed,0x75,0x33,0xf6,0x83,0xa0,0x02,0x00,0x00,0x01,0x75,0x17,
    0x48,0x8b,0x1b,0x40,0x32,0xed,0x48,0x85,0xdb,0x74,0x40,0x48,0x3b,0xde,0x74,0x3b,0x48,0x3b,0xdf,0x75,0xe2,0xeb,0x34,0x48,
    0x8b,0x83,0xb8,0x01,0x00,0x00,0x48,0x85,0xc0,0x74,0xdd,0x48,0x83,0x78,0x18,0x00,0x74,0xd6,0x48,0x8b,0xd6,0x48,0x8b,0xcb,
    0xe8,0x00,0x00,0x00,0x00,0x0f,0xb6,0x8b,0xa6,0x02,0x00,0x00,0xc0,0xe9,0x04,0x80,0xe1,0x01,0x3a,0xc1,0x75,0x20,0x40,0x84,
    0xed,0x75,0x7d,0x33,0xc0,0x4c,0x8d,0x9c,0x24,0x80,0x00,0x00,0x00,0x49,0x8b,0x5b,0x20,0x49,0x8b,0x6b,0x38,0x49,0x8b,0xe3,
    0x41,0x5e,0x5f,0x5e,0xc3,0xcc,0x48,0x8b,0xd3,0xe8,0x00,0x00,0x00,0x00,0x8b,0xe8,0x85,0xc0,0x79,0x8c,0x48,0x8b,0x8c,0x24,
    0x98,0x00,0x00,0x00,0x4c,0x8d,0x05,0x00,0x00,0x00,0x00,0x44,0x8b,0xc8,0xba,0x99,0x1f,0x00,0x00,0xe8,0x00,0x00,0x00,0x00,
    0x8b,0xc5,0xeb,0xb9,0xf6,0x82,0xa6,0x02,0x00,0x00,0x10,0x74,0xae,0xe8,0x00,0x00,0x00,0x00,0x8b,0xd8,0x85,0xc0,0x79,0xa3,
    0x48,0x8b,0x8c,0x24,0x98,0x00,0x00,0x00,0x4c,0x8d,0x05,0x00,0x00,0x00,0x00,0x44,0x8b,0xc8,0xba,0x89,0x1f,0x00,0x00,0xe8,
    0x00,0x00,0x00,0x00,0x8b,0xc3,0xeb,0x85,0x48,0x8b,0xd3,0x49,0x8b,0xce,0xe8,0x00,0x00,0x00,0x00,0x8b,0xe8,0x85,0xc0,0x0f,
    0x89,0x23,0xff,0xff,0xff,0x48,0x8b,0x8c,0x24,0x98,0x00,0x00,0x00,0x4c,0x8d,0x05,0x00,0x00,0x00,0x00,0x44,0x8b,0xc8,0xba,
    0xa0,0x1f,0x00,0x00,0xe8,0x00,0x00,0x00,0x00,0x8b,0xc5,0xe9,0x4d,0xff,0xff,0xff,
};
inline constexpr unsigned char kMask42[] = {
    0xff,0xff,0xff,0xff,0xff,0xff,0xff,0xff,0xff,0xff,0xff,0xff,0xff,0xff,0xff,0xff,0xff,0xff,0xff,0xff,0xff,0xff,0xff,0xff,
    0xff,0xff,0xff,0xff,0xff,0xff,0xff,0xff,0xff,0xff,0xff,0xff,0xff,0xff,0xff,0xff,0xff,0xff,0xff,0xff,0xff,0xff,0xff,0xff,
    0xff,0xff,0xff,0xff,0xff,0xff,0xff,0xff,0xff,0xff,0xff,0xff,0xff,0xff,0xff,0xff,0xff,0xff,0xff,0xff,0xff,0xff,0xff,0xff,
    0xff,0xff,0xff,0xff,0xff,0xff,0xff,0xff,0xff,0xff,0xff,0xff,0xff,0xff,0xff,0xff,0xff,0xff,0xff,0xff,0xff,0xff,0xff,0xff,
    0xff,0xff,0xff,0xff,0xff,0xff,0xff,0xff,0xff,0xff,0xff,0x00,0x00,0x00,0x00,0xff,0xff,0xff,0xff,0xff,0xff,0xff,0xff,0xff,
    0xff,0xff,0xff,0xff,0xff,0xff,0xff,0xff,0xff,0xff,0xff,0xff,0xff,0xff,0xff,0xff,0xff,0xff,0xff,0xff,0xff,0xff,0xff,0xff,
    0xff,0xff,0xff,0xff,0xff,0xff,0xff,0xff,0xff,0xff,0xff,0xff,0xff,0xff,0xff,0xff,0xff,0xff,0xff,0xff,0xff,0xff,0xff,0xff,
    0xff,0xff,0xff,0xff,0xff,0xff,0xff,0xff,0xff,0xff,0xff,0xff,0xff,0xff,0xff,0xff,0xff,0xff,0xff,0xff,0xff,0xff,0xff,0xff,
    0xff,0x00,0x00,0x00,0x00,0xff,0xff,0xff,0xff,0xff,0xff,0xff,0xff,0xff,0xff,0xff,0xff,0xff,0xff,0xff,0xff,0xff,0xff,0xff,
    0xff,0xff,0xff,0xff,0xff,0xff,0xff,0xff,0xff,0xff,0xff,0xff,0xff,0xff,0xff,0xff,0xff,0xff,0xff,0xff,0xff,0xff,0xff,0xff,
    0xff,0xff,0xff,0xff,0xff,0xff,0xff,0xff,0xff,0xff,0x00,0x00,0x00,0x00,0xff,0xff,0xff,0xff,0xff,0xff,0xff,0xff,0xff,0xff,
    0xff,0xff,0xff,0xff,0xff,0xff,0xff,0x00,0x00,0x00,0x00,0xff,0xff,0xff,0xff,0xff,0xff,0xff,0xff,0xff,0x00,0x00,0x00,0x00,
    0xff,0xff,0xff,0xff,0xff,0xff,0xff,0xff,0xff,0xff,0xff,0xff,0xff,0xff,0x00,0x00,0x00,0x00,0xff,0xff,0xff,0xff,0xff,0xff,
    0xff,0xff,0xff,0xff,0xff,0xff,0xff,0xff,0xff,0xff,0xff,0x00,0x00,0x00,0x00,0xff,0xff,0xff,0xff,0xff,0xff,0xff,0xff,0xff,
    0x00,0x00,0x00,0x00,0xff,0xff,0xff,0xff,0xff,0xff,0xff,0xff,0xff,0xff,0xff,0x00,0x00,0x00,0x00,0xff,0xff,0xff,0xff,0xff,
    0xff,0xff,0xff,0xff,0xff,0xff,0xff,0xff,0xff,0xff,0xff,0xff,0xff,0xff,0xff,0xff,0x00,0x00,0x00,0x00,0xff,0xff,0xff,0xff,
    0xff,0xff,0xff,0xff,0xff,0x00,0x00,0x00,0x00,0xff,0xff,0xff,0xff,0xff,0xff,0xff,
};
inline constexpr Reference kRefs42[] = {
    {107, 111, Section::ReadOnly, Node::Count, Binding::None, "RtlLookupElementGenericTable"},
    {193, 197, Section::Code, Node::Count, Binding::None, nullptr},
    {250, 254, Section::Code, Node::Count, Binding::None, nullptr},
    {271, 275, Section::ReadOnly, Node::Count, Binding::None, nullptr},
    {284, 288, Section::Code, Node::Count, Binding::None, nullptr},
    {302, 306, Section::Code, Node::Count, Binding::None, nullptr},
    {323, 327, Section::ReadOnly, Node::Count, Binding::None, nullptr},
    {336, 340, Section::Code, Node::Count, Binding::None, nullptr},
    {351, 355, Section::Code, Node::InsertTree, Binding::None, nullptr},
    {376, 380, Section::ReadOnly, Node::Count, Binding::None, nullptr},
    {389, 393, Section::Code, Node::Count, Binding::None, nullptr},
};
// InsertTree
inline constexpr unsigned char kBytes43[] = {
    0x48,0x8b,0xc4,0x48,0x89,0x58,0x08,0x48,0x89,0x70,0x10,0x57,0x48,0x81,0xec,0x80,0x00,0x00,0x00,0xf6,0x82,0xa6,0x02,0x00,
    0x00,0x10,0x48,0x8b,0xda,0x48,0x8b,0xf1,0x0f,0x85,0xbc,0x00,0x00,0x00,0x48,0x83,0x60,0xa0,0x00,0x0f,0x57,0xc0,0x48,0x83,
    0x48,0xd8,0xff,0x0f,0x57,0xc9,0x66,0x0f,0x7f,0x40,0xa8,0x48,0x83,0xc1,0x08,0x66,0x0f,0x7f,0x48,0xb8,0x66,0x0f,0x7f,0x40,
    0xc8,0x0f,0x11,0x40,0xe8,0xc6,0x40,0xe0,0x00,0x48,0x8b,0x82,0x88,0x00,0x00,0x00,0x48,0x8d,0x54,0x24,0x20,0x48,0x89,0x44,
    0x24,0x20,0x48,0xff,0x15,0x00,0x00,0x00,0x00,0x0f,0x1f,0x44,0x00,0x00,0x48,0x85,0xc0,0x74,0x6b,0x48,0x8b,0x78,0x18,0x48,
    0x8b,0xd3,0x48,0x8b,0xce,0xe8,0x00,0x00,0x00,0x00,0x48,0x8b,0x93,0xb8,0x01,0x00,0x00,0x4c,0x8b,0xc0,0x48,0x8b,0xcf,0xe8,
    0x00,0x00,0x00,0x00,0x8b,0xf0,0x85,0xc0,0x78,0x24,0x48,0x8b,0x93,0xd0,0x01,0x00,0x00,0x48,0x85,0xd2,0x75,0x69,0x33,0xc0,
    0x4c,0x8d,0x9c,0x24,0x80,0x00,0x00,0x00,0x49,0x8b,0x5b,0x10,0x49,0x8b,0x73,0x18,0x49,0x8b,0xe3,0x5f,0xc3,0xcc,0x48,0x8b,
    0x8c,0x24,0x88,0x00,0x00,0x00,0x4c,0x8d,0x05,0x00,0x00,0x00,0x00,0x44,0x8b,0xce,0xba,0x71,0x0b,0x00,0x00,0xe8,0x00,0x00,
    0x00,0x00,0x8b,0xc6,0xeb,0xca,0x33,0xff,0xeb,0x95,0x48,0x8b,0x82,0x58,0x02,0x00,0x00,0x48,0x8b,0x88,0xb8,0x01,0x00,0x00,
    0x48,0x8b,0xb9,0xf8,0x00,0x00,0x00,0x8b,0x8f,0xb0,0x00,0x00,0x00,0x48,0x8b,0x87,0x98,0x00,0x00,0x00,0xff,0xc9,0x48,0x8b,
    0x04,0xc8,0xe9,0x73,0xff,0xff,0xff,0x48,0x83,0x7a,0x18,0x00,0x74,0x90,0x4c,0x8b,0x83,0xb8,0x01,0x00,0x00,0x48,0x8b,0xcf,
    0xe8,0x00,0x00,0x00,0x00,0x8b,0xd8,0x85,0xc0,0x0f,0x89,0x77,0xff,0xff,0xff,0x48,0x8b,0x8c,0x24,0x88,0x00,0x00,0x00,0x4c,
    0x8d,0x05,0x00,0x00,0x00,0x00,0x44,0x8b,0xc8,0xba,0x75,0x0b,0x00,0x00,0xe8,0x00,0x00,0x00,0x00,0x8b,0xc3,0xe9,0x56,0xff,
    0xff,0xff,
};
inline constexpr unsigned char kMask43[] = {
    0xff,0xff,0xff,0xff,0xff,0xff,0xff,0xff,0xff,0xff,0xff,0xff,0xff,0xff,0xff,0xff,0xff,0xff,0xff,0xff,0xff,0xff,0xff,0xff,
    0xff,0xff,0xff,0xff,0xff,0xff,0xff,0xff,0xff,0xff,0xff,0xff,0xff,0xff,0xff,0xff,0xff,0xff,0xff,0xff,0xff,0xff,0xff,0xff,
    0xff,0xff,0xff,0xff,0xff,0xff,0xff,0xff,0xff,0xff,0xff,0xff,0xff,0xff,0xff,0xff,0xff,0xff,0xff,0xff,0xff,0xff,0xff,0xff,
    0xff,0xff,0xff,0xff,0xff,0xff,0xff,0xff,0xff,0xff,0xff,0xff,0xff,0xff,0xff,0xff,0xff,0xff,0xff,0xff,0xff,0xff,0xff,0xff,
    0xff,0xff,0xff,0xff,0xff,0x00,0x00,0x00,0x00,0xff,0xff,0xff,0xff,0xff,0xff,0xff,0xff,0xff,0xff,0xff,0xff,0xff,0xff,0xff,
    0xff,0xff,0xff,0xff,0xff,0xff,0x00,0x00,0x00,0x00,0xff,0xff,0xff,0xff,0xff,0xff,0xff,0xff,0xff,0xff,0xff,0xff,0xff,0xff,
    0x00,0x00,0x00,0x00,0xff,0xff,0xff,0xff,0xff,0xff,0xff,0xff,0xff,0xff,0xff,0xff,0xff,0xff,0xff,0xff,0xff,0xff,0xff,0xff,
    0xff,0xff,0xff,0xff,0xff,0xff,0xff,0xff,0xff,0xff,0xff,0xff,0xff,0xff,0xff,0xff,0xff,0xff,0xff,0xff,0xff,0xff,0xff,0xff,
    0xff,0xff,0xff,0xff,0xff,0xff,0xff,0xff,0xff,0x00,0x00,0x00,0x00,0xff,0xff,0xff,0xff,0xff,0xff,0xff,0xff,0xff,0x00,0x00,
    0x00,0x00,0xff,0xff,0xff,0xff,0xff,0xff,0xff,0xff,0xff,0xff,0xff,0xff,0xff,0xff,0xff,0xff,0xff,0xff,0xff,0xff,0xff,0xff,
    0xff,0xff,0xff,0xff,0xff,0xff,0xff,0xff,0xff,0xff,0xff,0xff,0xff,0xff,0xff,0xff,0xff,0xff,0xff,0xff,0xff,0xff,0xff,0xff,
    0xff,0xff,0xff,0xff,0xff,0xff,0xff,0xff,0xff,0xff,0xff,0xff,0xff,0xff,0xff,0xff,0xff,0xff,0xff,0xff,0xff,0xff,0xff,0xff,
    0xff,0x00,0x00,0x00,0x00,0xff,0xff,0xff,0xff,0xff,0xff,0xff,0xff,0xff,0xff,0xff,0xff,0xff,0xff,0xff,0xff,0xff,0xff,0xff,
    0xff,0xff,0x00,0x00,0x00,0x00,0xff,0xff,0xff,0xff,0xff,0xff,0xff,0xff,0xff,0x00,0x00,0x00,0x00,0xff,0xff,0xff,0xff,0xff,
    0xff,0xff,
};
inline constexpr Reference kRefs43[] = {
    {101, 105, Section::ReadOnly, Node::Count, Binding::None, "RtlLookupElementGenericTable"},
    {126, 130, Section::Code, Node::PrecedingVisual, Binding::None, nullptr},
    {144, 148, Section::Code, Node::InsertAfter, Binding::None, nullptr},
    {201, 205, Section::ReadOnly, Node::Count, Binding::None, nullptr},
    {214, 218, Section::Code, Node::Count, Binding::None, nullptr},
    {289, 293, Section::Code, Node::InsertAfter, Binding::None, nullptr},
    {314, 318, Section::ReadOnly, Node::Count, Binding::None, nullptr},
    {327, 331, Section::Code, Node::Count, Binding::None, nullptr},
};
// ZOrder
inline constexpr unsigned char kBytes44[] = {
    0x48,0x89,0x5c,0x24,0x08,0x48,0x89,0x74,0x24,0x10,0x48,0x89,0x7c,0x24,0x18,0x55,0x41,0x56,0x41,0x57,0x48,0x8b,0xec,0x48,
    0x83,0xec,0x40,0x4d,0x8b,0xf8,0x48,0x8b,0xda,0x4c,0x8b,0xf1,0x48,0x8d,0x0d,0x00,0x00,0x00,0x00,0x48,0x89,0x4d,0xf8,0x48,
    0xff,0x15,0x00,0x00,0x00,0x00,0x0f,0x1f,0x44,0x00,0x00,0x90,0x33,0xff,0x8b,0xf7,0x48,0x89,0x7d,0x38,0x4c,0x8d,0x4d,0x38,
    0x41,0xb0,0x01,0x48,0x8b,0xd3,0x49,0x8b,0xce,0xe8,0x00,0x00,0x00,0x00,0x48,0x8b,0x55,0x38,0x48,0x85,0xd2,0x75,0x49,0x48,
    0x89,0x7c,0x24,0x28,0xc7,0x44,0x24,0x20,0x68,0x0f,0x00,0x00,0x41,0xb9,0x06,0x00,0x07,0x80,0x41,0x8b,0xf1,0x45,0x33,0xc0,
    0x33,0xd2,0x8d,0x4a,0x14,0xe8,0x00,0x00,0x00,0x00,0x90,0x48,0x8d,0x4d,0xf8,0xe8,0x00,0x00,0x00,0x00,0x8b,0xc6,0x48,0x8b,
    0x5c,0x24,0x60,0x48,0x8b,0x74,0x24,0x68,0x48,0x8b,0x7c,0x24,0x70,0x48,0x83,0xc4,0x40,0x41,0x5f,0x41,0x5e,0x5d,0xc3,0xcc,
    0x48,0x8b,0x92,0x88,0x00,0x00,0x00,0x49,0x8b,0xce,0xe8,0x00,0x00,0x00,0x00,0x48,0x8b,0xd8,0x48,0x85,0xc0,0x75,0x17,0xbe,
    0x0e,0x00,0x07,0x80,0x48,0x89,0x7c,0x24,0x28,0xc7,0x44,0x24,0x20,0x6b,0x0f,0x00,0x00,0x44,0x8b,0xce,0xeb,0x9f,0x48,0x89,
    0x5d,0xf0,0x4d,0x85,0xff,0x74,0x2d,0x4c,0x8d,0x4d,0xf0,0x41,0xb0,0x01,0x49,0x8b,0xd7,0x49,0x8b,0xce,0xe8,0x00,0x00,0x00,
    0x00,0x48,0x8b,0x45,0xf0,0x48,0x85,0xc0,0x75,0x12,0x48,0x89,0x7c,0x24,0x28,0xc7,0x44,0x24,0x20,0x76,0x0f,0x00,0x00,0xe9,
    0x60,0xff,0xff,0xff,0x48,0x8b,0x4d,0x38,0x48,0x3b,0x08,0x0f,0x84,0x6a,0xff,0xff,0xff,0x48,0x8b,0x11,0x4c,0x8b,0x41,0x08,
    0x48,0x39,0x4a,0x08,0x0f,0x85,0xa7,0x03,0x00,0x00,0x49,0x39,0x08,0x0f,0x85,0x9e,0x03,0x00,0x00,0x49,0x89,0x10,0x4c,0x89,
    0x42,0x08,0x48,0x8b,0x4d,0x38,0x4c,0x8b,0x00,0x49,0x39,0x40,0x08,0x0f,0x85,0x86,0x03,0x00,0x00,0x4c,0x89,0x01,0x48,0x89,
    0x41,0x08,0x49,0x89,0x48,0x08,0x48,0x89,0x08,0x48,0x85,0xd2,0x74,0x2b,0x48,0x3b,0xd3,0x74,0x26,0x45,0x33,0xc0,0x49,0x8b,
    0xce,0xe8,0x00,0x00,0x00,0x00,0x8b,0xf0,0x85,0xc0,0x79,0x15,0x48,0x89,0x7c,0x24,0x28,0xc7,0x44,0x24,0x20,0x84,0x0f,0x00,
    0x00,0x44,0x8b,0xc8,0xe9,0xec,0xfe,0xff,0xff,0x48,0x8b,0x55,0x38,0x48,0x39,0xba,0xb8,0x01,0x00,0x00,0x0f,0x84,0x88,0x01,
    0x00,0x00,0x41,0xb0,0x01,0x49,0x8b,0xce,0xe8,0x00,0x00,0x00,0x00,0x8b,0xf0,0x85,0xc0,0x0f,0x88,0x74,0x02,0x00,0x00,0x48,
    0x8b,0x55,0x38,0x48,0x8b,0x92,0x88,0x00,0x00,0x00,0x49,0x8b,0xce,0xe8,0x00,0x00,0x00,0x00,0x48,0x8b,0xd8,0x48,0x8b,0x4d,
    0x38,0x33,0xd2,0x48,0x8b,0x89,0xc0,0x01,0x00,0x00,0xe8,0x00,0x00,0x00,0x00,0x8b,0xf0,0x85,0xc0,0x0f,0x88,0x30,0x02,0x00,
    0x00,0x48,0x8d,0x0d,0x00,0x00,0x00,0x00,0xe8,0x00,0x00,0x00,0x00,0x48,0x8b,0x55,0x38,0x84,0xc0,0x48,0x8b,0x05,0x00,0x00,
    0x00,0x00,0x74,0x2e,0x48,0x8b,0x88,0xd8,0x01,0x00,0x00,0x48,0x8b,0x01,0x48,0x8b,0x80,0xc0,0x00,0x00,0x00,0xe8,0x00,0x00,
    0x00,0x00,0x8b,0xf0,0x85,0xc0,0x79,0x32,0x48,0x89,0x7c,0x24,0x28,0xc7,0x44,0x24,0x20,0x92,0x0f,0x00,0x00,0xe9,0x57,0xff,
    0xff,0xff,0x48,0x8b,0x88,0xd0,0x01,0x00,0x00,0x48,0x8b,0x01,0x48,0x8b,0x80,0xc8,0x00,0x00,0x00,0xe8,0x00,0x00,0x00,0x00,
    0x8b,0xf0,0x85,0xc0,0x0f,0x88,0xb5,0x01,0x00,0x00,0x48,0x8b,0x55,0x38,0x49,0x3b,0x96,0xb8,0x02,0x00,0x00,0x75,0x2d,0x49,
    0x39,0xbe,0x18,0x02,0x00,0x00,0x74,0x24,0x49,0x8b,0xce,0xe8,0x00,0x00,0x00,0x00,0x8b,0xf0,0x85,0xc0,0x79,0x12,0x48,0x89,
    0x7c,0x24,0x28,0xc7,0x44,0x24,0x20,0x9c,0x0f,0x00,0x00,0xe9,0x01,0xff,0xff,0xff,0x48,0x8b,0x55,0x38,0x48,0x8b,0x82,0xd0,
    0x01,0x00,0x00,0x48,0x85,0xc0,0x74,0x35,0x48,0x8d,0x8b,0x90,0x00,0x00,0x00,0x41,0xb1,0x01,0x4c,0x8b,0x82,0xb8,0x01,0x00,
    0x00,0x48,0x8b,0xd0,0xe8,0x00,0x00,0x00,0x00,0x8b,0xf0,0x85,0xc0,0x79,0x12,0x48,0x89,0x7c,0x24,0x28,0xc7,0x44,0x24,0x20,
    0xa2,0x0f,0x00,0x00,0xe9,0xc0,0xfe,0xff,0xff,0x48,0x8b,0x55,0x38,0x48,0x8b,0x82,0xb8,0x01,0x00,0x00,0x48,0x85,0xc0,0x74,
    0x51,0xf6,0x80,0xc9,0x00,0x00,0x00,0x10,0x74,0x48,0x48,0x89,0x7d,0xf0,0x48,0x8d,0x4d,0xf0,0xe8,0x00,0x00,0x00,0x00,0x48,
    0x8b,0x45,0x38,0x4c,0x8d,0x4d,0xf0,0x45,0x33,0xc0,0x48,0x8b,0x90,0x88,0x00,0x00,0x00,0x49,0x8b,0xce,0xe8,0x00,0x00,0x00,
    0x00,0x8b,0xf0,0x85,0xc0,0x0f,0x88,0xc8,0x00,0x00,0x00,0x48,0x8b,0x4d,0xf0,0xe8,0x00,0x00,0x00,0x00,0x90,0x48,0x8d,0x4d,
    0xf0,0xe8,0x00,0x00,0x00,0x00,0x48,0x8b,0x55,0x38,0x48,0x8b,0x9a,0x58,0x02,0x00,0x00,0x48,0x85,0xdb,0x0f,0x84,0x51,0xfd,
    0xff,0xff,0x83,0xbb,0x78,0x02,0x00,0x00,0x01,0x0f,0x86,0x44,0xfd,0xff,0xff,0x4c,0x8b,0xff,0x48,0x8b,0x92,0x88,0x00,0x00,
    0x00,0x49,0x8b,0xce,0xe8,0x00,0x00,0x00,0x00,0x48,0x8b,0x55,0x38,0x48,0x85,0xc0,0x0f,0x84,0xda,0x00,0x00,0x00,0x48,0x8b,
    0x0a,0x48,0x3b,0xc8,0x0f,0x84,0xce,0x00,0x00,0x00,0x48,0x39,0x99,0x58,0x02,0x00,0x00,0x0f,0x84,0xbe,0x00,0x00,0x00,0x48,
    0x8b,0x09,0x48,0x3b,0xc8,0x75,0xeb,0x4c,0x8d,0x9b,0x60,0x02,0x00,0x00,0x4d,0x8b,0xf3,0x8b,0x8b,0x78,0x02,0x00,0x00,0xff,
    0xc9,0x49,0x8b,0x06,0x48,0x39,0x14,0xc8,0x0f,0x84,0xe5,0xfc,0xff,0xff,0x48,0x8d,0x55,0x38,0x49,0x8b,0xce,0xe8,0x00,0x00,
    0x00,0x00,0x41,0x8b,0x43,0x18,0x44,0x8d,0x40,0x01,0x44,0x3b,0xc0,0x0f,0x83,0xca,0x00,0x00,0x00,0x48,0x89,0x7c,0x24,0x28,
    0xc7,0x44,0x24,0x20,0xb3,0x00,0x00,0x00,0x41,0xb9,0x16,0x02,0x07,0x80,0xe9,0xa2,0xfc,0xff,0xff,0x48,0x89,0x7c,0x24,0x28,
    0xc7,0x44,0x24,0x20,0xa9,0x0f,0x00,0x00,0x44,0x8b,0xc8,0x45,0x33,0xc0,0x33,0xd2,0x8d,0x4a,0x14,0xe8,0x00,0x00,0x00,0x00,
    0x90,0x48,0x8d,0x4d,0xf0,0xe8,0x00,0x00,0x00,0x00,0xe9,0x84,0xfc,0xff,0xff,0x48,0x89,0x7c,0x24,0x28,0xc7,0x44,0x24,0x20,
    0x96,0x0f,0x00,0x00,0xe9,0x70,0xfd,0xff,0xff,0x48,0x89,0x7c,0x24,0x28,0xc7,0x44,0x24,0x20,0x8f,0x0f,0x00,0x00,0xe9,0x5e,
    0xfd,0xff,0xff,0x48,0x89,0x7c,0x24,0x28,0xc7,0x44,0x24,0x20,0x8b,0x0f,0x00,0x00,0xe9,0x4c,0xfd,0xff,0xff,0x4c,0x8b,0xf9,
    0x4c,0x8d,0x9b,0x60,0x02,0x00,0x00,0x4d,0x8b,0xf3,0x4d,0x85,0xff,0x0f,0x84,0x3e,0xff,0xff,0xff,0x48,0x8d,0x55,0x38,0x49,
    0x8b,0xcb,0xe8,0x00,0x00,0x00,0x00,0x49,0x8b,0x03,0x41,0x8b,0x4b,0x18,0x85,0xc9,0x74,0x0f,0x4c,0x3b,0x38,0x74,0x0a,0xff,
    0xc7,0x48,0x83,0xc0,0x08,0x3b,0xf9,0x72,0xf1,0x44,0x8b,0xc7,0x48,0x8d,0x55,0x38,0x49,0x8b,0xcb,0xe8,0x00,0x00,0x00,0x00,
    0xe9,0xfe,0xfb,0xff,0xff,0x45,0x3b,0x43,0x14,0x77,0x17,0x48,0x8b,0xd0,0x49,0x8b,0x0b,0x48,0x8b,0x45,0x38,0x48,0x89,0x04,
    0xd1,0x45,0x89,0x43,0x18,0xe9,0xe1,0xfb,0xff,0xff,0x4c,0x8d,0x4d,0x38,0xba,0x08,0x00,0x00,0x00,0x44,0x8d,0x42,0xf9,0x49,
    0x8b,0xcb,0xe8,0x00,0x00,0x00,0x00,0x85,0xc0,0x0f,0x89,0xc4,0xfb,0xff,0xff,0x48,0x89,0x7c,0x24,0x28,0xc7,0x44,0x24,0x20,
    0xbe,0x00,0x00,0x00,0xe9,0xb0,0xfc,0xff,0xff,0xb9,0x03,0x00,0x00,0x00,0xcd,0x29,
};
inline constexpr unsigned char kMask44[] = {
    0xff,0xff,0xff,0xff,0xff,0xff,0xff,0xff,0xff,0xff,0xff,0xff,0xff,0xff,0xff,0xff,0xff,0xff,0xff,0xff,0xff,0xff,0xff,0xff,
    0xff,0xff,0xff,0xff,0xff,0xff,0xff,0xff,0xff,0xff,0xff,0xff,0xff,0xff,0xff,0x00,0x00,0x00,0x00,0xff,0xff,0xff,0xff,0xff,
    0xff,0xff,0x00,0x00,0x00,0x00,0xff,0xff,0xff,0xff,0xff,0xff,0xff,0xff,0xff,0xff,0xff,0xff,0xff,0xff,0xff,0xff,0xff,0xff,
    0xff,0xff,0xff,0xff,0xff,0xff,0xff,0xff,0xff,0xff,0x00,0x00,0x00,0x00,0xff,0xff,0xff,0xff,0xff,0xff,0xff,0xff,0xff,0xff,
    0xff,0xff,0xff,0xff,0xff,0xff,0xff,0xff,0xff,0xff,0xff,0xff,0xff,0xff,0xff,0xff,0xff,0xff,0xff,0xff,0xff,0xff,0xff,0xff,
    0xff,0xff,0xff,0xff,0xff,0xff,0x00,0x00,0x00,0x00,0xff,0xff,0xff,0xff,0xff,0xff,0x00,0x00,0x00,0x00,0xff,0xff,0xff,0xff,
    0xff,0xff,0xff,0xff,0xff,0xff,0xff,0xff,0xff,0xff,0xff,0xff,0xff,0xff,0xff,0xff,0xff,0xff,0xff,0xff,0xff,0xff,0xff,0xff,
    0xff,0xff,0xff,0xff,0xff,0xff,0xff,0xff,0xff,0xff,0xff,0x00,0x00,0x00,0x00,0xff,0xff,0xff,0xff,0xff,0xff,0xff,0xff,0xff,
    0xff,0xff,0xff,0xff,0xff,0xff,0xff,0xff,0xff,0xff,0xff,0xff,0xff,0xff,0xff,0xff,0xff,0xff,0xff,0xff,0xff,0xff,0xff,0xff,
    0xff,0xff,0xff,0xff,0xff,0xff,0xff,0xff,0xff,0xff,0xff,0xff,0xff,0xff,0xff,0xff,0xff,0xff,0xff,0xff,0xff,0x00,0x00,0x00,
    0x00,0xff,0xff,0xff,0xff,0xff,0xff,0xff,0xff,0xff,0xff,0xff,0xff,0xff,0xff,0xff,0xff,0xff,0xff,0xff,0xff,0xff,0xff,0xff,
    0xff,0xff,0xff,0xff,0xff,0xff,0xff,0xff,0xff,0xff,0xff,0xff,0xff,0xff,0xff,0xff,0xff,0xff,0xff,0xff,0xff,0xff,0xff,0xff,
    0xff,0xff,0xff,0xff,0xff,0xff,0xff,0xff,0xff,0xff,0xff,0xff,0xff,0xff,0xff,0xff,0xff,0xff,0xff,0xff,0xff,0xff,0xff,0xff,
    0xff,0xff,0xff,0xff,0xff,0xff,0xff,0xff,0xff,0xff,0xff,0xff,0xff,0xff,0xff,0xff,0xff,0xff,0xff,0xff,0xff,0xff,0xff,0xff,
    0xff,0xff,0xff,0xff,0xff,0xff,0xff,0xff,0xff,0xff,0xff,0xff,0xff,0xff,0xff,0xff,0xff,0xff,0xff,0xff,0xff,0xff,0xff,0xff,
    0xff,0xff,0x00,0x00,0x00,0x00,0xff,0xff,0xff,0xff,0xff,0xff,0xff,0xff,0xff,0xff,0xff,0xff,0xff,0xff,0xff,0xff,0xff,0xff,
    0xff,0xff,0xff,0xff,0xff,0xff,0xff,0xff,0xff,0xff,0xff,0xff,0xff,0xff,0xff,0xff,0xff,0xff,0xff,0xff,0xff,0xff,0xff,0xff,
    0xff,0xff,0xff,0xff,0xff,0xff,0xff,0xff,0xff,0x00,0x00,0x00,0x00,0xff,0xff,0xff,0xff,0xff,0xff,0xff,0xff,0xff,0xff,0xff,
    0xff,0xff,0xff,0xff,0xff,0xff,0xff,0xff,0xff,0xff,0xff,0xff,0xff,0xff,0x00,0x00,0x00,0x00,0xff,0xff,0xff,0xff,0xff,0xff,
    0xff,0xff,0xff,0xff,0xff,0xff,0xff,0xff,0xff,0xff,0xff,0x00,0x00,0x00,0x00,0xff,0xff,0xff,0xff,0xff,0xff,0xff,0xff,0xff,
    0xff,0xff,0xff,0xff,0x00,0x00,0x00,0x00,0xff,0x00,0x00,0x00,0x00,0xff,0xff,0xff,0xff,0xff,0xff,0xff,0xff,0xff,0x00,0x00,
    0x00,0x00,0xff,0xff,0xff,0xff,0xff,0xff,0xff,0xff,0xff,0xff,0xff,0xff,0xff,0xff,0xff,0xff,0xff,0xff,0xff,0xff,0x00,0x00,
    0x00,0x00,0xff,0xff,0xff,0xff,0xff,0xff,0xff,0xff,0xff,0xff,0xff,0xff,0xff,0xff,0xff,0xff,0xff,0xff,0xff,0xff,0xff,0xff,
    0xff,0xff,0xff,0xff,0xff,0xff,0xff,0xff,0xff,0xff,0xff,0xff,0xff,0xff,0xff,0xff,0xff,0xff,0xff,0xff,0x00,0x00,0x00,0x00,
    0xff,0xff,0xff,0xff,0xff,0xff,0xff,0xff,0xff,0xff,0xff,0xff,0xff,0xff,0xff,0xff,0xff,0xff,0xff,0xff,0xff,0xff,0xff,0xff,
    0xff,0xff,0xff,0xff,0xff,0xff,0xff,0xff,0xff,0xff,0xff,0xff,0x00,0x00,0x00,0x00,0xff,0xff,0xff,0xff,0xff,0xff,0xff,0xff,
    0xff,0xff,0xff,0xff,0xff,0xff,0xff,0xff,0xff,0xff,0xff,0xff,0xff,0xff,0xff,0xff,0xff,0xff,0xff,0xff,0xff,0xff,0xff,0xff,
    0xff,0xff,0xff,0xff,0xff,0xff,0xff,0xff,0xff,0xff,0xff,0xff,0xff,0xff,0xff,0xff,0xff,0xff,0xff,0xff,0xff,0xff,0xff,0xff,
    0xff,0xff,0xff,0xff,0xff,0x00,0x00,0x00,0x00,0xff,0xff,0xff,0xff,0xff,0xff,0xff,0xff,0xff,0xff,0xff,0xff,0xff,0xff,0xff,
    0xff,0xff,0xff,0xff,0xff,0xff,0xff,0xff,0xff,0xff,0xff,0xff,0xff,0xff,0xff,0xff,0xff,0xff,0xff,0xff,0xff,0xff,0xff,0xff,
    0xff,0xff,0xff,0xff,0xff,0xff,0xff,0xff,0xff,0xff,0xff,0xff,0xff,0xff,0xff,0xff,0xff,0xff,0xff,0x00,0x00,0x00,0x00,0xff,
    0xff,0xff,0xff,0xff,0xff,0xff,0xff,0xff,0xff,0xff,0xff,0xff,0xff,0xff,0xff,0xff,0xff,0xff,0xff,0xff,0xff,0x00,0x00,0x00,
    0x00,0xff,0xff,0xff,0xff,0xff,0xff,0xff,0xff,0xff,0xff,0xff,0xff,0xff,0xff,0xff,0x00,0x00,0x00,0x00,0xff,0xff,0xff,0xff,
    0xff,0xff,0x00,0x00,0x00,0x00,0xff,0xff,0xff,0xff,0xff,0xff,0xff,0xff,0xff,0xff,0xff,0xff,0xff,0xff,0xff,0xff,0xff,0xff,
    0xff,0xff,0xff,0xff,0xff,0xff,0xff,0xff,0xff,0xff,0xff,0xff,0xff,0xff,0xff,0xff,0xff,0xff,0xff,0xff,0xff,0xff,0xff,0xff,
    0xff,0xff,0xff,0xff,0xff,0x00,0x00,0x00,0x00,0xff,0xff,0xff,0xff,0xff,0xff,0xff,0xff,0xff,0xff,0xff,0xff,0xff,0xff,0xff,
    0xff,0xff,0xff,0xff,0xff,0xff,0xff,0xff,0xff,0xff,0xff,0xff,0xff,0xff,0xff,0xff,0xff,0xff,0xff,0xff,0xff,0xff,0xff,0xff,
    0xff,0xff,0xff,0xff,0xff,0xff,0xff,0xff,0xff,0xff,0xff,0xff,0xff,0xff,0xff,0xff,0xff,0xff,0xff,0xff,0xff,0xff,0xff,0xff,
    0xff,0xff,0xff,0xff,0xff,0xff,0xff,0xff,0xff,0xff,0xff,0xff,0xff,0xff,0xff,0xff,0xff,0xff,0xff,0xff,0xff,0xff,0x00,0x00,
    0x00,0x00,0xff,0xff,0xff,0xff,0xff,0xff,0xff,0xff,0xff,0xff,0xff,0xff,0xff,0xff,0xff,0xff,0xff,0xff,0xff,0xff,0xff,0xff,
    0xff,0xff,0xff,0xff,0xff,0xff,0xff,0xff,0xff,0xff,0xff,0xff,0xff,0xff,0xff,0xff,0xff,0xff,0xff,0xff,0xff,0xff,0xff,0xff,
    0xff,0xff,0xff,0xff,0xff,0xff,0xff,0xff,0xff,0xff,0xff,0xff,0xff,0xff,0xff,0xff,0xff,0xff,0xff,0xff,0x00,0x00,0x00,0x00,
    0xff,0xff,0xff,0xff,0xff,0xff,0x00,0x00,0x00,0x00,0xff,0xff,0xff,0xff,0xff,0xff,0xff,0xff,0xff,0xff,0xff,0xff,0xff,0xff,
    0xff,0xff,0xff,0xff,0xff,0xff,0xff,0xff,0xff,0xff,0xff,0xff,0xff,0xff,0xff,0xff,0xff,0xff,0xff,0xff,0xff,0xff,0xff,0xff,
    0xff,0xff,0xff,0xff,0xff,0xff,0xff,0xff,0xff,0xff,0xff,0xff,0xff,0xff,0xff,0xff,0xff,0xff,0xff,0xff,0xff,0xff,0xff,0xff,
    0xff,0xff,0xff,0xff,0xff,0xff,0xff,0xff,0xff,0xff,0xff,0xff,0xff,0xff,0xff,0xff,0xff,0xff,0xff,0xff,0xff,0xff,0xff,0xff,
    0xff,0xff,0xff,0x00,0x00,0x00,0x00,0xff,0xff,0xff,0xff,0xff,0xff,0xff,0xff,0xff,0xff,0xff,0xff,0xff,0xff,0xff,0xff,0xff,
    0xff,0xff,0xff,0xff,0xff,0xff,0xff,0xff,0xff,0xff,0xff,0xff,0xff,0xff,0xff,0xff,0xff,0xff,0xff,0xff,0x00,0x00,0x00,0x00,
    0xff,0xff,0xff,0xff,0xff,0xff,0xff,0xff,0xff,0xff,0xff,0xff,0xff,0xff,0xff,0xff,0xff,0xff,0xff,0xff,0xff,0xff,0xff,0xff,
    0xff,0xff,0xff,0xff,0xff,0xff,0xff,0xff,0xff,0xff,0xff,0xff,0xff,0xff,0xff,0xff,0xff,0xff,0xff,0xff,0xff,0xff,0xff,0xff,
    0xff,0xff,0xff,0x00,0x00,0x00,0x00,0xff,0xff,0xff,0xff,0xff,0xff,0xff,0xff,0xff,0xff,0xff,0xff,0xff,0xff,0xff,0xff,0xff,
    0xff,0xff,0xff,0xff,0xff,0xff,0xff,0xff,0xff,0xff,0xff,0xff,0xff,0xff,0xff,0xff,
};
inline constexpr Reference kRefs44[] = {
    {39, 43, Section::Writable, Node::Count, Binding::CriticalSection, nullptr},
    {50, 54, Section::ReadOnly, Node::Count, Binding::None, "EnterCriticalSection"},
    {82, 86, Section::Code, Node::SyncedData, Binding::None, nullptr},
    {126, 130, Section::Code, Node::Count, Binding::None, nullptr},
    {136, 140, Section::Code, Node::Count, Binding::None, nullptr},
    {179, 183, Section::Code, Node::DesktopList, Binding::None, nullptr},
    {237, 241, Section::Code, Node::SyncedData, Binding::None, nullptr},
    {362, 366, Section::Code, Node::Reevaluate, Binding::None, nullptr},
    {417, 421, Section::Code, Node::Reevaluate, Binding::None, nullptr},
    {446, 450, Section::Code, Node::Count, Binding::None, nullptr},
    {467, 471, Section::Code, Node::Count, Binding::None, nullptr},
    {484, 488, Section::Writable, Node::Count, Binding::None, nullptr},
    {489, 493, Section::Code, Node::Count, Binding::None, nullptr},
    {502, 506, Section::Writable, Node::Count, Binding::DesktopManager, nullptr},
    {526, 530, Section::Code, Node::Count, Binding::None, nullptr},
    {572, 576, Section::Code, Node::Count, Binding::None, nullptr},
    {612, 616, Section::Code, Node::Count, Binding::None, nullptr},
    {677, 681, Section::Code, Node::InsertRelative, Binding::None, nullptr},
    {739, 743, Section::Code, Node::Count, Binding::None, nullptr},
    {765, 769, Section::Code, Node::Count, Binding::None, nullptr},
    {784, 788, Section::Code, Node::Count, Binding::None, nullptr},
    {794, 798, Section::Code, Node::Count, Binding::None, nullptr},
    {845, 849, Section::Code, Node::DesktopList, Binding::None, nullptr},
    {934, 938, Section::Code, Node::Count, Binding::None, nullptr},
    {1004, 1008, Section::Code, Node::Count, Binding::None, nullptr},
    {1014, 1018, Section::Code, Node::Count, Binding::None, nullptr},
    {1107, 1111, Section::Code, Node::Count, Binding::None, nullptr},
    {1148, 1152, Section::Code, Node::Count, Binding::None, nullptr},
    {1203, 1207, Section::Code, Node::Count, Binding::None, nullptr},
};
// UpdateScene
inline constexpr unsigned char kBytes45[] = {
    0x48,0x89,0x5c,0x24,0x08,0x48,0x89,0x74,0x24,0x18,0x57,0x48,0x83,0xec,0x20,0x48,0x8b,0xd9,0x48,0x8b,0x05,0x00,0x00,0x00,
    0x00,0x80,0x78,0x19,0x00,0x74,0x6b,0x48,0x8d,0x35,0x00,0x00,0x00,0x00,0x48,0x89,0x74,0x24,0x38,0x48,0x8b,0xce,0x48,0xff,
    0x15,0x00,0x00,0x00,0x00,0x0f,0x1f,0x44,0x00,0x00,0x90,0x48,0x8b,0x3d,0x00,0x00,0x00,0x00,0x48,0xff,0x15,0x00,0x00,0x00,
    0x00,0x0f,0x1f,0x44,0x00,0x00,0x3b,0x87,0x68,0x04,0x00,0x00,0x74,0x17,0x48,0x8b,0x0d,0x00,0x00,0x00,0x00,0x48,0x8b,0x89,
    0xb8,0x00,0x00,0x00,0xe8,0x00,0x00,0x00,0x00,0x85,0xc0,0x7f,0x6c,0x48,0x8b,0xcb,0xe8,0x00,0x00,0x00,0x00,0x8b,0xd8,0x85,
    0xc0,0x78,0x22,0x48,0x8b,0xce,0x48,0xff,0x15,0x00,0x00,0x00,0x00,0x0f,0x1f,0x44,0x00,0x00,0x33,0xc0,0x48,0x8b,0x5c,0x24,
    0x30,0x48,0x8b,0x74,0x24,0x40,0x48,0x83,0xc4,0x20,0x5f,0xc3,0xcc,0x48,0x8b,0x4c,0x24,0x28,0x44,0x8b,0xcb,0x4c,0x8d,0x05,
    0x00,0x00,0x00,0x00,0xba,0xc0,0x1b,0x00,0x00,0xe8,0x00,0x00,0x00,0x00,0x90,0x48,0x8b,0xce,0x48,0xff,0x15,0x00,0x00,0x00,
    0x00,0x0f,0x1f,0x44,0x00,0x00,0x8b,0xc3,0x48,0x8b,0x5c,0x24,0x30,0x48,0x8b,0x74,0x24,0x40,0x48,0x83,0xc4,0x20,0x5f,0xc3,
    0xcc,0xe8,0x00,0x00,0x00,0x00,0x90,0x48,0x8b,0xf8,0x48,0x85,0xc0,0x74,0x86,0x48,0x8b,0xc8,0xe8,0x00,0x00,0x00,0x00,0x48,
    0x8b,0xcf,0x84,0xc0,0x74,0x0a,0xe8,0x00,0x00,0x00,0x00,0xe9,0x7b,0xff,0xff,0xff,0xe8,0x00,0x00,0x00,0x00,0xe9,0x63,0xff,
    0xff,0xff,
};
inline constexpr unsigned char kMask45[] = {
    0xff,0xff,0xff,0xff,0xff,0xff,0xff,0xff,0xff,0xff,0xff,0xff,0xff,0xff,0xff,0xff,0xff,0xff,0xff,0xff,0xff,0x00,0x00,0x00,
    0x00,0xff,0xff,0xff,0xff,0xff,0xff,0xff,0xff,0xff,0x00,0x00,0x00,0x00,0xff,0xff,0xff,0xff,0xff,0xff,0xff,0xff,0xff,0xff,
    0xff,0x00,0x00,0x00,0x00,0xff,0xff,0xff,0xff,0xff,0xff,0xff,0xff,0xff,0x00,0x00,0x00,0x00,0xff,0xff,0xff,0x00,0x00,0x00,
    0x00,0xff,0xff,0xff,0xff,0xff,0xff,0xff,0xff,0xff,0xff,0xff,0xff,0xff,0xff,0xff,0xff,0x00,0x00,0x00,0x00,0xff,0xff,0xff,
    0xff,0xff,0xff,0xff,0xff,0x00,0x00,0x00,0x00,0xff,0xff,0xff,0xff,0xff,0xff,0xff,0xff,0x00,0x00,0x00,0x00,0xff,0xff,0xff,
    0xff,0xff,0xff,0xff,0xff,0xff,0xff,0xff,0xff,0x00,0x00,0x00,0x00,0xff,0xff,0xff,0xff,0xff,0xff,0xff,0xff,0xff,0xff,0xff,
    0xff,0xff,0xff,0xff,0xff,0xff,0xff,0xff,0xff,0xff,0xff,0xff,0xff,0xff,0xff,0xff,0xff,0xff,0xff,0xff,0xff,0xff,0xff,0xff,
    0x00,0x00,0x00,0x00,0xff,0xff,0xff,0xff,0xff,0xff,0x00,0x00,0x00,0x00,0xff,0xff,0xff,0xff,0xff,0xff,0xff,0x00,0x00,0x00,
    0x00,0xff,0xff,0xff,0xff,0xff,0xff,0xff,0xff,0xff,0xff,0xff,0xff,0xff,0xff,0xff,0xff,0xff,0xff,0xff,0xff,0xff,0xff,0xff,
    0xff,0xff,0x00,0x00,0x00,0x00,0xff,0xff,0xff,0xff,0xff,0xff,0xff,0xff,0xff,0xff,0xff,0xff,0xff,0x00,0x00,0x00,0x00,0xff,
    0xff,0xff,0xff,0xff,0xff,0xff,0xff,0x00,0x00,0x00,0x00,0xff,0xff,0xff,0xff,0xff,0xff,0x00,0x00,0x00,0x00,0xff,0xff,0xff,
    0xff,0xff,
};
inline constexpr Reference kRefs45[] = {
    {21, 25, Section::Writable, Node::Count, Binding::DesktopManager, nullptr},
    {34, 38, Section::Writable, Node::Count, Binding::CriticalSection, nullptr},
    {49, 53, Section::ReadOnly, Node::Count, Binding::None, "EnterCriticalSection"},
    {62, 66, Section::Writable, Node::Count, Binding::DesktopManager, nullptr},
    {69, 73, Section::ReadOnly, Node::Count, Binding::None, "GetCurrentThreadId"},
    {89, 93, Section::Writable, Node::Count, Binding::DesktopManager, nullptr},
    {101, 105, Section::Code, Node::Count, Binding::None, nullptr},
    {113, 117, Section::Code, Node::Count, Binding::None, nullptr},
    {129, 133, Section::ReadOnly, Node::Count, Binding::None, "LeaveCriticalSection"},
    {168, 172, Section::ReadOnly, Node::Count, Binding::None, nullptr},
    {178, 182, Section::Code, Node::Count, Binding::None, nullptr},
    {189, 193, Section::ReadOnly, Node::Count, Binding::None, "LeaveCriticalSection"},
    {218, 222, Section::Code, Node::Count, Binding::None, nullptr},
    {235, 239, Section::Code, Node::Count, Binding::None, nullptr},
    {247, 251, Section::Code, Node::Count, Binding::None, nullptr},
    {257, 261, Section::Code, Node::Count, Binding::None, nullptr},
};
// DestroyWindow
inline constexpr unsigned char kBytes46[] = {
    0x48,0x89,0x5c,0x24,0x08,0x48,0x89,0x74,0x24,0x10,0x55,0x57,0x41,0x56,0x48,0x8b,0xec,0x48,0x83,0xec,0x30,0x48,0x8b,0xda,
    0x48,0x8b,0xf1,0x48,0x8d,0x0d,0x00,0x00,0x00,0x00,0x48,0x89,0x4d,0xf0,0x48,0xff,0x15,0x00,0x00,0x00,0x00,0x0f,0x1f,0x44,
    0x00,0x00,0x90,0x48,0x83,0x65,0x30,0x00,0x4c,0x8d,0x4d,0x30,0x41,0xb0,0x01,0x48,0x8b,0xd3,0x48,0x8b,0xce,0xe8,0x00,0x00,
    0x00,0x00,0x48,0x8b,0x45,0x30,0x48,0x85,0xc0,0x0f,0x84,0x47,0x01,0x00,0x00,0x48,0x8b,0x48,0x18,0x48,0x85,0xc9,0x74,0x1a,
    0x48,0x8b,0x01,0x33,0xd2,0x48,0x8b,0x00,0xe8,0x00,0x00,0x00,0x00,0x48,0x8b,0x45,0x30,0x48,0x83,0x60,0x18,0x00,0x48,0x8b,
    0x45,0x30,0x4c,0x8b,0x70,0x28,0xf6,0x80,0xe4,0x02,0x00,0x00,0x02,0x74,0x14,0x48,0x8d,0x45,0x30,0x48,0x89,0x45,0x38,0x48,
    0x8d,0x55,0x38,0x48,0x8b,0xce,0xe8,0x00,0x00,0x00,0x00,0x48,0x8d,0x0d,0x00,0x00,0x00,0x00,0xe8,0x00,0x00,0x00,0x00,0x48,
    0x8b,0x55,0x30,0x84,0xc0,0x48,0x8b,0x05,0x00,0x00,0x00,0x00,0x74,0x25,0x48,0x8b,0x88,0xd8,0x01,0x00,0x00,0x48,0x8b,0x01,
    0x48,0x8b,0x80,0xb8,0x00,0x00,0x00,0xe8,0x00,0x00,0x00,0x00,0x48,0x8b,0x4d,0x18,0x85,0xc0,0x79,0x39,0xba,0x14,0x0a,0x00,
    0x00,0xeb,0x23,0x48,0x8b,0x88,0xd0,0x01,0x00,0x00,0x48,0x8b,0x01,0x48,0x8b,0x80,0xc0,0x00,0x00,0x00,0xe8,0x00,0x00,0x00,
    0x00,0x48,0x8b,0x4d,0x18,0x85,0xc0,0x79,0x14,0xba,0x18,0x0a,0x00,0x00,0x44,0x8b,0xc8,0x4c,0x8d,0x05,0x00,0x00,0x00,0x00,
    0xe8,0x00,0x00,0x00,0x00,0x48,0x8d,0x0d,0x00,0x00,0x00,0x00,0xe8,0x00,0x00,0x00,0x00,0x84,0xc0,0x74,0x28,0x48,0x8b,0x7d,
    0x30,0x48,0x8b,0xbf,0xa8,0x02,0x00,0x00,0x48,0x8b,0x1f,0x48,0x3b,0xdf,0x74,0x15,0x48,0x8b,0x4b,0x18,0x48,0xff,0x15,0x00,
    0x00,0x00,0x00,0x0f,0x1f,0x44,0x00,0x00,0x48,0x8b,0x1b,0xeb,0xe6,0x48,0x8b,0x45,0x30,0xf6,0x80,0xe0,0x02,0x00,0x00,0x04,
    0x75,0x34,0x48,0x8b,0x10,0x48,0x8b,0x48,0x08,0x48,0x39,0x42,0x08,0x75,0x5e,0x48,0x39,0x01,0x75,0x59,0x48,0x89,0x11,0x48,
    0x89,0x4a,0x08,0x48,0x8b,0x45,0x30,0x48,0x89,0x40,0x08,0x48,0x8b,0x45,0x30,0x48,0x89,0x00,0x48,0x8b,0x55,0x30,0x48,0x8b,
    0xce,0xe8,0x00,0x00,0x00,0x00,0x48,0x8b,0x8e,0x10,0x02,0x00,0x00,0x48,0x85,0xc9,0x74,0x0c,0x4c,0x3b,0x71,0x08,0x75,0x06,
    0xe8,0x00,0x00,0x00,0x00,0x90,0x48,0x8d,0x4d,0xf0,0xe8,0x00,0x00,0x00,0x00,0x33,0xc0,0x48,0x8b,0x5c,0x24,0x50,0x48,0x8b,
    0x74,0x24,0x58,0x48,0x83,0xc4,0x30,0x41,0x5e,0x5f,0x5d,0xc3,0xcc,0xb9,0x03,0x00,0x00,0x00,0xcd,0x29,
};
inline constexpr unsigned char kMask46[] = {
    0xff,0xff,0xff,0xff,0xff,0xff,0xff,0xff,0xff,0xff,0xff,0xff,0xff,0xff,0xff,0xff,0xff,0xff,0xff,0xff,0xff,0xff,0xff,0xff,
    0xff,0xff,0xff,0xff,0xff,0xff,0x00,0x00,0x00,0x00,0xff,0xff,0xff,0xff,0xff,0xff,0xff,0x00,0x00,0x00,0x00,0xff,0xff,0xff,
    0xff,0xff,0xff,0xff,0xff,0xff,0xff,0xff,0xff,0xff,0xff,0xff,0xff,0xff,0xff,0xff,0xff,0xff,0xff,0xff,0xff,0xff,0x00,0x00,
    0x00,0x00,0xff,0xff,0xff,0xff,0xff,0xff,0xff,0xff,0xff,0xff,0xff,0xff,0xff,0xff,0xff,0xff,0xff,0xff,0xff,0xff,0xff,0xff,
    0xff,0xff,0xff,0xff,0xff,0xff,0xff,0xff,0xff,0x00,0x00,0x00,0x00,0xff,0xff,0xff,0xff,0xff,0xff,0xff,0xff,0xff,0xff,0xff,
    0xff,0xff,0xff,0xff,0xff,0xff,0xff,0xff,0xff,0xff,0xff,0xff,0xff,0xff,0xff,0xff,0xff,0xff,0xff,0xff,0xff,0xff,0xff,0xff,
    0xff,0xff,0xff,0xff,0xff,0xff,0xff,0x00,0x00,0x00,0x00,0xff,0xff,0xff,0x00,0x00,0x00,0x00,0xff,0x00,0x00,0x00,0x00,0xff,
    0xff,0xff,0xff,0xff,0xff,0xff,0xff,0xff,0x00,0x00,0x00,0x00,0xff,0xff,0xff,0xff,0xff,0xff,0xff,0xff,0xff,0xff,0xff,0xff,
    0xff,0xff,0xff,0xff,0xff,0xff,0xff,0xff,0x00,0x00,0x00,0x00,0xff,0xff,0xff,0xff,0xff,0xff,0xff,0xff,0xff,0xff,0xff,0xff,
    0xff,0xff,0xff,0xff,0xff,0xff,0xff,0xff,0xff,0xff,0xff,0xff,0xff,0xff,0xff,0xff,0xff,0xff,0xff,0xff,0xff,0x00,0x00,0x00,
    0x00,0xff,0xff,0xff,0xff,0xff,0xff,0xff,0xff,0xff,0xff,0xff,0xff,0xff,0xff,0xff,0xff,0xff,0xff,0xff,0x00,0x00,0x00,0x00,
    0xff,0x00,0x00,0x00,0x00,0xff,0xff,0xff,0x00,0x00,0x00,0x00,0xff,0x00,0x00,0x00,0x00,0xff,0xff,0xff,0xff,0xff,0xff,0xff,
    0xff,0xff,0xff,0xff,0xff,0xff,0xff,0xff,0xff,0xff,0xff,0xff,0xff,0xff,0xff,0xff,0xff,0xff,0xff,0xff,0xff,0xff,0xff,0x00,
    0x00,0x00,0x00,0xff,0xff,0xff,0xff,0xff,0xff,0xff,0xff,0xff,0xff,0xff,0xff,0xff,0xff,0xff,0xff,0xff,0xff,0xff,0xff,0xff,
    0xff,0xff,0xff,0xff,0xff,0xff,0xff,0xff,0xff,0xff,0xff,0xff,0xff,0xff,0xff,0xff,0xff,0xff,0xff,0xff,0xff,0xff,0xff,0xff,
    0xff,0xff,0xff,0xff,0xff,0xff,0xff,0xff,0xff,0xff,0xff,0xff,0xff,0xff,0xff,0xff,0xff,0xff,0xff,0xff,0xff,0xff,0xff,0xff,
    0xff,0xff,0x00,0x00,0x00,0x00,0xff,0xff,0xff,0xff,0xff,0xff,0xff,0xff,0xff,0xff,0xff,0xff,0xff,0xff,0xff,0xff,0xff,0xff,
    0xff,0x00,0x00,0x00,0x00,0xff,0xff,0xff,0xff,0xff,0xff,0x00,0x00,0x00,0x00,0xff,0xff,0xff,0xff,0xff,0xff,0xff,0xff,0xff,
    0xff,0xff,0xff,0xff,0xff,0xff,0xff,0xff,0xff,0xff,0xff,0xff,0xff,0xff,0xff,0xff,0xff,0xff,0xff,0xff,
};
inline constexpr Reference kRefs46[] = {
    {30, 34, Section::Writable, Node::Count, Binding::CriticalSection, nullptr},
    {41, 45, Section::ReadOnly, Node::Count, Binding::None, "EnterCriticalSection"},
    {70, 74, Section::Code, Node::SyncedData, Binding::None, nullptr},
    {105, 109, Section::Code, Node::Count, Binding::None, nullptr},
    {151, 155, Section::Code, Node::Count, Binding::None, nullptr},
    {158, 162, Section::Writable, Node::Count, Binding::None, nullptr},
    {163, 167, Section::Code, Node::Count, Binding::None, nullptr},
    {176, 180, Section::Writable, Node::Count, Binding::DesktopManager, nullptr},
    {200, 204, Section::Code, Node::Count, Binding::None, nullptr},
    {237, 241, Section::Code, Node::Count, Binding::None, nullptr},
    {260, 264, Section::ReadOnly, Node::Count, Binding::None, nullptr},
    {265, 269, Section::Code, Node::Count, Binding::None, nullptr},
    {272, 276, Section::Writable, Node::Count, Binding::None, nullptr},
    {277, 281, Section::Code, Node::Count, Binding::None, nullptr},
    {311, 315, Section::ReadOnly, Node::Count, Binding::None, "SetEvent"},
    {386, 390, Section::Code, Node::Count, Binding::None, nullptr},
    {409, 413, Section::Code, Node::Count, Binding::None, nullptr},
    {419, 423, Section::Code, Node::Count, Binding::None, nullptr},
};
// SyncedData
inline constexpr unsigned char kBytes47[] = {
    0x48,0x89,0x5c,0x24,0x08,0x48,0x89,0x6c,0x24,0x18,0x56,0x57,0x41,0x56,0x48,0x83,0xec,0x20,0x4d,0x8b,0xf1,0x41,0x8a,0xf0,
    0x48,0x8b,0xfa,0x48,0x8b,0xe9,0x48,0x8b,0x02,0x48,0x8b,0xca,0x48,0x8b,0x40,0x08,0xe8,0x00,0x00,0x00,0x00,0x48,0x8b,0xd8,
    0x48,0x85,0xc0,0x0f,0x85,0x8e,0x00,0x00,0x00,0x40,0x84,0xf6,0x74,0x14,0x48,0x8b,0x0f,0x48,0x8b,0x41,0x10,0x48,0x8b,0xcf,
    0xe8,0x00,0x00,0x00,0x00,0x48,0x85,0xc0,0x74,0x75,0xb9,0xa0,0x03,0x00,0x00,0xe8,0x00,0x00,0x00,0x00,0x48,0x89,0x44,0x24,
    0x48,0x48,0x85,0xc0,0x74,0x0d,0x48,0x8b,0xc8,0xe8,0x00,0x00,0x00,0x00,0x48,0x8b,0xd8,0xeb,0x02,0x33,0xdb,0x48,0x85,0xdb,
    0x75,0x17,0x48,0x8b,0x4c,0x24,0x38,0x4c,0x8d,0x05,0x00,0x00,0x00,0x00,0xba,0x6e,0x09,0x00,0x00,0xe8,0x00,0x00,0x00,0x00,
    0xcc,0x48,0x89,0x7b,0x18,0x48,0x8b,0x07,0x48,0x8b,0xd3,0x48,0x8b,0xcf,0x48,0x8b,0x00,0xe8,0x00,0x00,0x00,0x00,0x48,0x8b,
    0x07,0x48,0x8b,0xcf,0x48,0x8b,0x40,0x18,0xe8,0x00,0x00,0x00,0x00,0x48,0x89,0x43,0x28,0x4c,0x8b,0xc3,0x48,0x8b,0xd7,0x48,
    0x8b,0xcd,0xe8,0x00,0x00,0x00,0x00,0x49,0x89,0x1e,0x48,0x8b,0x5c,0x24,0x40,0x48,0x8b,0x6c,0x24,0x50,0x48,0x83,0xc4,0x20,
    0x41,0x5e,0x5f,0x5e,0xc3,
};
inline constexpr unsigned char kMask47[] = {
    0xff,0xff,0xff,0xff,0xff,0xff,0xff,0xff,0xff,0xff,0xff,0xff,0xff,0xff,0xff,0xff,0xff,0xff,0xff,0xff,0xff,0xff,0xff,0xff,
    0xff,0xff,0xff,0xff,0xff,0xff,0xff,0xff,0xff,0xff,0xff,0xff,0xff,0xff,0xff,0xff,0xff,0x00,0x00,0x00,0x00,0xff,0xff,0xff,
    0xff,0xff,0xff,0xff,0xff,0xff,0xff,0xff,0xff,0xff,0xff,0xff,0xff,0xff,0xff,0xff,0xff,0xff,0xff,0xff,0xff,0xff,0xff,0xff,
    0xff,0x00,0x00,0x00,0x00,0xff,0xff,0xff,0xff,0xff,0xff,0xff,0xff,0xff,0xff,0xff,0x00,0x00,0x00,0x00,0xff,0xff,0xff,0xff,
    0xff,0xff,0xff,0xff,0xff,0xff,0xff,0xff,0xff,0xff,0x00,0x00,0x00,0x00,0xff,0xff,0xff,0xff,0xff,0xff,0xff,0xff,0xff,0xff,
    0xff,0xff,0xff,0xff,0xff,0xff,0xff,0xff,0xff,0xff,0x00,0x00,0x00,0x00,0xff,0xff,0xff,0xff,0xff,0xff,0x00,0x00,0x00,0x00,
    0xff,0xff,0xff,0xff,0xff,0xff,0xff,0xff,0xff,0xff,0xff,0xff,0xff,0xff,0xff,0xff,0xff,0xff,0x00,0x00,0x00,0x00,0xff,0xff,
    0xff,0xff,0xff,0xff,0xff,0xff,0xff,0xff,0xff,0x00,0x00,0x00,0x00,0xff,0xff,0xff,0xff,0xff,0xff,0xff,0xff,0xff,0xff,0xff,
    0xff,0xff,0xff,0x00,0x00,0x00,0x00,0xff,0xff,0xff,0xff,0xff,0xff,0xff,0xff,0xff,0xff,0xff,0xff,0xff,0xff,0xff,0xff,0xff,
    0xff,0xff,0xff,0xff,0xff,
};
inline constexpr Reference kRefs47[] = {
    {41, 45, Section::Code, Node::Count, Binding::None, nullptr},
    {73, 77, Section::Code, Node::Count, Binding::None, nullptr},
    {88, 92, Section::Code, Node::Count, Binding::None, nullptr},
    {106, 110, Section::Code, Node::Count, Binding::None, nullptr},
    {130, 134, Section::ReadOnly, Node::Count, Binding::None, nullptr},
    {140, 144, Section::Code, Node::Count, Binding::None, nullptr},
    {162, 166, Section::Code, Node::Count, Binding::None, nullptr},
    {177, 181, Section::Code, Node::Count, Binding::None, nullptr},
    {195, 199, Section::Code, Node::Count, Binding::None, nullptr},
};
// Reevaluate
inline constexpr unsigned char kBytes48[] = {
    0x48,0x8b,0xc4,0x48,0x89,0x58,0x08,0x48,0x89,0x68,0x20,0x56,0x57,0x41,0x56,0x48,0x81,0xec,0x80,0x00,0x00,0x00,0x41,0x0f,
    0xb6,0xe8,0x48,0x8b,0xfa,0x4c,0x8b,0xf1,0x48,0x39,0x12,0x0f,0x84,0xfb,0x00,0x00,0x00,0x0f,0x57,0xc0,0x48,0xc7,0x40,0xc8,
    0xff,0xff,0xff,0xff,0x66,0x0f,0x7f,0x40,0x98,0x33,0xdb,0x48,0x89,0x58,0x90,0x0f,0x57,0xc9,0x66,0x0f,0x7f,0x48,0xa8,0x48,
    0x83,0xc1,0x08,0x66,0x0f,0x7f,0x40,0xb8,0x88,0x58,0xd0,0x0f,0x11,0x40,0xd8,0x48,0x8b,0x82,0x88,0x00,0x00,0x00,0x48,0x8d,
    0x54,0x24,0x20,0x48,0x89,0x44,0x24,0x20,0x48,0xff,0x15,0x00,0x00,0x00,0x00,0x0f,0x1f,0x44,0x00,0x00,0x48,0x85,0xc0,0x48,
    0x8d,0x70,0x50,0x48,0x0f,0x44,0xf3,0x48,0x8b,0xdf,0x40,0x84,0xed,0x75,0x33,0xf6,0x83,0xe0,0x02,0x00,0x00,0x01,0x75,0x17,
    0x48,0x8b,0x1b,0x40,0x32,0xed,0x48,0x85,0xdb,0x74,0x40,0x48,0x3b,0xde,0x74,0x3b,0x48,0x3b,0xdf,0x75,0xe2,0xeb,0x34,0x48,
    0x8b,0x83,0xb8,0x01,0x00,0x00,0x48,0x85,0xc0,0x74,0xdd,0x48,0x83,0x78,0x18,0x00,0x74,0xd6,0x48,0x8b,0xd6,0x48,0x8b,0xcb,
    0xe8,0x00,0x00,0x00,0x00,0x0f,0xb6,0x8b,0xe6,0x02,0x00,0x00,0xc0,0xe9,0x04,0x80,0xe1,0x01,0x3a,0xc1,0x75,0x20,0x40,0x84,
    0xed,0x75,0x7d,0x33,0xc0,0x4c,0x8d,0x9c,0x24,0x80,0x00,0x00,0x00,0x49,0x8b,0x5b,0x20,0x49,0x8b,0x6b,0x38,0x49,0x8b,0xe3,
    0x41,0x5e,0x5f,0x5e,0xc3,0xcc,0x48,0x8b,0xd3,0xe8,0x00,0x00,0x00,0x00,0x8b,0xe8,0x85,0xc0,0x79,0x8c,0x48,0x8b,0x8c,0x24,
    0x98,0x00,0x00,0x00,0x4c,0x8d,0x05,0x00,0x00,0x00,0x00,0x44,0x8b,0xc8,0xba,0x88,0x21,0x00,0x00,0xe8,0x00,0x00,0x00,0x00,
    0x8b,0xc5,0xeb,0xb9,0xf6,0x82,0xe6,0x02,0x00,0x00,0x10,0x74,0xae,0xe8,0x00,0x00,0x00,0x00,0x8b,0xd8,0x85,0xc0,0x79,0xa3,
    0x48,0x8b,0x8c,0x24,0x98,0x00,0x00,0x00,0x4c,0x8d,0x05,0x00,0x00,0x00,0x00,0x44,0x8b,0xc8,0xba,0x78,0x21,0x00,0x00,0xe8,
    0x00,0x00,0x00,0x00,0x8b,0xc3,0xeb,0x85,0x48,0x8b,0xd3,0x49,0x8b,0xce,0xe8,0x00,0x00,0x00,0x00,0x8b,0xe8,0x85,0xc0,0x0f,
    0x89,0x23,0xff,0xff,0xff,0x48,0x8b,0x8c,0x24,0x98,0x00,0x00,0x00,0x4c,0x8d,0x05,0x00,0x00,0x00,0x00,0x44,0x8b,0xc8,0xba,
    0x8f,0x21,0x00,0x00,0xe8,0x00,0x00,0x00,0x00,0x8b,0xc5,0xe9,0x4d,0xff,0xff,0xff,
};
inline constexpr unsigned char kMask48[] = {
    0xff,0xff,0xff,0xff,0xff,0xff,0xff,0xff,0xff,0xff,0xff,0xff,0xff,0xff,0xff,0xff,0xff,0xff,0xff,0xff,0xff,0xff,0xff,0xff,
    0xff,0xff,0xff,0xff,0xff,0xff,0xff,0xff,0xff,0xff,0xff,0xff,0xff,0xff,0xff,0xff,0xff,0xff,0xff,0xff,0xff,0xff,0xff,0xff,
    0xff,0xff,0xff,0xff,0xff,0xff,0xff,0xff,0xff,0xff,0xff,0xff,0xff,0xff,0xff,0xff,0xff,0xff,0xff,0xff,0xff,0xff,0xff,0xff,
    0xff,0xff,0xff,0xff,0xff,0xff,0xff,0xff,0xff,0xff,0xff,0xff,0xff,0xff,0xff,0xff,0xff,0xff,0xff,0xff,0xff,0xff,0xff,0xff,
    0xff,0xff,0xff,0xff,0xff,0xff,0xff,0xff,0xff,0xff,0xff,0x00,0x00,0x00,0x00,0xff,0xff,0xff,0xff,0xff,0xff,0xff,0xff,0xff,
    0xff,0xff,0xff,0xff,0xff,0xff,0xff,0xff,0xff,0xff,0xff,0xff,0xff,0xff,0xff,0xff,0xff,0xff,0xff,0xff,0xff,0xff,0xff,0xff,
    0xff,0xff,0xff,0xff,0xff,0xff,0xff,0xff,0xff,0xff,0xff,0xff,0xff,0xff,0xff,0xff,0xff,0xff,0xff,0xff,0xff,0xff,0xff,0xff,
    0xff,0xff,0xff,0xff,0xff,0xff,0xff,0xff,0xff,0xff,0xff,0xff,0xff,0xff,0xff,0xff,0xff,0xff,0xff,0xff,0xff,0xff,0xff,0xff,
    0xff,0x00,0x00,0x00,0x00,0xff,0xff,0xff,0xff,0xff,0xff,0xff,0xff,0xff,0xff,0xff,0xff,0xff,0xff,0xff,0xff,0xff,0xff,0xff,
    0xff,0xff,0xff,0xff,0xff,0xff,0xff,0xff,0xff,0xff,0xff,0xff,0xff,0xff,0xff,0xff,0xff,0xff,0xff,0xff,0xff,0xff,0xff,0xff,
    0xff,0xff,0xff,0xff,0xff,0xff,0xff,0xff,0xff,0xff,0x00,0x00,0x00,0x00,0xff,0xff,0xff,0xff,0xff,0xff,0xff,0xff,0xff,0xff,
    0xff,0xff,0xff,0xff,0xff,0xff,0xff,0x00,0x00,0x00,0x00,0xff,0xff,0xff,0xff,0xff,0xff,0xff,0xff,0xff,0x00,0x00,0x00,0x00,
    0xff,0xff,0xff,0xff,0xff,0xff,0xff,0xff,0xff,0xff,0xff,0xff,0xff,0xff,0x00,0x00,0x00,0x00,0xff,0xff,0xff,0xff,0xff,0xff,
    0xff,0xff,0xff,0xff,0xff,0xff,0xff,0xff,0xff,0xff,0xff,0x00,0x00,0x00,0x00,0xff,0xff,0xff,0xff,0xff,0xff,0xff,0xff,0xff,
    0x00,0x00,0x00,0x00,0xff,0xff,0xff,0xff,0xff,0xff,0xff,0xff,0xff,0xff,0xff,0x00,0x00,0x00,0x00,0xff,0xff,0xff,0xff,0xff,
    0xff,0xff,0xff,0xff,0xff,0xff,0xff,0xff,0xff,0xff,0xff,0xff,0xff,0xff,0xff,0xff,0x00,0x00,0x00,0x00,0xff,0xff,0xff,0xff,
    0xff,0xff,0xff,0xff,0xff,0x00,0x00,0x00,0x00,0xff,0xff,0xff,0xff,0xff,0xff,0xff,
};
inline constexpr Reference kRefs48[] = {
    {107, 111, Section::ReadOnly, Node::Count, Binding::None, "RtlLookupElementGenericTable"},
    {193, 197, Section::Code, Node::Count, Binding::None, nullptr},
    {250, 254, Section::Code, Node::Count, Binding::None, nullptr},
    {271, 275, Section::ReadOnly, Node::Count, Binding::None, nullptr},
    {284, 288, Section::Code, Node::Count, Binding::None, nullptr},
    {302, 306, Section::Code, Node::Count, Binding::None, nullptr},
    {323, 327, Section::ReadOnly, Node::Count, Binding::None, nullptr},
    {336, 340, Section::Code, Node::Count, Binding::None, nullptr},
    {351, 355, Section::Code, Node::InsertTree, Binding::None, nullptr},
    {376, 380, Section::ReadOnly, Node::Count, Binding::None, nullptr},
    {389, 393, Section::Code, Node::Count, Binding::None, nullptr},
};
// InsertTree
inline constexpr unsigned char kBytes49[] = {
    0x48,0x8b,0xc4,0x48,0x89,0x58,0x08,0x48,0x89,0x70,0x10,0x57,0x48,0x81,0xec,0x80,0x00,0x00,0x00,0xf6,0x82,0xe6,0x02,0x00,
    0x00,0x10,0x48,0x8b,0xda,0x48,0x8b,0xf1,0x0f,0x85,0xbc,0x00,0x00,0x00,0x48,0x83,0x60,0xa0,0x00,0x0f,0x57,0xc0,0x48,0x83,
    0x48,0xd8,0xff,0x0f,0x57,0xc9,0x66,0x0f,0x7f,0x40,0xa8,0x48,0x83,0xc1,0x08,0x66,0x0f,0x7f,0x48,0xb8,0x66,0x0f,0x7f,0x40,
    0xc8,0x0f,0x11,0x40,0xe8,0xc6,0x40,0xe0,0x00,0x48,0x8b,0x82,0x88,0x00,0x00,0x00,0x48,0x8d,0x54,0x24,0x20,0x48,0x89,0x44,
    0x24,0x20,0x48,0xff,0x15,0x00,0x00,0x00,0x00,0x0f,0x1f,0x44,0x00,0x00,0x48,0x85,0xc0,0x74,0x6b,0x48,0x8b,0x78,0x18,0x48,
    0x8b,0xd3,0x48,0x8b,0xce,0xe8,0x00,0x00,0x00,0x00,0x48,0x8b,0x93,0xb8,0x01,0x00,0x00,0x4c,0x8b,0xc0,0x48,0x8b,0xcf,0xe8,
    0x00,0x00,0x00,0x00,0x8b,0xf0,0x85,0xc0,0x78,0x24,0x48,0x8b,0x93,0xd0,0x01,0x00,0x00,0x48,0x85,0xd2,0x75,0x69,0x33,0xc0,
    0x4c,0x8d,0x9c,0x24,0x80,0x00,0x00,0x00,0x49,0x8b,0x5b,0x10,0x49,0x8b,0x73,0x18,0x49,0x8b,0xe3,0x5f,0xc3,0xcc,0x48,0x8b,
    0x8c,0x24,0x88,0x00,0x00,0x00,0x4c,0x8d,0x05,0x00,0x00,0x00,0x00,0x44,0x8b,0xce,0xba,0xb4,0x0c,0x00,0x00,0xe8,0x00,0x00,
    0x00,0x00,0x8b,0xc6,0xeb,0xca,0x33,0xff,0xeb,0x95,0x48,0x8b,0x82,0x58,0x02,0x00,0x00,0x48,0x8b,0x88,0xb8,0x01,0x00,0x00,
    0x48,0x8b,0xb9,0xf8,0x00,0x00,0x00,0x8b,0x8f,0xb0,0x00,0x00,0x00,0x48,0x8b,0x87,0x98,0x00,0x00,0x00,0xff,0xc9,0x48,0x8b,
    0x04,0xc8,0xe9,0x73,0xff,0xff,0xff,0x48,0x83,0x7a,0x18,0x00,0x74,0x90,0x4c,0x8b,0x83,0xb8,0x01,0x00,0x00,0x48,0x8b,0xcf,
    0xe8,0x00,0x00,0x00,0x00,0x8b,0xd8,0x85,0xc0,0x0f,0x89,0x77,0xff,0xff,0xff,0x48,0x8b,0x8c,0x24,0x88,0x00,0x00,0x00,0x4c,
    0x8d,0x05,0x00,0x00,0x00,0x00,0x44,0x8b,0xc8,0xba,0xb8,0x0c,0x00,0x00,0xe8,0x00,0x00,0x00,0x00,0x8b,0xc3,0xe9,0x56,0xff,
    0xff,0xff,
};
inline constexpr unsigned char kMask49[] = {
    0xff,0xff,0xff,0xff,0xff,0xff,0xff,0xff,0xff,0xff,0xff,0xff,0xff,0xff,0xff,0xff,0xff,0xff,0xff,0xff,0xff,0xff,0xff,0xff,
    0xff,0xff,0xff,0xff,0xff,0xff,0xff,0xff,0xff,0xff,0xff,0xff,0xff,0xff,0xff,0xff,0xff,0xff,0xff,0xff,0xff,0xff,0xff,0xff,
    0xff,0xff,0xff,0xff,0xff,0xff,0xff,0xff,0xff,0xff,0xff,0xff,0xff,0xff,0xff,0xff,0xff,0xff,0xff,0xff,0xff,0xff,0xff,0xff,
    0xff,0xff,0xff,0xff,0xff,0xff,0xff,0xff,0xff,0xff,0xff,0xff,0xff,0xff,0xff,0xff,0xff,0xff,0xff,0xff,0xff,0xff,0xff,0xff,
    0xff,0xff,0xff,0xff,0xff,0x00,0x00,0x00,0x00,0xff,0xff,0xff,0xff,0xff,0xff,0xff,0xff,0xff,0xff,0xff,0xff,0xff,0xff,0xff,
    0xff,0xff,0xff,0xff,0xff,0xff,0x00,0x00,0x00,0x00,0xff,0xff,0xff,0xff,0xff,0xff,0xff,0xff,0xff,0xff,0xff,0xff,0xff,0xff,
    0x00,0x00,0x00,0x00,0xff,0xff,0xff,0xff,0xff,0xff,0xff,0xff,0xff,0xff,0xff,0xff,0xff,0xff,0xff,0xff,0xff,0xff,0xff,0xff,
    0xff,0xff,0xff,0xff,0xff,0xff,0xff,0xff,0xff,0xff,0xff,0xff,0xff,0xff,0xff,0xff,0xff,0xff,0xff,0xff,0xff,0xff,0xff,0xff,
    0xff,0xff,0xff,0xff,0xff,0xff,0xff,0xff,0xff,0x00,0x00,0x00,0x00,0xff,0xff,0xff,0xff,0xff,0xff,0xff,0xff,0xff,0x00,0x00,
    0x00,0x00,0xff,0xff,0xff,0xff,0xff,0xff,0xff,0xff,0xff,0xff,0xff,0xff,0xff,0xff,0xff,0xff,0xff,0xff,0xff,0xff,0xff,0xff,
    0xff,0xff,0xff,0xff,0xff,0xff,0xff,0xff,0xff,0xff,0xff,0xff,0xff,0xff,0xff,0xff,0xff,0xff,0xff,0xff,0xff,0xff,0xff,0xff,
    0xff,0xff,0xff,0xff,0xff,0xff,0xff,0xff,0xff,0xff,0xff,0xff,0xff,0xff,0xff,0xff,0xff,0xff,0xff,0xff,0xff,0xff,0xff,0xff,
    0xff,0x00,0x00,0x00,0x00,0xff,0xff,0xff,0xff,0xff,0xff,0xff,0xff,0xff,0xff,0xff,0xff,0xff,0xff,0xff,0xff,0xff,0xff,0xff,
    0xff,0xff,0x00,0x00,0x00,0x00,0xff,0xff,0xff,0xff,0xff,0xff,0xff,0xff,0xff,0x00,0x00,0x00,0x00,0xff,0xff,0xff,0xff,0xff,
    0xff,0xff,
};
inline constexpr Reference kRefs49[] = {
    {101, 105, Section::ReadOnly, Node::Count, Binding::None, "RtlLookupElementGenericTable"},
    {126, 130, Section::Code, Node::PrecedingVisual, Binding::None, nullptr},
    {144, 148, Section::Code, Node::InsertAfter, Binding::None, nullptr},
    {201, 205, Section::ReadOnly, Node::Count, Binding::None, nullptr},
    {214, 218, Section::Code, Node::Count, Binding::None, nullptr},
    {289, 293, Section::Code, Node::InsertAfter, Binding::None, nullptr},
    {314, 318, Section::ReadOnly, Node::Count, Binding::None, nullptr},
    {327, 331, Section::Code, Node::Count, Binding::None, nullptr},
};
// ZOrder
inline constexpr unsigned char kBytes50[] = {
    0x48,0x89,0x5c,0x24,0x08,0x48,0x89,0x74,0x24,0x10,0x48,0x89,0x7c,0x24,0x18,0x55,0x41,0x56,0x41,0x57,0x48,0x8b,0xec,0x48,
    0x83,0xec,0x40,0x4d,0x8b,0xf8,0x48,0x8b,0xda,0x4c,0x8b,0xf1,0x48,0x8d,0x0d,0x00,0x00,0x00,0x00,0x48,0x89,0x4d,0xf8,0x48,
    0xff,0x15,0x00,0x00,0x00,0x00,0x0f,0x1f,0x44,0x00,0x00,0x90,0x33,0xff,0x8b,0xf7,0x48,0x89,0x7d,0x38,0x4c,0x8d,0x4d,0x38,
    0x41,0xb0,0x01,0x48,0x8b,0xd3,0x49,0x8b,0xce,0xe8,0x00,0x00,0x00,0x00,0x48,0x8b,0x55,0x38,0x48,0x85,0xd2,0x75,0x49,0x48,
    0x89,0x7c,0x24,0x28,0xc7,0x44,0x24,0x20,0x67,0x0f,0x00,0x00,0x41,0xb9,0x06,0x00,0x07,0x80,0x41,0x8b,0xf1,0x45,0x33,0xc0,
    0x33,0xd2,0x8d,0x4a,0x14,0xe8,0x00,0x00,0x00,0x00,0x90,0x48,0x8d,0x4d,0xf8,0xe8,0x00,0x00,0x00,0x00,0x8b,0xc6,0x48,0x8b,
    0x5c,0x24,0x60,0x48,0x8b,0x74,0x24,0x68,0x48,0x8b,0x7c,0x24,0x70,0x48,0x83,0xc4,0x40,0x41,0x5f,0x41,0x5e,0x5d,0xc3,0xcc,
    0x48,0x8b,0x92,0x88,0x00,0x00,0x00,0x49,0x8b,0xce,0xe8,0x00,0x00,0x00,0x00,0x48,0x8b,0xd8,0x48,0x85,0xc0,0x75,0x17,0xbe,
    0x0e,0x00,0x07,0x80,0x48,0x89,0x7c,0x24,0x28,0xc7,0x44,0x24,0x20,0x6a,0x0f,0x00,0x00,0x44,0x8b,0xce,0xeb,0x9f,0x48,0x89,
    0x5d,0xf0,0x4d,0x85,0xff,0x74,0x2d,0x4c,0x8d,0x4d,0xf0,0x41,0xb0,0x01,0x49,0x8b,0xd7,0x49,0x8b,0xce,0xe8,0x00,0x00,0x00,
    0x00,0x48,0x8b,0x45,0xf0,0x48,0x85,0xc0,0x75,0x12,0x48,0x89,0x7c,0x24,0x28,0xc7,0x44,0x24,0x20,0x75,0x0f,0x00,0x00,0xe9,
    0x60,0xff,0xff,0xff,0x48,0x8b,0x4d,0x38,0x48,0x3b,0x08,0x0f,0x84,0x6a,0xff,0xff,0xff,0x48,0x8b,0x11,0x4c,0x8b,0x41,0x08,
    0x48,0x39,0x4a,0x08,0x0f,0x85,0xa7,0x03,0x00,0x00,0x49,0x39,0x08,0x0f,0x85,0x9e,0x03,0x00,0x00,0x49,0x89,0x10,0x4c,0x89,
    0x42,0x08,0x48,0x8b,0x4d,0x38,0x4c,0x8b,0x00,0x49,0x39,0x40,0x08,0x0f,0x85,0x86,0x03,0x00,0x00,0x4c,0x89,0x01,0x48,0x89,
    0x41,0x08,0x49,0x89,0x48,0x08,0x48,0x89,0x08,0x48,0x85,0xd2,0x74,0x2b,0x48,0x3b,0xd3,0x74,0x26,0x45,0x33,0xc0,0x49,0x8b,
    0xce,0xe8,0x00,0x00,0x00,0x00,0x8b,0xf0,0x85,0xc0,0x79,0x15,0x48,0x89,0x7c,0x24,0x28,0xc7,0x44,0x24,0x20,0x83,0x0f,0x00,
    0x00,0x44,0x8b,0xc8,0xe9,0xec,0xfe,0xff,0xff,0x48,0x8b,0x55,0x38,0x48,0x39,0xba,0xb8,0x01,0x00,0x00,0x0f,0x84,0x88,0x01,
    0x00,0x00,0x41,0xb0,0x01,0x49,0x8b,0xce,0xe8,0x00,0x00,0x00,0x00,0x8b,0xf0,0x85,0xc0,0x0f,0x88,0x74,0x02,0x00,0x00,0x48,
    0x8b,0x55,0x38,0x48,0x8b,0x92,0x88,0x00,0x00,0x00,0x49,0x8b,0xce,0xe8,0x00,0x00,0x00,0x00,0x48,0x8b,0xd8,0x48,0x8b,0x4d,
    0x38,0x33,0xd2,0x48,0x8b,0x89,0xc0,0x01,0x00,0x00,0xe8,0x00,0x00,0x00,0x00,0x8b,0xf0,0x85,0xc0,0x0f,0x88,0x30,0x02,0x00,
    0x00,0x48,0x8d,0x0d,0x00,0x00,0x00,0x00,0xe8,0x00,0x00,0x00,0x00,0x48,0x8b,0x55,0x38,0x84,0xc0,0x48,0x8b,0x05,0x00,0x00,
    0x00,0x00,0x74,0x2e,0x48,0x8b,0x88,0xd8,0x01,0x00,0x00,0x48,0x8b,0x01,0x48,0x8b,0x80,0xc0,0x00,0x00,0x00,0xe8,0x00,0x00,
    0x00,0x00,0x8b,0xf0,0x85,0xc0,0x79,0x32,0x48,0x89,0x7c,0x24,0x28,0xc7,0x44,0x24,0x20,0x91,0x0f,0x00,0x00,0xe9,0x57,0xff,
    0xff,0xff,0x48,0x8b,0x88,0xd0,0x01,0x00,0x00,0x48,0x8b,0x01,0x48,0x8b,0x80,0xc8,0x00,0x00,0x00,0xe8,0x00,0x00,0x00,0x00,
    0x8b,0xf0,0x85,0xc0,0x0f,0x88,0xb5,0x01,0x00,0x00,0x48,0x8b,0x55,0x38,0x49,0x3b,0x96,0xb8,0x02,0x00,0x00,0x75,0x2d,0x49,
    0x39,0xbe,0x18,0x02,0x00,0x00,0x74,0x24,0x49,0x8b,0xce,0xe8,0x00,0x00,0x00,0x00,0x8b,0xf0,0x85,0xc0,0x79,0x12,0x48,0x89,
    0x7c,0x24,0x28,0xc7,0x44,0x24,0x20,0x9b,0x0f,0x00,0x00,0xe9,0x01,0xff,0xff,0xff,0x48,0x8b,0x55,0x38,0x48,0x8b,0x82,0xd0,
    0x01,0x00,0x00,0x48,0x85,0xc0,0x74,0x35,0x48,0x8d,0x8b,0x90,0x00,0x00,0x00,0x41,0xb1,0x01,0x4c,0x8b,0x82,0xb8,0x01,0x00,
    0x00,0x48,0x8b,0xd0,0xe8,0x00,0x00,0x00,0x00,0x8b,0xf0,0x85,0xc0,0x79,0x12,0x48,0x89,0x7c,0x24,0x28,0xc7,0x44,0x24,0x20,
    0xa1,0x0f,0x00,0x00,0xe9,0xc0,0xfe,0xff,0xff,0x48,0x8b,0x55,0x38,0x48,0x8b,0x82,0xb8,0x01,0x00,0x00,0x48,0x85,0xc0,0x74,
    0x51,0xf6,0x80,0xc9,0x00,0x00,0x00,0x10,0x74,0x48,0x48,0x89,0x7d,0xf0,0x48,0x8d,0x4d,0xf0,0xe8,0x00,0x00,0x00,0x00,0x48,
    0x8b,0x45,0x38,0x4c,0x8d,0x4d,0xf0,0x45,0x33,0xc0,0x48,0x8b,0x90,0x88,0x00,0x00,0x00,0x49,0x8b,0xce,0xe8,0x00,0x00,0x00,
    0x00,0x8b,0xf0,0x85,0xc0,0x0f,0x88,0xc8,0x00,0x00,0x00,0x48,0x8b,0x4d,0xf0,0xe8,0x00,0x00,0x00,0x00,0x90,0x48,0x8d,0x4d,
    0xf0,0xe8,0x00,0x00,0x00,0x00,0x48,0x8b,0x55,0x38,0x48,0x8b,0x9a,0x58,0x02,0x00,0x00,0x48,0x85,0xdb,0x0f,0x84,0x51,0xfd,
    0xff,0xff,0x83,0xbb,0x78,0x02,0x00,0x00,0x01,0x0f,0x86,0x44,0xfd,0xff,0xff,0x4c,0x8b,0xff,0x48,0x8b,0x92,0x88,0x00,0x00,
    0x00,0x49,0x8b,0xce,0xe8,0x00,0x00,0x00,0x00,0x48,0x8b,0x55,0x38,0x48,0x85,0xc0,0x0f,0x84,0xda,0x00,0x00,0x00,0x48,0x8b,
    0x0a,0x48,0x3b,0xc8,0x0f,0x84,0xce,0x00,0x00,0x00,0x48,0x39,0x99,0x58,0x02,0x00,0x00,0x0f,0x84,0xbe,0x00,0x00,0x00,0x48,
    0x8b,0x09,0x48,0x3b,0xc8,0x75,0xeb,0x4c,0x8d,0x9b,0x60,0x02,0x00,0x00,0x4d,0x8b,0xf3,0x8b,0x8b,0x78,0x02,0x00,0x00,0xff,
    0xc9,0x49,0x8b,0x06,0x48,0x39,0x14,0xc8,0x0f,0x84,0xe5,0xfc,0xff,0xff,0x48,0x8d,0x55,0x38,0x49,0x8b,0xce,0xe8,0x00,0x00,
    0x00,0x00,0x41,0x8b,0x43,0x18,0x44,0x8d,0x40,0x01,0x44,0x3b,0xc0,0x0f,0x83,0xca,0x00,0x00,0x00,0x48,0x89,0x7c,0x24,0x28,
    0xc7,0x44,0x24,0x20,0xb3,0x00,0x00,0x00,0x41,0xb9,0x16,0x02,0x07,0x80,0xe9,0xa2,0xfc,0xff,0xff,0x48,0x89,0x7c,0x24,0x28,
    0xc7,0x44,0x24,0x20,0xa8,0x0f,0x00,0x00,0x44,0x8b,0xc8,0x45,0x33,0xc0,0x33,0xd2,0x8d,0x4a,0x14,0xe8,0x00,0x00,0x00,0x00,
    0x90,0x48,0x8d,0x4d,0xf0,0xe8,0x00,0x00,0x00,0x00,0xe9,0x84,0xfc,0xff,0xff,0x48,0x89,0x7c,0x24,0x28,0xc7,0x44,0x24,0x20,
    0x95,0x0f,0x00,0x00,0xe9,0x70,0xfd,0xff,0xff,0x48,0x89,0x7c,0x24,0x28,0xc7,0x44,0x24,0x20,0x8e,0x0f,0x00,0x00,0xe9,0x5e,
    0xfd,0xff,0xff,0x48,0x89,0x7c,0x24,0x28,0xc7,0x44,0x24,0x20,0x8a,0x0f,0x00,0x00,0xe9,0x4c,0xfd,0xff,0xff,0x4c,0x8b,0xf9,
    0x4c,0x8d,0x9b,0x60,0x02,0x00,0x00,0x4d,0x8b,0xf3,0x4d,0x85,0xff,0x0f,0x84,0x3e,0xff,0xff,0xff,0x48,0x8d,0x55,0x38,0x49,
    0x8b,0xcb,0xe8,0x00,0x00,0x00,0x00,0x49,0x8b,0x03,0x41,0x8b,0x4b,0x18,0x85,0xc9,0x74,0x0f,0x4c,0x3b,0x38,0x74,0x0a,0xff,
    0xc7,0x48,0x83,0xc0,0x08,0x3b,0xf9,0x72,0xf1,0x44,0x8b,0xc7,0x48,0x8d,0x55,0x38,0x49,0x8b,0xcb,0xe8,0x00,0x00,0x00,0x00,
    0xe9,0xfe,0xfb,0xff,0xff,0x45,0x3b,0x43,0x14,0x77,0x17,0x48,0x8b,0xd0,0x49,0x8b,0x0b,0x48,0x8b,0x45,0x38,0x48,0x89,0x04,
    0xd1,0x45,0x89,0x43,0x18,0xe9,0xe1,0xfb,0xff,0xff,0x4c,0x8d,0x4d,0x38,0xba,0x08,0x00,0x00,0x00,0x44,0x8d,0x42,0xf9,0x49,
    0x8b,0xcb,0xe8,0x00,0x00,0x00,0x00,0x85,0xc0,0x0f,0x89,0xc4,0xfb,0xff,0xff,0x48,0x89,0x7c,0x24,0x28,0xc7,0x44,0x24,0x20,
    0xbe,0x00,0x00,0x00,0xe9,0xb0,0xfc,0xff,0xff,0xb9,0x03,0x00,0x00,0x00,0xcd,0x29,
};
inline constexpr unsigned char kMask50[] = {
    0xff,0xff,0xff,0xff,0xff,0xff,0xff,0xff,0xff,0xff,0xff,0xff,0xff,0xff,0xff,0xff,0xff,0xff,0xff,0xff,0xff,0xff,0xff,0xff,
    0xff,0xff,0xff,0xff,0xff,0xff,0xff,0xff,0xff,0xff,0xff,0xff,0xff,0xff,0xff,0x00,0x00,0x00,0x00,0xff,0xff,0xff,0xff,0xff,
    0xff,0xff,0x00,0x00,0x00,0x00,0xff,0xff,0xff,0xff,0xff,0xff,0xff,0xff,0xff,0xff,0xff,0xff,0xff,0xff,0xff,0xff,0xff,0xff,
    0xff,0xff,0xff,0xff,0xff,0xff,0xff,0xff,0xff,0xff,0x00,0x00,0x00,0x00,0xff,0xff,0xff,0xff,0xff,0xff,0xff,0xff,0xff,0xff,
    0xff,0xff,0xff,0xff,0xff,0xff,0xff,0xff,0xff,0xff,0xff,0xff,0xff,0xff,0xff,0xff,0xff,0xff,0xff,0xff,0xff,0xff,0xff,0xff,
    0xff,0xff,0xff,0xff,0xff,0xff,0x00,0x00,0x00,0x00,0xff,0xff,0xff,0xff,0xff,0xff,0x00,0x00,0x00,0x00,0xff,0xff,0xff,0xff,
    0xff,0xff,0xff,0xff,0xff,0xff,0xff,0xff,0xff,0xff,0xff,0xff,0xff,0xff,0xff,0xff,0xff,0xff,0xff,0xff,0xff,0xff,0xff,0xff,
    0xff,0xff,0xff,0xff,0xff,0xff,0xff,0xff,0xff,0xff,0xff,0x00,0x00,0x00,0x00,0xff,0xff,0xff,0xff,0xff,0xff,0xff,0xff,0xff,
    0xff,0xff,0xff,0xff,0xff,0xff,0xff,0xff,0xff,0xff,0xff,0xff,0xff,0xff,0xff,0xff,0xff,0xff,0xff,0xff,0xff,0xff,0xff,0xff,
    0xff,0xff,0xff,0xff,0xff,0xff,0xff,0xff,0xff,0xff,0xff,0xff,0xff,0xff,0xff,0xff,0xff,0xff,0xff,0xff,0xff,0x00,0x00,0x00,
    0x00,0xff,0xff,0xff,0xff,0xff,0xff,0xff,0xff,0xff,0xff,0xff,0xff,0xff,0xff,0xff,0xff,0xff,0xff,0xff,0xff,0xff,0xff,0xff,
    0xff,0xff,0xff,0xff,0xff,0xff,0xff,0xff,0xff,0xff,0xff,0xff,0xff,0xff,0xff,0xff,0xff,0xff,0xff,0xff,0xff,0xff,0xff,0xff,
    0xff,0xff,0xff,0xff,0xff,0xff,0xff,0xff,0xff,0xff,0xff,0xff,0xff,0xff,0xff,0xff,0xff,0xff,0xff,0xff,0xff,0xff,0xff,0xff,
    0xff,0xff,0xff,0xff,0xff,0xff,0xff,0xff,0xff,0xff,0xff,0xff,0xff,0xff,0xff,0xff,0xff,0xff,0xff,0xff,0xff,0xff,0xff,0xff,
    0xff,0xff,0xff,0xff,0xff,0xff,0xff,0xff,0xff,0xff,0xff,0xff,0xff,0xff,0xff,0xff,0xff,0xff,0xff,0xff,0xff,0xff,0xff,0xff,
    0xff,0xff,0x00,0x00,0x00,0x00,0xff,0xff,0xff,0xff,0xff,0xff,0xff,0xff,0xff,0xff,0xff,0xff,0xff,0xff,0xff,0xff,0xff,0xff,
    0xff,0xff,0xff,0xff,0xff,0xff,0xff,0xff,0xff,0xff,0xff,0xff,0xff,0xff,0xff,0xff,0xff,0xff,0xff,0xff,0xff,0xff,0xff,0xff,
    0xff,0xff,0xff,0xff,0xff,0xff,0xff,0xff,0xff,0x00,0x00,0x00,0x00,0xff,0xff,0xff,0xff,0xff,0xff,0xff,0xff,0xff,0xff,0xff,
    0xff,0xff,0xff,0xff,0xff,0xff,0xff,0xff,0xff,0xff,0xff,0xff,0xff,0xff,0x00,0x00,0x00,0x00,0xff,0xff,0xff,0xff,0xff,0xff,
    0xff,0xff,0xff,0xff,0xff,0xff,0xff,0xff,0xff,0xff,0xff,0x00,0x00,0x00,0x00,0xff,0xff,0xff,0xff,0xff,0xff,0xff,0xff,0xff,
    0xff,0xff,0xff,0xff,0x00,0x00,0x00,0x00,0xff,0x00,0x00,0x00,0x00,0xff,0xff,0xff,0xff,0xff,0xff,0xff,0xff,0xff,0x00,0x00,
    0x00,0x00,0xff,0xff,0xff,0xff,0xff,0xff,0xff,0xff,0xff,0xff,0xff,0xff,0xff,0xff,0xff,0xff,0xff,0xff,0xff,0xff,0x00,0x00,
    0x00,0x00,0xff,0xff,0xff,0xff,0xff,0xff,0xff,0xff,0xff,0xff,0xff,0xff,0xff,0xff,0xff,0xff,0xff,0xff,0xff,0xff,0xff,0xff,
    0xff,0xff,0xff,0xff,0xff,0xff,0xff,0xff,0xff,0xff,0xff,0xff,0xff,0xff,0xff,0xff,0xff,0xff,0xff,0xff,0x00,0x00,0x00,0x00,
    0xff,0xff,0xff,0xff,0xff,0xff,0xff,0xff,0xff,0xff,0xff,0xff,0xff,0xff,0xff,0xff,0xff,0xff,0xff,0xff,0xff,0xff,0xff,0xff,
    0xff,0xff,0xff,0xff,0xff,0xff,0xff,0xff,0xff,0xff,0xff,0xff,0x00,0x00,0x00,0x00,0xff,0xff,0xff,0xff,0xff,0xff,0xff,0xff,
    0xff,0xff,0xff,0xff,0xff,0xff,0xff,0xff,0xff,0xff,0xff,0xff,0xff,0xff,0xff,0xff,0xff,0xff,0xff,0xff,0xff,0xff,0xff,0xff,
    0xff,0xff,0xff,0xff,0xff,0xff,0xff,0xff,0xff,0xff,0xff,0xff,0xff,0xff,0xff,0xff,0xff,0xff,0xff,0xff,0xff,0xff,0xff,0xff,
    0xff,0xff,0xff,0xff,0xff,0x00,0x00,0x00,0x00,0xff,0xff,0xff,0xff,0xff,0xff,0xff,0xff,0xff,0xff,0xff,0xff,0xff,0xff,0xff,
    0xff,0xff,0xff,0xff,0xff,0xff,0xff,0xff,0xff,0xff,0xff,0xff,0xff,0xff,0xff,0xff,0xff,0xff,0xff,0xff,0xff,0xff,0xff,0xff,
    0xff,0xff,0xff,0xff,0xff,0xff,0xff,0xff,0xff,0xff,0xff,0xff,0xff,0xff,0xff,0xff,0xff,0xff,0xff,0x00,0x00,0x00,0x00,0xff,
    0xff,0xff,0xff,0xff,0xff,0xff,0xff,0xff,0xff,0xff,0xff,0xff,0xff,0xff,0xff,0xff,0xff,0xff,0xff,0xff,0xff,0x00,0x00,0x00,
    0x00,0xff,0xff,0xff,0xff,0xff,0xff,0xff,0xff,0xff,0xff,0xff,0xff,0xff,0xff,0xff,0x00,0x00,0x00,0x00,0xff,0xff,0xff,0xff,
    0xff,0xff,0x00,0x00,0x00,0x00,0xff,0xff,0xff,0xff,0xff,0xff,0xff,0xff,0xff,0xff,0xff,0xff,0xff,0xff,0xff,0xff,0xff,0xff,
    0xff,0xff,0xff,0xff,0xff,0xff,0xff,0xff,0xff,0xff,0xff,0xff,0xff,0xff,0xff,0xff,0xff,0xff,0xff,0xff,0xff,0xff,0xff,0xff,
    0xff,0xff,0xff,0xff,0xff,0x00,0x00,0x00,0x00,0xff,0xff,0xff,0xff,0xff,0xff,0xff,0xff,0xff,0xff,0xff,0xff,0xff,0xff,0xff,
    0xff,0xff,0xff,0xff,0xff,0xff,0xff,0xff,0xff,0xff,0xff,0xff,0xff,0xff,0xff,0xff,0xff,0xff,0xff,0xff,0xff,0xff,0xff,0xff,
    0xff,0xff,0xff,0xff,0xff,0xff,0xff,0xff,0xff,0xff,0xff,0xff,0xff,0xff,0xff,0xff,0xff,0xff,0xff,0xff,0xff,0xff,0xff,0xff,
    0xff,0xff,0xff,0xff,0xff,0xff,0xff,0xff,0xff,0xff,0xff,0xff,0xff,0xff,0xff,0xff,0xff,0xff,0xff,0xff,0xff,0xff,0x00,0x00,
    0x00,0x00,0xff,0xff,0xff,0xff,0xff,0xff,0xff,0xff,0xff,0xff,0xff,0xff,0xff,0xff,0xff,0xff,0xff,0xff,0xff,0xff,0xff,0xff,
    0xff,0xff,0xff,0xff,0xff,0xff,0xff,0xff,0xff,0xff,0xff,0xff,0xff,0xff,0xff,0xff,0xff,0xff,0xff,0xff,0xff,0xff,0xff,0xff,
    0xff,0xff,0xff,0xff,0xff,0xff,0xff,0xff,0xff,0xff,0xff,0xff,0xff,0xff,0xff,0xff,0xff,0xff,0xff,0xff,0x00,0x00,0x00,0x00,
    0xff,0xff,0xff,0xff,0xff,0xff,0x00,0x00,0x00,0x00,0xff,0xff,0xff,0xff,0xff,0xff,0xff,0xff,0xff,0xff,0xff,0xff,0xff,0xff,
    0xff,0xff,0xff,0xff,0xff,0xff,0xff,0xff,0xff,0xff,0xff,0xff,0xff,0xff,0xff,0xff,0xff,0xff,0xff,0xff,0xff,0xff,0xff,0xff,
    0xff,0xff,0xff,0xff,0xff,0xff,0xff,0xff,0xff,0xff,0xff,0xff,0xff,0xff,0xff,0xff,0xff,0xff,0xff,0xff,0xff,0xff,0xff,0xff,
    0xff,0xff,0xff,0xff,0xff,0xff,0xff,0xff,0xff,0xff,0xff,0xff,0xff,0xff,0xff,0xff,0xff,0xff,0xff,0xff,0xff,0xff,0xff,0xff,
    0xff,0xff,0xff,0x00,0x00,0x00,0x00,0xff,0xff,0xff,0xff,0xff,0xff,0xff,0xff,0xff,0xff,0xff,0xff,0xff,0xff,0xff,0xff,0xff,
    0xff,0xff,0xff,0xff,0xff,0xff,0xff,0xff,0xff,0xff,0xff,0xff,0xff,0xff,0xff,0xff,0xff,0xff,0xff,0xff,0x00,0x00,0x00,0x00,
    0xff,0xff,0xff,0xff,0xff,0xff,0xff,0xff,0xff,0xff,0xff,0xff,0xff,0xff,0xff,0xff,0xff,0xff,0xff,0xff,0xff,0xff,0xff,0xff,
    0xff,0xff,0xff,0xff,0xff,0xff,0xff,0xff,0xff,0xff,0xff,0xff,0xff,0xff,0xff,0xff,0xff,0xff,0xff,0xff,0xff,0xff,0xff,0xff,
    0xff,0xff,0xff,0x00,0x00,0x00,0x00,0xff,0xff,0xff,0xff,0xff,0xff,0xff,0xff,0xff,0xff,0xff,0xff,0xff,0xff,0xff,0xff,0xff,
    0xff,0xff,0xff,0xff,0xff,0xff,0xff,0xff,0xff,0xff,0xff,0xff,0xff,0xff,0xff,0xff,
};
inline constexpr Reference kRefs50[] = {
    {39, 43, Section::Writable, Node::Count, Binding::CriticalSection, nullptr},
    {50, 54, Section::ReadOnly, Node::Count, Binding::None, "EnterCriticalSection"},
    {82, 86, Section::Code, Node::SyncedData, Binding::None, nullptr},
    {126, 130, Section::Code, Node::Count, Binding::None, nullptr},
    {136, 140, Section::Code, Node::Count, Binding::None, nullptr},
    {179, 183, Section::Code, Node::DesktopList, Binding::None, nullptr},
    {237, 241, Section::Code, Node::SyncedData, Binding::None, nullptr},
    {362, 366, Section::Code, Node::Reevaluate, Binding::None, nullptr},
    {417, 421, Section::Code, Node::Reevaluate, Binding::None, nullptr},
    {446, 450, Section::Code, Node::Count, Binding::None, nullptr},
    {467, 471, Section::Code, Node::Count, Binding::None, nullptr},
    {484, 488, Section::Writable, Node::Count, Binding::None, nullptr},
    {489, 493, Section::Code, Node::Count, Binding::None, nullptr},
    {502, 506, Section::Writable, Node::Count, Binding::DesktopManager, nullptr},
    {526, 530, Section::Code, Node::Count, Binding::None, nullptr},
    {572, 576, Section::Code, Node::Count, Binding::None, nullptr},
    {612, 616, Section::Code, Node::Count, Binding::None, nullptr},
    {677, 681, Section::Code, Node::InsertRelative, Binding::None, nullptr},
    {739, 743, Section::Code, Node::Count, Binding::None, nullptr},
    {765, 769, Section::Code, Node::Count, Binding::None, nullptr},
    {784, 788, Section::Code, Node::Count, Binding::None, nullptr},
    {794, 798, Section::Code, Node::Count, Binding::None, nullptr},
    {845, 849, Section::Code, Node::DesktopList, Binding::None, nullptr},
    {934, 938, Section::Code, Node::Count, Binding::None, nullptr},
    {1004, 1008, Section::Code, Node::Count, Binding::None, nullptr},
    {1014, 1018, Section::Code, Node::Count, Binding::None, nullptr},
    {1107, 1111, Section::Code, Node::Count, Binding::None, nullptr},
    {1148, 1152, Section::Code, Node::Count, Binding::None, nullptr},
    {1203, 1207, Section::Code, Node::Count, Binding::None, nullptr},
};
// UpdateScene
inline constexpr unsigned char kBytes51[] = {
    0x48,0x89,0x5c,0x24,0x08,0x48,0x89,0x74,0x24,0x18,0x57,0x48,0x83,0xec,0x20,0x48,0x8b,0xd9,0x48,0x8b,0x05,0x00,0x00,0x00,
    0x00,0x80,0x78,0x19,0x00,0x74,0x6b,0x48,0x8d,0x35,0x00,0x00,0x00,0x00,0x48,0x89,0x74,0x24,0x38,0x48,0x8b,0xce,0x48,0xff,
    0x15,0x00,0x00,0x00,0x00,0x0f,0x1f,0x44,0x00,0x00,0x90,0x48,0x8b,0x3d,0x00,0x00,0x00,0x00,0x48,0xff,0x15,0x00,0x00,0x00,
    0x00,0x0f,0x1f,0x44,0x00,0x00,0x3b,0x87,0x68,0x04,0x00,0x00,0x74,0x17,0x48,0x8b,0x0d,0x00,0x00,0x00,0x00,0x48,0x8b,0x89,
    0xb8,0x00,0x00,0x00,0xe8,0x00,0x00,0x00,0x00,0x85,0xc0,0x7f,0x6c,0x48,0x8b,0xcb,0xe8,0x00,0x00,0x00,0x00,0x8b,0xd8,0x85,
    0xc0,0x78,0x22,0x48,0x8b,0xce,0x48,0xff,0x15,0x00,0x00,0x00,0x00,0x0f,0x1f,0x44,0x00,0x00,0x33,0xc0,0x48,0x8b,0x5c,0x24,
    0x30,0x48,0x8b,0x74,0x24,0x40,0x48,0x83,0xc4,0x20,0x5f,0xc3,0xcc,0x48,0x8b,0x4c,0x24,0x28,0x44,0x8b,0xcb,0x4c,0x8d,0x05,
    0x00,0x00,0x00,0x00,0xba,0xc5,0x1b,0x00,0x00,0xe8,0x00,0x00,0x00,0x00,0x90,0x48,0x8b,0xce,0x48,0xff,0x15,0x00,0x00,0x00,
    0x00,0x0f,0x1f,0x44,0x00,0x00,0x8b,0xc3,0x48,0x8b,0x5c,0x24,0x30,0x48,0x8b,0x74,0x24,0x40,0x48,0x83,0xc4,0x20,0x5f,0xc3,
    0xcc,0xe8,0x00,0x00,0x00,0x00,0x90,0x48,0x8b,0xf8,0x48,0x85,0xc0,0x74,0x86,0x48,0x8b,0xc8,0xe8,0x00,0x00,0x00,0x00,0x48,
    0x8b,0xcf,0x84,0xc0,0x74,0x0a,0xe8,0x00,0x00,0x00,0x00,0xe9,0x7b,0xff,0xff,0xff,0xe8,0x00,0x00,0x00,0x00,0xe9,0x63,0xff,
    0xff,0xff,
};
inline constexpr unsigned char kMask51[] = {
    0xff,0xff,0xff,0xff,0xff,0xff,0xff,0xff,0xff,0xff,0xff,0xff,0xff,0xff,0xff,0xff,0xff,0xff,0xff,0xff,0xff,0x00,0x00,0x00,
    0x00,0xff,0xff,0xff,0xff,0xff,0xff,0xff,0xff,0xff,0x00,0x00,0x00,0x00,0xff,0xff,0xff,0xff,0xff,0xff,0xff,0xff,0xff,0xff,
    0xff,0x00,0x00,0x00,0x00,0xff,0xff,0xff,0xff,0xff,0xff,0xff,0xff,0xff,0x00,0x00,0x00,0x00,0xff,0xff,0xff,0x00,0x00,0x00,
    0x00,0xff,0xff,0xff,0xff,0xff,0xff,0xff,0xff,0xff,0xff,0xff,0xff,0xff,0xff,0xff,0xff,0x00,0x00,0x00,0x00,0xff,0xff,0xff,
    0xff,0xff,0xff,0xff,0xff,0x00,0x00,0x00,0x00,0xff,0xff,0xff,0xff,0xff,0xff,0xff,0xff,0x00,0x00,0x00,0x00,0xff,0xff,0xff,
    0xff,0xff,0xff,0xff,0xff,0xff,0xff,0xff,0xff,0x00,0x00,0x00,0x00,0xff,0xff,0xff,0xff,0xff,0xff,0xff,0xff,0xff,0xff,0xff,
    0xff,0xff,0xff,0xff,0xff,0xff,0xff,0xff,0xff,0xff,0xff,0xff,0xff,0xff,0xff,0xff,0xff,0xff,0xff,0xff,0xff,0xff,0xff,0xff,
    0x00,0x00,0x00,0x00,0xff,0xff,0xff,0xff,0xff,0xff,0x00,0x00,0x00,0x00,0xff,0xff,0xff,0xff,0xff,0xff,0xff,0x00,0x00,0x00,
    0x00,0xff,0xff,0xff,0xff,0xff,0xff,0xff,0xff,0xff,0xff,0xff,0xff,0xff,0xff,0xff,0xff,0xff,0xff,0xff,0xff,0xff,0xff,0xff,
    0xff,0xff,0x00,0x00,0x00,0x00,0xff,0xff,0xff,0xff,0xff,0xff,0xff,0xff,0xff,0xff,0xff,0xff,0xff,0x00,0x00,0x00,0x00,0xff,
    0xff,0xff,0xff,0xff,0xff,0xff,0xff,0x00,0x00,0x00,0x00,0xff,0xff,0xff,0xff,0xff,0xff,0x00,0x00,0x00,0x00,0xff,0xff,0xff,
    0xff,0xff,
};
inline constexpr Reference kRefs51[] = {
    {21, 25, Section::Writable, Node::Count, Binding::DesktopManager, nullptr},
    {34, 38, Section::Writable, Node::Count, Binding::CriticalSection, nullptr},
    {49, 53, Section::ReadOnly, Node::Count, Binding::None, "EnterCriticalSection"},
    {62, 66, Section::Writable, Node::Count, Binding::DesktopManager, nullptr},
    {69, 73, Section::ReadOnly, Node::Count, Binding::None, "GetCurrentThreadId"},
    {89, 93, Section::Writable, Node::Count, Binding::DesktopManager, nullptr},
    {101, 105, Section::Code, Node::Count, Binding::None, nullptr},
    {113, 117, Section::Code, Node::Count, Binding::None, nullptr},
    {129, 133, Section::ReadOnly, Node::Count, Binding::None, "LeaveCriticalSection"},
    {168, 172, Section::ReadOnly, Node::Count, Binding::None, nullptr},
    {178, 182, Section::Code, Node::Count, Binding::None, nullptr},
    {189, 193, Section::ReadOnly, Node::Count, Binding::None, "LeaveCriticalSection"},
    {218, 222, Section::Code, Node::Count, Binding::None, nullptr},
    {235, 239, Section::Code, Node::Count, Binding::None, nullptr},
    {247, 251, Section::Code, Node::Count, Binding::None, nullptr},
    {257, 261, Section::Code, Node::Count, Binding::None, nullptr},
};
// DestroyWindow
inline constexpr unsigned char kBytes52[] = {
    0x48,0x89,0x5c,0x24,0x08,0x48,0x89,0x74,0x24,0x10,0x55,0x57,0x41,0x56,0x48,0x8b,0xec,0x48,0x83,0xec,0x30,0x48,0x8b,0xda,
    0x48,0x8b,0xf1,0x48,0x8d,0x0d,0x00,0x00,0x00,0x00,0x48,0x89,0x4d,0xf0,0x48,0xff,0x15,0x00,0x00,0x00,0x00,0x0f,0x1f,0x44,
    0x00,0x00,0x90,0x48,0x83,0x65,0x30,0x00,0x4c,0x8d,0x4d,0x30,0x41,0xb0,0x01,0x48,0x8b,0xd3,0x48,0x8b,0xce,0xe8,0x00,0x00,
    0x00,0x00,0x48,0x8b,0x45,0x30,0x48,0x85,0xc0,0x0f,0x84,0x47,0x01,0x00,0x00,0x48,0x8b,0x48,0x18,0x48,0x85,0xc9,0x74,0x1a,
    0x48,0x8b,0x01,0x33,0xd2,0x48,0x8b,0x00,0xe8,0x00,0x00,0x00,0x00,0x48,0x8b,0x45,0x30,0x48,0x83,0x60,0x18,0x00,0x48,0x8b,
    0x45,0x30,0x4c,0x8b,0x70,0x28,0xf6,0x80,0xe4,0x02,0x00,0x00,0x02,0x74,0x14,0x48,0x8d,0x45,0x30,0x48,0x89,0x45,0x38,0x48,
    0x8d,0x55,0x38,0x48,0x8b,0xce,0xe8,0x00,0x00,0x00,0x00,0x48,0x8d,0x0d,0x00,0x00,0x00,0x00,0xe8,0x00,0x00,0x00,0x00,0x48,
    0x8b,0x55,0x30,0x84,0xc0,0x48,0x8b,0x05,0x00,0x00,0x00,0x00,0x74,0x25,0x48,0x8b,0x88,0xd8,0x01,0x00,0x00,0x48,0x8b,0x01,
    0x48,0x8b,0x80,0xb8,0x00,0x00,0x00,0xe8,0x00,0x00,0x00,0x00,0x48,0x8b,0x4d,0x18,0x85,0xc0,0x79,0x39,0xba,0x13,0x0a,0x00,
    0x00,0xeb,0x23,0x48,0x8b,0x88,0xd0,0x01,0x00,0x00,0x48,0x8b,0x01,0x48,0x8b,0x80,0xc0,0x00,0x00,0x00,0xe8,0x00,0x00,0x00,
    0x00,0x48,0x8b,0x4d,0x18,0x85,0xc0,0x79,0x14,0xba,0x17,0x0a,0x00,0x00,0x44,0x8b,0xc8,0x4c,0x8d,0x05,0x00,0x00,0x00,0x00,
    0xe8,0x00,0x00,0x00,0x00,0x48,0x8d,0x0d,0x00,0x00,0x00,0x00,0xe8,0x00,0x00,0x00,0x00,0x84,0xc0,0x74,0x28,0x48,0x8b,0x7d,
    0x30,0x48,0x8b,0xbf,0xa8,0x02,0x00,0x00,0x48,0x8b,0x1f,0x48,0x3b,0xdf,0x74,0x15,0x48,0x8b,0x4b,0x18,0x48,0xff,0x15,0x00,
    0x00,0x00,0x00,0x0f,0x1f,0x44,0x00,0x00,0x48,0x8b,0x1b,0xeb,0xe6,0x48,0x8b,0x45,0x30,0xf6,0x80,0xe0,0x02,0x00,0x00,0x04,
    0x75,0x34,0x48,0x8b,0x10,0x48,0x8b,0x48,0x08,0x48,0x39,0x42,0x08,0x75,0x5e,0x48,0x39,0x01,0x75,0x59,0x48,0x89,0x11,0x48,
    0x89,0x4a,0x08,0x48,0x8b,0x45,0x30,0x48,0x89,0x40,0x08,0x48,0x8b,0x45,0x30,0x48,0x89,0x00,0x48,0x8b,0x55,0x30,0x48,0x8b,
    0xce,0xe8,0x00,0x00,0x00,0x00,0x48,0x8b,0x8e,0x10,0x02,0x00,0x00,0x48,0x85,0xc9,0x74,0x0c,0x4c,0x3b,0x71,0x08,0x75,0x06,
    0xe8,0x00,0x00,0x00,0x00,0x90,0x48,0x8d,0x4d,0xf0,0xe8,0x00,0x00,0x00,0x00,0x33,0xc0,0x48,0x8b,0x5c,0x24,0x50,0x48,0x8b,
    0x74,0x24,0x58,0x48,0x83,0xc4,0x30,0x41,0x5e,0x5f,0x5d,0xc3,0xcc,0xb9,0x03,0x00,0x00,0x00,0xcd,0x29,
};
inline constexpr unsigned char kMask52[] = {
    0xff,0xff,0xff,0xff,0xff,0xff,0xff,0xff,0xff,0xff,0xff,0xff,0xff,0xff,0xff,0xff,0xff,0xff,0xff,0xff,0xff,0xff,0xff,0xff,
    0xff,0xff,0xff,0xff,0xff,0xff,0x00,0x00,0x00,0x00,0xff,0xff,0xff,0xff,0xff,0xff,0xff,0x00,0x00,0x00,0x00,0xff,0xff,0xff,
    0xff,0xff,0xff,0xff,0xff,0xff,0xff,0xff,0xff,0xff,0xff,0xff,0xff,0xff,0xff,0xff,0xff,0xff,0xff,0xff,0xff,0xff,0x00,0x00,
    0x00,0x00,0xff,0xff,0xff,0xff,0xff,0xff,0xff,0xff,0xff,0xff,0xff,0xff,0xff,0xff,0xff,0xff,0xff,0xff,0xff,0xff,0xff,0xff,
    0xff,0xff,0xff,0xff,0xff,0xff,0xff,0xff,0xff,0x00,0x00,0x00,0x00,0xff,0xff,0xff,0xff,0xff,0xff,0xff,0xff,0xff,0xff,0xff,
    0xff,0xff,0xff,0xff,0xff,0xff,0xff,0xff,0xff,0xff,0xff,0xff,0xff,0xff,0xff,0xff,0xff,0xff,0xff,0xff,0xff,0xff,0xff,0xff,
    0xff,0xff,0xff,0xff,0xff,0xff,0xff,0x00,0x00,0x00,0x00,0xff,0xff,0xff,0x00,0x00,0x00,0x00,0xff,0x00,0x00,0x00,0x00,0xff,
    0xff,0xff,0xff,0xff,0xff,0xff,0xff,0xff,0x00,0x00,0x00,0x00,0xff,0xff,0xff,0xff,0xff,0xff,0xff,0xff,0xff,0xff,0xff,0xff,
    0xff,0xff,0xff,0xff,0xff,0xff,0xff,0xff,0x00,0x00,0x00,0x00,0xff,0xff,0xff,0xff,0xff,0xff,0xff,0xff,0xff,0xff,0xff,0xff,
    0xff,0xff,0xff,0xff,0xff,0xff,0xff,0xff,0xff,0xff,0xff,0xff,0xff,0xff,0xff,0xff,0xff,0xff,0xff,0xff,0xff,0x00,0x00,0x00,
    0x00,0xff,0xff,0xff,0xff,0xff,0xff,0xff,0xff,0xff,0xff,0xff,0xff,0xff,0xff,0xff,0xff,0xff,0xff,0xff,0x00,0x00,0x00,0x00,
    0xff,0x00,0x00,0x00,0x00,0xff,0xff,0xff,0x00,0x00,0x00,0x00,0xff,0x00,0x00,0x00,0x00,0xff,0xff,0xff,0xff,0xff,0xff,0xff,
    0xff,0xff,0xff,0xff,0xff,0xff,0xff,0xff,0xff,0xff,0xff,0xff,0xff,0xff,0xff,0xff,0xff,0xff,0xff,0xff,0xff,0xff,0xff,0x00,
    0x00,0x00,0x00,0xff,0xff,0xff,0xff,0xff,0xff,0xff,0xff,0xff,0xff,0xff,0xff,0xff,0xff,0xff,0xff,0xff,0xff,0xff,0xff,0xff,
    0xff,0xff,0xff,0xff,0xff,0xff,0xff,0xff,0xff,0xff,0xff,0xff,0xff,0xff,0xff,0xff,0xff,0xff,0xff,0xff,0xff,0xff,0xff,0xff,
    0xff,0xff,0xff,0xff,0xff,0xff,0xff,0xff,0xff,0xff,0xff,0xff,0xff,0xff,0xff,0xff,0xff,0xff,0xff,0xff,0xff,0xff,0xff,0xff,
    0xff,0xff,0x00,0x00,0x00,0x00,0xff,0xff,0xff,0xff,0xff,0xff,0xff,0xff,0xff,0xff,0xff,0xff,0xff,0xff,0xff,0xff,0xff,0xff,
    0xff,0x00,0x00,0x00,0x00,0xff,0xff,0xff,0xff,0xff,0xff,0x00,0x00,0x00,0x00,0xff,0xff,0xff,0xff,0xff,0xff,0xff,0xff,0xff,
    0xff,0xff,0xff,0xff,0xff,0xff,0xff,0xff,0xff,0xff,0xff,0xff,0xff,0xff,0xff,0xff,0xff,0xff,0xff,0xff,
};
inline constexpr Reference kRefs52[] = {
    {30, 34, Section::Writable, Node::Count, Binding::CriticalSection, nullptr},
    {41, 45, Section::ReadOnly, Node::Count, Binding::None, "EnterCriticalSection"},
    {70, 74, Section::Code, Node::SyncedData, Binding::None, nullptr},
    {105, 109, Section::Code, Node::Count, Binding::None, nullptr},
    {151, 155, Section::Code, Node::Count, Binding::None, nullptr},
    {158, 162, Section::Writable, Node::Count, Binding::None, nullptr},
    {163, 167, Section::Code, Node::Count, Binding::None, nullptr},
    {176, 180, Section::Writable, Node::Count, Binding::DesktopManager, nullptr},
    {200, 204, Section::Code, Node::Count, Binding::None, nullptr},
    {237, 241, Section::Code, Node::Count, Binding::None, nullptr},
    {260, 264, Section::ReadOnly, Node::Count, Binding::None, nullptr},
    {265, 269, Section::Code, Node::Count, Binding::None, nullptr},
    {272, 276, Section::Writable, Node::Count, Binding::None, nullptr},
    {277, 281, Section::Code, Node::Count, Binding::None, nullptr},
    {311, 315, Section::ReadOnly, Node::Count, Binding::None, "SetEvent"},
    {386, 390, Section::Code, Node::Count, Binding::None, nullptr},
    {409, 413, Section::Code, Node::Count, Binding::None, nullptr},
    {419, 423, Section::Code, Node::Count, Binding::None, nullptr},
};
// SyncedData
inline constexpr unsigned char kBytes53[] = {
    0x48,0x89,0x5c,0x24,0x08,0x48,0x89,0x6c,0x24,0x18,0x56,0x57,0x41,0x56,0x48,0x83,0xec,0x20,0x4d,0x8b,0xf1,0x41,0x8a,0xf0,
    0x48,0x8b,0xfa,0x48,0x8b,0xe9,0x48,0x8b,0x02,0x48,0x8b,0xca,0x48,0x8b,0x40,0x08,0xe8,0x00,0x00,0x00,0x00,0x48,0x8b,0xd8,
    0x48,0x85,0xc0,0x0f,0x85,0x8e,0x00,0x00,0x00,0x40,0x84,0xf6,0x74,0x14,0x48,0x8b,0x0f,0x48,0x8b,0x41,0x10,0x48,0x8b,0xcf,
    0xe8,0x00,0x00,0x00,0x00,0x48,0x85,0xc0,0x74,0x75,0xb9,0xa0,0x03,0x00,0x00,0xe8,0x00,0x00,0x00,0x00,0x48,0x89,0x44,0x24,
    0x48,0x48,0x85,0xc0,0x74,0x0d,0x48,0x8b,0xc8,0xe8,0x00,0x00,0x00,0x00,0x48,0x8b,0xd8,0xeb,0x02,0x33,0xdb,0x48,0x85,0xdb,
    0x75,0x17,0x48,0x8b,0x4c,0x24,0x38,0x4c,0x8d,0x05,0x00,0x00,0x00,0x00,0xba,0x6d,0x09,0x00,0x00,0xe8,0x00,0x00,0x00,0x00,
    0xcc,0x48,0x89,0x7b,0x18,0x48,0x8b,0x07,0x48,0x8b,0xd3,0x48,0x8b,0xcf,0x48,0x8b,0x00,0xe8,0x00,0x00,0x00,0x00,0x48,0x8b,
    0x07,0x48,0x8b,0xcf,0x48,0x8b,0x40,0x18,0xe8,0x00,0x00,0x00,0x00,0x48,0x89,0x43,0x28,0x4c,0x8b,0xc3,0x48,0x8b,0xd7,0x48,
    0x8b,0xcd,0xe8,0x00,0x00,0x00,0x00,0x49,0x89,0x1e,0x48,0x8b,0x5c,0x24,0x40,0x48,0x8b,0x6c,0x24,0x50,0x48,0x83,0xc4,0x20,
    0x41,0x5e,0x5f,0x5e,0xc3,
};
inline constexpr unsigned char kMask53[] = {
    0xff,0xff,0xff,0xff,0xff,0xff,0xff,0xff,0xff,0xff,0xff,0xff,0xff,0xff,0xff,0xff,0xff,0xff,0xff,0xff,0xff,0xff,0xff,0xff,
    0xff,0xff,0xff,0xff,0xff,0xff,0xff,0xff,0xff,0xff,0xff,0xff,0xff,0xff,0xff,0xff,0xff,0x00,0x00,0x00,0x00,0xff,0xff,0xff,
    0xff,0xff,0xff,0xff,0xff,0xff,0xff,0xff,0xff,0xff,0xff,0xff,0xff,0xff,0xff,0xff,0xff,0xff,0xff,0xff,0xff,0xff,0xff,0xff,
    0xff,0x00,0x00,0x00,0x00,0xff,0xff,0xff,0xff,0xff,0xff,0xff,0xff,0xff,0xff,0xff,0x00,0x00,0x00,0x00,0xff,0xff,0xff,0xff,
    0xff,0xff,0xff,0xff,0xff,0xff,0xff,0xff,0xff,0xff,0x00,0x00,0x00,0x00,0xff,0xff,0xff,0xff,0xff,0xff,0xff,0xff,0xff,0xff,
    0xff,0xff,0xff,0xff,0xff,0xff,0xff,0xff,0xff,0xff,0x00,0x00,0x00,0x00,0xff,0xff,0xff,0xff,0xff,0xff,0x00,0x00,0x00,0x00,
    0xff,0xff,0xff,0xff,0xff,0xff,0xff,0xff,0xff,0xff,0xff,0xff,0xff,0xff,0xff,0xff,0xff,0xff,0x00,0x00,0x00,0x00,0xff,0xff,
    0xff,0xff,0xff,0xff,0xff,0xff,0xff,0xff,0xff,0x00,0x00,0x00,0x00,0xff,0xff,0xff,0xff,0xff,0xff,0xff,0xff,0xff,0xff,0xff,
    0xff,0xff,0xff,0x00,0x00,0x00,0x00,0xff,0xff,0xff,0xff,0xff,0xff,0xff,0xff,0xff,0xff,0xff,0xff,0xff,0xff,0xff,0xff,0xff,
    0xff,0xff,0xff,0xff,0xff,
};
inline constexpr Reference kRefs53[] = {
    {41, 45, Section::Code, Node::Count, Binding::None, nullptr},
    {73, 77, Section::Code, Node::Count, Binding::None, nullptr},
    {88, 92, Section::Code, Node::Count, Binding::None, nullptr},
    {106, 110, Section::Code, Node::Count, Binding::None, nullptr},
    {130, 134, Section::ReadOnly, Node::Count, Binding::None, nullptr},
    {140, 144, Section::Code, Node::Count, Binding::None, nullptr},
    {162, 166, Section::Code, Node::Count, Binding::None, nullptr},
    {177, 181, Section::Code, Node::Count, Binding::None, nullptr},
    {195, 199, Section::Code, Node::Count, Binding::None, nullptr},
};
// Reevaluate
inline constexpr unsigned char kBytes54[] = {
    0x48,0x8b,0xc4,0x48,0x89,0x58,0x08,0x48,0x89,0x68,0x20,0x56,0x57,0x41,0x56,0x48,0x81,0xec,0x80,0x00,0x00,0x00,0x41,0x0f,
    0xb6,0xe8,0x48,0x8b,0xfa,0x4c,0x8b,0xf1,0x48,0x39,0x12,0x0f,0x84,0xfb,0x00,0x00,0x00,0x0f,0x57,0xc0,0x48,0xc7,0x40,0xc8,
    0xff,0xff,0xff,0xff,0x66,0x0f,0x7f,0x40,0x98,0x33,0xdb,0x48,0x89,0x58,0x90,0x0f,0x57,0xc9,0x66,0x0f,0x7f,0x48,0xa8,0x48,
    0x83,0xc1,0x08,0x66,0x0f,0x7f,0x40,0xb8,0x88,0x58,0xd0,0x0f,0x11,0x40,0xd8,0x48,0x8b,0x82,0x88,0x00,0x00,0x00,0x48,0x8d,
    0x54,0x24,0x20,0x48,0x89,0x44,0x24,0x20,0x48,0xff,0x15,0x00,0x00,0x00,0x00,0x0f,0x1f,0x44,0x00,0x00,0x48,0x85,0xc0,0x48,
    0x8d,0x70,0x50,0x48,0x0f,0x44,0xf3,0x48,0x8b,0xdf,0x40,0x84,0xed,0x75,0x33,0xf6,0x83,0xe0,0x02,0x00,0x00,0x01,0x75,0x17,
    0x48,0x8b,0x1b,0x40,0x32,0xed,0x48,0x85,0xdb,0x74,0x40,0x48,0x3b,0xde,0x74,0x3b,0x48,0x3b,0xdf,0x75,0xe2,0xeb,0x34,0x48,
    0x8b,0x83,0xb8,0x01,0x00,0x00,0x48,0x85,0xc0,0x74,0xdd,0x48,0x83,0x78,0x18,0x00,0x74,0xd6,0x48,0x8b,0xd6,0x48,0x8b,0xcb,
    0xe8,0x00,0x00,0x00,0x00,0x0f,0xb6,0x8b,0xe6,0x02,0x00,0x00,0xc0,0xe9,0x04,0x80,0xe1,0x01,0x3a,0xc1,0x75,0x20,0x40,0x84,
    0xed,0x75,0x7d,0x33,0xc0,0x4c,0x8d,0x9c,0x24,0x80,0x00,0x00,0x00,0x49,0x8b,0x5b,0x20,0x49,0x8b,0x6b,0x38,0x49,0x8b,0xe3,
    0x41,0x5e,0x5f,0x5e,0xc3,0xcc,0x48,0x8b,0xd3,0xe8,0x00,0x00,0x00,0x00,0x8b,0xe8,0x85,0xc0,0x79,0x8c,0x48,0x8b,0x8c,0x24,
    0x98,0x00,0x00,0x00,0x4c,0x8d,0x05,0x00,0x00,0x00,0x00,0x44,0x8b,0xc8,0xba,0x8a,0x21,0x00,0x00,0xe8,0x00,0x00,0x00,0x00,
    0x8b,0xc5,0xeb,0xb9,0xf6,0x82,0xe6,0x02,0x00,0x00,0x10,0x74,0xae,0xe8,0x00,0x00,0x00,0x00,0x8b,0xd8,0x85,0xc0,0x79,0xa3,
    0x48,0x8b,0x8c,0x24,0x98,0x00,0x00,0x00,0x4c,0x8d,0x05,0x00,0x00,0x00,0x00,0x44,0x8b,0xc8,0xba,0x7a,0x21,0x00,0x00,0xe8,
    0x00,0x00,0x00,0x00,0x8b,0xc3,0xeb,0x85,0x48,0x8b,0xd3,0x49,0x8b,0xce,0xe8,0x00,0x00,0x00,0x00,0x8b,0xe8,0x85,0xc0,0x0f,
    0x89,0x23,0xff,0xff,0xff,0x48,0x8b,0x8c,0x24,0x98,0x00,0x00,0x00,0x4c,0x8d,0x05,0x00,0x00,0x00,0x00,0x44,0x8b,0xc8,0xba,
    0x91,0x21,0x00,0x00,0xe8,0x00,0x00,0x00,0x00,0x8b,0xc5,0xe9,0x4d,0xff,0xff,0xff,
};
inline constexpr unsigned char kMask54[] = {
    0xff,0xff,0xff,0xff,0xff,0xff,0xff,0xff,0xff,0xff,0xff,0xff,0xff,0xff,0xff,0xff,0xff,0xff,0xff,0xff,0xff,0xff,0xff,0xff,
    0xff,0xff,0xff,0xff,0xff,0xff,0xff,0xff,0xff,0xff,0xff,0xff,0xff,0xff,0xff,0xff,0xff,0xff,0xff,0xff,0xff,0xff,0xff,0xff,
    0xff,0xff,0xff,0xff,0xff,0xff,0xff,0xff,0xff,0xff,0xff,0xff,0xff,0xff,0xff,0xff,0xff,0xff,0xff,0xff,0xff,0xff,0xff,0xff,
    0xff,0xff,0xff,0xff,0xff,0xff,0xff,0xff,0xff,0xff,0xff,0xff,0xff,0xff,0xff,0xff,0xff,0xff,0xff,0xff,0xff,0xff,0xff,0xff,
    0xff,0xff,0xff,0xff,0xff,0xff,0xff,0xff,0xff,0xff,0xff,0x00,0x00,0x00,0x00,0xff,0xff,0xff,0xff,0xff,0xff,0xff,0xff,0xff,
    0xff,0xff,0xff,0xff,0xff,0xff,0xff,0xff,0xff,0xff,0xff,0xff,0xff,0xff,0xff,0xff,0xff,0xff,0xff,0xff,0xff,0xff,0xff,0xff,
    0xff,0xff,0xff,0xff,0xff,0xff,0xff,0xff,0xff,0xff,0xff,0xff,0xff,0xff,0xff,0xff,0xff,0xff,0xff,0xff,0xff,0xff,0xff,0xff,
    0xff,0xff,0xff,0xff,0xff,0xff,0xff,0xff,0xff,0xff,0xff,0xff,0xff,0xff,0xff,0xff,0xff,0xff,0xff,0xff,0xff,0xff,0xff,0xff,
    0xff,0x00,0x00,0x00,0x00,0xff,0xff,0xff,0xff,0xff,0xff,0xff,0xff,0xff,0xff,0xff,0xff,0xff,0xff,0xff,0xff,0xff,0xff,0xff,
    0xff,0xff,0xff,0xff,0xff,0xff,0xff,0xff,0xff,0xff,0xff,0xff,0xff,0xff,0xff,0xff,0xff,0xff,0xff,0xff,0xff,0xff,0xff,0xff,
    0xff,0xff,0xff,0xff,0xff,0xff,0xff,0xff,0xff,0xff,0x00,0x00,0x00,0x00,0xff,0xff,0xff,0xff,0xff,0xff,0xff,0xff,0xff,0xff,
    0xff,0xff,0xff,0xff,0xff,0xff,0xff,0x00,0x00,0x00,0x00,0xff,0xff,0xff,0xff,0xff,0xff,0xff,0xff,0xff,0x00,0x00,0x00,0x00,
    0xff,0xff,0xff,0xff,0xff,0xff,0xff,0xff,0xff,0xff,0xff,0xff,0xff,0xff,0x00,0x00,0x00,0x00,0xff,0xff,0xff,0xff,0xff,0xff,
    0xff,0xff,0xff,0xff,0xff,0xff,0xff,0xff,0xff,0xff,0xff,0x00,0x00,0x00,0x00,0xff,0xff,0xff,0xff,0xff,0xff,0xff,0xff,0xff,
    0x00,0x00,0x00,0x00,0xff,0xff,0xff,0xff,0xff,0xff,0xff,0xff,0xff,0xff,0xff,0x00,0x00,0x00,0x00,0xff,0xff,0xff,0xff,0xff,
    0xff,0xff,0xff,0xff,0xff,0xff,0xff,0xff,0xff,0xff,0xff,0xff,0xff,0xff,0xff,0xff,0x00,0x00,0x00,0x00,0xff,0xff,0xff,0xff,
    0xff,0xff,0xff,0xff,0xff,0x00,0x00,0x00,0x00,0xff,0xff,0xff,0xff,0xff,0xff,0xff,
};
inline constexpr Reference kRefs54[] = {
    {107, 111, Section::ReadOnly, Node::Count, Binding::None, "RtlLookupElementGenericTable"},
    {193, 197, Section::Code, Node::Count, Binding::None, nullptr},
    {250, 254, Section::Code, Node::Count, Binding::None, nullptr},
    {271, 275, Section::ReadOnly, Node::Count, Binding::None, nullptr},
    {284, 288, Section::Code, Node::Count, Binding::None, nullptr},
    {302, 306, Section::Code, Node::Count, Binding::None, nullptr},
    {323, 327, Section::ReadOnly, Node::Count, Binding::None, nullptr},
    {336, 340, Section::Code, Node::Count, Binding::None, nullptr},
    {351, 355, Section::Code, Node::InsertTree, Binding::None, nullptr},
    {376, 380, Section::ReadOnly, Node::Count, Binding::None, nullptr},
    {389, 393, Section::Code, Node::Count, Binding::None, nullptr},
};
// InsertTree
inline constexpr unsigned char kBytes55[] = {
    0x48,0x8b,0xc4,0x48,0x89,0x58,0x08,0x48,0x89,0x70,0x10,0x57,0x48,0x81,0xec,0x80,0x00,0x00,0x00,0xf6,0x82,0xe6,0x02,0x00,
    0x00,0x10,0x48,0x8b,0xda,0x48,0x8b,0xf1,0x0f,0x85,0xbc,0x00,0x00,0x00,0x48,0x83,0x60,0xa0,0x00,0x0f,0x57,0xc0,0x48,0x83,
    0x48,0xd8,0xff,0x0f,0x57,0xc9,0x66,0x0f,0x7f,0x40,0xa8,0x48,0x83,0xc1,0x08,0x66,0x0f,0x7f,0x48,0xb8,0x66,0x0f,0x7f,0x40,
    0xc8,0x0f,0x11,0x40,0xe8,0xc6,0x40,0xe0,0x00,0x48,0x8b,0x82,0x88,0x00,0x00,0x00,0x48,0x8d,0x54,0x24,0x20,0x48,0x89,0x44,
    0x24,0x20,0x48,0xff,0x15,0x00,0x00,0x00,0x00,0x0f,0x1f,0x44,0x00,0x00,0x48,0x85,0xc0,0x74,0x6b,0x48,0x8b,0x78,0x18,0x48,
    0x8b,0xd3,0x48,0x8b,0xce,0xe8,0x00,0x00,0x00,0x00,0x48,0x8b,0x93,0xb8,0x01,0x00,0x00,0x4c,0x8b,0xc0,0x48,0x8b,0xcf,0xe8,
    0x00,0x00,0x00,0x00,0x8b,0xf0,0x85,0xc0,0x78,0x24,0x48,0x8b,0x93,0xd0,0x01,0x00,0x00,0x48,0x85,0xd2,0x75,0x69,0x33,0xc0,
    0x4c,0x8d,0x9c,0x24,0x80,0x00,0x00,0x00,0x49,0x8b,0x5b,0x10,0x49,0x8b,0x73,0x18,0x49,0x8b,0xe3,0x5f,0xc3,0xcc,0x48,0x8b,
    0x8c,0x24,0x88,0x00,0x00,0x00,0x4c,0x8d,0x05,0x00,0x00,0x00,0x00,0x44,0x8b,0xce,0xba,0xb3,0x0c,0x00,0x00,0xe8,0x00,0x00,
    0x00,0x00,0x8b,0xc6,0xeb,0xca,0x33,0xff,0xeb,0x95,0x48,0x8b,0x82,0x58,0x02,0x00,0x00,0x48,0x8b,0x88,0xb8,0x01,0x00,0x00,
    0x48,0x8b,0xb9,0xf8,0x00,0x00,0x00,0x8b,0x8f,0xb0,0x00,0x00,0x00,0x48,0x8b,0x87,0x98,0x00,0x00,0x00,0xff,0xc9,0x48,0x8b,
    0x04,0xc8,0xe9,0x73,0xff,0xff,0xff,0x48,0x83,0x7a,0x18,0x00,0x74,0x90,0x4c,0x8b,0x83,0xb8,0x01,0x00,0x00,0x48,0x8b,0xcf,
    0xe8,0x00,0x00,0x00,0x00,0x8b,0xd8,0x85,0xc0,0x0f,0x89,0x77,0xff,0xff,0xff,0x48,0x8b,0x8c,0x24,0x88,0x00,0x00,0x00,0x4c,
    0x8d,0x05,0x00,0x00,0x00,0x00,0x44,0x8b,0xc8,0xba,0xb7,0x0c,0x00,0x00,0xe8,0x00,0x00,0x00,0x00,0x8b,0xc3,0xe9,0x56,0xff,
    0xff,0xff,
};
inline constexpr unsigned char kMask55[] = {
    0xff,0xff,0xff,0xff,0xff,0xff,0xff,0xff,0xff,0xff,0xff,0xff,0xff,0xff,0xff,0xff,0xff,0xff,0xff,0xff,0xff,0xff,0xff,0xff,
    0xff,0xff,0xff,0xff,0xff,0xff,0xff,0xff,0xff,0xff,0xff,0xff,0xff,0xff,0xff,0xff,0xff,0xff,0xff,0xff,0xff,0xff,0xff,0xff,
    0xff,0xff,0xff,0xff,0xff,0xff,0xff,0xff,0xff,0xff,0xff,0xff,0xff,0xff,0xff,0xff,0xff,0xff,0xff,0xff,0xff,0xff,0xff,0xff,
    0xff,0xff,0xff,0xff,0xff,0xff,0xff,0xff,0xff,0xff,0xff,0xff,0xff,0xff,0xff,0xff,0xff,0xff,0xff,0xff,0xff,0xff,0xff,0xff,
    0xff,0xff,0xff,0xff,0xff,0x00,0x00,0x00,0x00,0xff,0xff,0xff,0xff,0xff,0xff,0xff,0xff,0xff,0xff,0xff,0xff,0xff,0xff,0xff,
    0xff,0xff,0xff,0xff,0xff,0xff,0x00,0x00,0x00,0x00,0xff,0xff,0xff,0xff,0xff,0xff,0xff,0xff,0xff,0xff,0xff,0xff,0xff,0xff,
    0x00,0x00,0x00,0x00,0xff,0xff,0xff,0xff,0xff,0xff,0xff,0xff,0xff,0xff,0xff,0xff,0xff,0xff,0xff,0xff,0xff,0xff,0xff,0xff,
    0xff,0xff,0xff,0xff,0xff,0xff,0xff,0xff,0xff,0xff,0xff,0xff,0xff,0xff,0xff,0xff,0xff,0xff,0xff,0xff,0xff,0xff,0xff,0xff,
    0xff,0xff,0xff,0xff,0xff,0xff,0xff,0xff,0xff,0x00,0x00,0x00,0x00,0xff,0xff,0xff,0xff,0xff,0xff,0xff,0xff,0xff,0x00,0x00,
    0x00,0x00,0xff,0xff,0xff,0xff,0xff,0xff,0xff,0xff,0xff,0xff,0xff,0xff,0xff,0xff,0xff,0xff,0xff,0xff,0xff,0xff,0xff,0xff,
    0xff,0xff,0xff,0xff,0xff,0xff,0xff,0xff,0xff,0xff,0xff,0xff,0xff,0xff,0xff,0xff,0xff,0xff,0xff,0xff,0xff,0xff,0xff,0xff,
    0xff,0xff,0xff,0xff,0xff,0xff,0xff,0xff,0xff,0xff,0xff,0xff,0xff,0xff,0xff,0xff,0xff,0xff,0xff,0xff,0xff,0xff,0xff,0xff,
    0xff,0x00,0x00,0x00,0x00,0xff,0xff,0xff,0xff,0xff,0xff,0xff,0xff,0xff,0xff,0xff,0xff,0xff,0xff,0xff,0xff,0xff,0xff,0xff,
    0xff,0xff,0x00,0x00,0x00,0x00,0xff,0xff,0xff,0xff,0xff,0xff,0xff,0xff,0xff,0x00,0x00,0x00,0x00,0xff,0xff,0xff,0xff,0xff,
    0xff,0xff,
};
inline constexpr Reference kRefs55[] = {
    {101, 105, Section::ReadOnly, Node::Count, Binding::None, "RtlLookupElementGenericTable"},
    {126, 130, Section::Code, Node::PrecedingVisual, Binding::None, nullptr},
    {144, 148, Section::Code, Node::InsertAfter, Binding::None, nullptr},
    {201, 205, Section::ReadOnly, Node::Count, Binding::None, nullptr},
    {214, 218, Section::Code, Node::Count, Binding::None, nullptr},
    {289, 293, Section::Code, Node::InsertAfter, Binding::None, nullptr},
    {314, 318, Section::ReadOnly, Node::Count, Binding::None, nullptr},
    {327, 331, Section::Code, Node::Count, Binding::None, nullptr},
};
// ZOrder
inline constexpr unsigned char kBytes56[] = {
    0x48,0x89,0x5c,0x24,0x08,0x48,0x89,0x74,0x24,0x10,0x48,0x89,0x7c,0x24,0x18,0x55,0x41,0x56,0x41,0x57,0x48,0x8b,0xec,0x48,
    0x83,0xec,0x40,0x4d,0x8b,0xf8,0x48,0x8b,0xda,0x4c,0x8b,0xf1,0x48,0x8d,0x0d,0x00,0x00,0x00,0x00,0x48,0x89,0x4d,0xf8,0x48,
    0xff,0x15,0x00,0x00,0x00,0x00,0x0f,0x1f,0x44,0x00,0x00,0x90,0x33,0xff,0x8b,0xf7,0x48,0x89,0x7d,0x38,0x4c,0x8d,0x4d,0x38,
    0x41,0xb0,0x01,0x48,0x8b,0xd3,0x49,0x8b,0xce,0xe8,0x00,0x00,0x00,0x00,0x48,0x8b,0x55,0x38,0x48,0x85,0xd2,0x75,0x49,0x48,
    0x89,0x7c,0x24,0x28,0xc7,0x44,0x24,0x20,0x1f,0x10,0x00,0x00,0x41,0xb9,0x06,0x00,0x07,0x80,0x41,0x8b,0xf1,0x45,0x33,0xc0,
    0x33,0xd2,0x8d,0x4a,0x14,0xe8,0x00,0x00,0x00,0x00,0x90,0x48,0x8d,0x4d,0xf8,0xe8,0x00,0x00,0x00,0x00,0x8b,0xc6,0x48,0x8b,
    0x5c,0x24,0x60,0x48,0x8b,0x74,0x24,0x68,0x48,0x8b,0x7c,0x24,0x70,0x48,0x83,0xc4,0x40,0x41,0x5f,0x41,0x5e,0x5d,0xc3,0xcc,
    0x48,0x8b,0x92,0x88,0x00,0x00,0x00,0x49,0x8b,0xce,0xe8,0x00,0x00,0x00,0x00,0x48,0x8b,0xd8,0x48,0x85,0xc0,0x75,0x17,0xbe,
    0x0e,0x00,0x07,0x80,0x48,0x89,0x7c,0x24,0x28,0xc7,0x44,0x24,0x20,0x22,0x10,0x00,0x00,0x44,0x8b,0xce,0xeb,0x9f,0x48,0x89,
    0x5d,0xf0,0x4d,0x85,0xff,0x74,0x2d,0x4c,0x8d,0x4d,0xf0,0x41,0xb0,0x01,0x49,0x8b,0xd7,0x49,0x8b,0xce,0xe8,0x00,0x00,0x00,
    0x00,0x48,0x8b,0x45,0xf0,0x48,0x85,0xc0,0x75,0x12,0x48,0x89,0x7c,0x24,0x28,0xc7,0x44,0x24,0x20,0x2d,0x10,0x00,0x00,0xe9,
    0x60,0xff,0xff,0xff,0x48,0x8b,0x4d,0x38,0x48,0x3b,0x08,0x0f,0x84,0x6a,0xff,0xff,0xff,0x48,0x8b,0x11,0x4c,0x8b,0x41,0x08,
    0x48,0x39,0x4a,0x08,0x0f,0x85,0x41,0x03,0x00,0x00,0x49,0x39,0x08,0x0f,0x85,0x38,0x03,0x00,0x00,0x49,0x89,0x10,0x4c,0x89,
    0x42,0x08,0x48,0x8b,0x4d,0x38,0x4c,0x8b,0x00,0x49,0x39,0x40,0x08,0x0f,0x85,0x20,0x03,0x00,0x00,0x4c,0x89,0x01,0x48,0x89,
    0x41,0x08,0x49,0x89,0x48,0x08,0x48,0x89,0x08,0x48,0x85,0xd2,0x74,0x2b,0x48,0x3b,0xd3,0x74,0x26,0x45,0x33,0xc0,0x49,0x8b,
    0xce,0xe8,0x00,0x00,0x00,0x00,0x8b,0xf0,0x85,0xc0,0x79,0x15,0x48,0x89,0x7c,0x24,0x28,0xc7,0x44,0x24,0x20,0x3b,0x10,0x00,
    0x00,0x44,0x8b,0xc8,0xe9,0xec,0xfe,0xff,0xff,0x48,0x8b,0x55,0x38,0x48,0x39,0xba,0xb8,0x01,0x00,0x00,0x0f,0x84,0x46,0x01,
    0x00,0x00,0x41,0xb0,0x01,0x49,0x8b,0xce,0xe8,0x00,0x00,0x00,0x00,0x8b,0xf0,0x85,0xc0,0x0f,0x88,0xcf,0x01,0x00,0x00,0x48,
    0x8b,0x55,0x38,0x48,0x8b,0x92,0x88,0x00,0x00,0x00,0x49,0x8b,0xce,0xe8,0x00,0x00,0x00,0x00,0x48,0x8b,0xd8,0x48,0x8b,0x4d,
    0x38,0x33,0xd2,0x48,0x8b,0x89,0xc0,0x01,0x00,0x00,0xe8,0x00,0x00,0x00,0x00,0x8b,0xf0,0x85,0xc0,0x0f,0x88,0x8b,0x01,0x00,
    0x00,0x48,0x8b,0x0d,0x00,0x00,0x00,0x00,0x48,0x8b,0x89,0xd8,0x01,0x00,0x00,0x48,0x8b,0x11,0x48,0x8b,0x82,0xd0,0x00,0x00,
    0x00,0x48,0x8b,0x55,0x38,0xe8,0x00,0x00,0x00,0x00,0x8b,0xf0,0x85,0xc0,0x0f,0x88,0x4e,0x01,0x00,0x00,0x48,0x8b,0x55,0x38,
    0x49,0x3b,0x96,0xd0,0x02,0x00,0x00,0x75,0x2d,0x49,0x39,0xbe,0x38,0x02,0x00,0x00,0x74,0x24,0x49,0x8b,0xce,0xe8,0x00,0x00,
    0x00,0x00,0x8b,0xf0,0x85,0xc0,0x79,0x12,0x48,0x89,0x7c,0x24,0x28,0xc7,0x44,0x24,0x20,0x4c,0x10,0x00,0x00,0xe9,0x3f,0xff,
    0xff,0xff,0x48,0x8b,0x55,0x38,0x48,0x8b,0x82,0xd0,0x01,0x00,0x00,0x48,0x85,0xc0,0x74,0x35,0x48,0x8d,0x8b,0x90,0x00,0x00,
    0x00,0x41,0xb1,0x01,0x4c,0x8b,0x82,0xb8,0x01,0x00,0x00,0x48,0x8b,0xd0,0xe8,0x00,0x00,0x00,0x00,0x8b,0xf0,0x85,0xc0,0x79,
    0x12,0x48,0x89,0x7c,0x24,0x28,0xc7,0x44,0x24,0x20,0x52,0x10,0x00,0x00,0xe9,0xfe,0xfe,0xff,0xff,0x48,0x8b,0x55,0x38,0x48,
    0x8b,0x82,0xb8,0x01,0x00,0x00,0x48,0x85,0xc0,0x74,0x4d,0xf6,0x80,0xc9,0x00,0x00,0x00,0x10,0x74,0x44,0x48,0x89,0x7d,0xf0,
    0x48,0x8d,0x4d,0xf0,0xe8,0x00,0x00,0x00,0x00,0x48,0x8b,0x45,0x38,0x4c,0x8d,0x4d,0xf0,0x45,0x33,0xc0,0x48,0x8b,0x90,0x88,
    0x00,0x00,0x00,0x49,0x8b,0xce,0xe8,0x00,0x00,0x00,0x00,0x8b,0xf0,0x85,0xc0,0x78,0x65,0x48,0x8b,0x4d,0xf0,0xe8,0x00,0x00,
    0x00,0x00,0x90,0x48,0x8d,0x4d,0xf0,0xe8,0x00,0x00,0x00,0x00,0x48,0x8b,0x55,0x38,0x48,0x8b,0x9a,0x58,0x02,0x00,0x00,0x48,
    0x85,0xdb,0x0f,0x84,0x93,0xfd,0xff,0xff,0x83,0xbb,0x78,0x02,0x00,0x00,0x01,0x0f,0x86,0x86,0xfd,0xff,0xff,0x4c,0x8b,0xff,
    0x48,0x8b,0x92,0x88,0x00,0x00,0x00,0x49,0x8b,0xce,0xe8,0x00,0x00,0x00,0x00,0x48,0x8b,0x55,0x38,0x48,0x85,0xc0,0x74,0x7b,
    0x48,0x8b,0x0a,0x48,0x3b,0xc8,0x74,0x73,0x48,0x39,0x99,0x58,0x02,0x00,0x00,0x74,0x67,0x48,0x8b,0x09,0xeb,0xed,0x48,0x89,
    0x7c,0x24,0x28,0xc7,0x44,0x24,0x20,0x59,0x10,0x00,0x00,0x44,0x8b,0xc8,0x45,0x33,0xc0,0x33,0xd2,0x8d,0x4a,0x14,0xe8,0x00,
    0x00,0x00,0x00,0x90,0x48,0x8d,0x4d,0xf0,0xe8,0x00,0x00,0x00,0x00,0xe9,0x29,0xfd,0xff,0xff,0x48,0x89,0x7c,0x24,0x28,0xc7,
    0x44,0x24,0x20,0x47,0x10,0x00,0x00,0xe9,0x15,0xfe,0xff,0xff,0x48,0x89,0x7c,0x24,0x28,0xc7,0x44,0x24,0x20,0x46,0x10,0x00,
    0x00,0xe9,0x03,0xfe,0xff,0xff,0x48,0x89,0x7c,0x24,0x28,0xc7,0x44,0x24,0x20,0x42,0x10,0x00,0x00,0xe9,0xf1,0xfd,0xff,0xff,
    0x4c,0x8b,0xf9,0x4c,0x8d,0x9b,0x60,0x02,0x00,0x00,0x4d,0x85,0xff,0x74,0x3a,0x48,0x8d,0x55,0x38,0x49,0x8b,0xcb,0xe8,0x00,
    0x00,0x00,0x00,0x49,0x8b,0x03,0x41,0x39,0x7b,0x18,0x76,0x11,0x4c,0x3b,0x38,0x74,0x0c,0xff,0xc7,0x48,0x83,0xc0,0x08,0x41,
    0x3b,0x7b,0x18,0x72,0xef,0x44,0x8b,0xc7,0x48,0x8d,0x55,0x38,0x49,0x8b,0xcb,0xe8,0x00,0x00,0x00,0x00,0xe9,0xaa,0xfc,0xff,
    0xff,0x8b,0x8b,0x78,0x02,0x00,0x00,0xff,0xc9,0x49,0x8b,0x03,0x48,0x39,0x14,0xc8,0x0f,0x84,0x95,0xfc,0xff,0xff,0x48,0x8d,
    0x55,0x38,0x49,0x8b,0xcb,0xe8,0x00,0x00,0x00,0x00,0x41,0x8b,0x43,0x18,0x44,0x8d,0x40,0x01,0x44,0x3b,0xc0,0x73,0x18,0x48,
    0x89,0x7c,0x24,0x28,0xc7,0x44,0x24,0x20,0xb3,0x00,0x00,0x00,0x41,0xb9,0x16,0x02,0x07,0x80,0xe9,0x56,0xfc,0xff,0xff,0x45,
    0x3b,0x43,0x14,0x77,0x17,0x48,0x8b,0xd0,0x49,0x8b,0x0b,0x48,0x8b,0x45,0x38,0x48,0x89,0x04,0xd1,0x45,0x89,0x43,0x18,0xe9,
    0x47,0xfc,0xff,0xff,0x4c,0x8d,0x4d,0x38,0xba,0x08,0x00,0x00,0x00,0x44,0x8d,0x42,0xf9,0x49,0x8b,0xcb,0xe8,0x00,0x00,0x00,
    0x00,0x85,0xc0,0x0f,0x89,0x2a,0xfc,0xff,0xff,0x48,0x89,0x7c,0x24,0x28,0xc7,0x44,0x24,0x20,0xbe,0x00,0x00,0x00,0xe9,0x16,
    0xfd,0xff,0xff,0xb9,0x03,0x00,0x00,0x00,0xcd,0x29,
};
inline constexpr unsigned char kMask56[] = {
    0xff,0xff,0xff,0xff,0xff,0xff,0xff,0xff,0xff,0xff,0xff,0xff,0xff,0xff,0xff,0xff,0xff,0xff,0xff,0xff,0xff,0xff,0xff,0xff,
    0xff,0xff,0xff,0xff,0xff,0xff,0xff,0xff,0xff,0xff,0xff,0xff,0xff,0xff,0xff,0x00,0x00,0x00,0x00,0xff,0xff,0xff,0xff,0xff,
    0xff,0xff,0x00,0x00,0x00,0x00,0xff,0xff,0xff,0xff,0xff,0xff,0xff,0xff,0xff,0xff,0xff,0xff,0xff,0xff,0xff,0xff,0xff,0xff,
    0xff,0xff,0xff,0xff,0xff,0xff,0xff,0xff,0xff,0xff,0x00,0x00,0x00,0x00,0xff,0xff,0xff,0xff,0xff,0xff,0xff,0xff,0xff,0xff,
    0xff,0xff,0xff,0xff,0xff,0xff,0xff,0xff,0xff,0xff,0xff,0xff,0xff,0xff,0xff,0xff,0xff,0xff,0xff,0xff,0xff,0xff,0xff,0xff,
    0xff,0xff,0xff,0xff,0xff,0xff,0x00,0x00,0x00,0x00,0xff,0xff,0xff,0xff,0xff,0xff,0x00,0x00,0x00,0x00,0xff,0xff,0xff,0xff,
    0xff,0xff,0xff,0xff,0xff,0xff,0xff,0xff,0xff,0xff,0xff,0xff,0xff,0xff,0xff,0xff,0xff,0xff,0xff,0xff,0xff,0xff,0xff,0xff,
    0xff,0xff,0xff,0xff,0xff,0xff,0xff,0xff,0xff,0xff,0xff,0x00,0x00,0x00,0x00,0xff,0xff,0xff,0xff,0xff,0xff,0xff,0xff,0xff,
    0xff,0xff,0xff,0xff,0xff,0xff,0xff,0xff,0xff,0xff,0xff,0xff,0xff,0xff,0xff,0xff,0xff,0xff,0xff,0xff,0xff,0xff,0xff,0xff,
    0xff,0xff,0xff,0xff,0xff,0xff,0xff,0xff,0xff,0xff,0xff,0xff,0xff,0xff,0xff,0xff,0xff,0xff,0xff,0xff,0xff,0x00,0x00,0x00,
    0x00,0xff,0xff,0xff,0xff,0xff,0xff,0xff,0xff,0xff,0xff,0xff,0xff,0xff,0xff,0xff,0xff,0xff,0xff,0xff,0xff,0xff,0xff,0xff,
    0xff,0xff,0xff,0xff,0xff,0xff,0xff,0xff,0xff,0xff,0xff,0xff,0xff,0xff,0xff,0xff,0xff,0xff,0xff,0xff,0xff,0xff,0xff,0xff,
    0xff,0xff,0xff,0xff,0xff,0xff,0xff,0xff,0xff,0xff,0xff,0xff,0xff,0xff,0xff,0xff,0xff,0xff,0xff,0xff,0xff,0xff,0xff,0xff,
    0xff,0xff,0xff,0xff,0xff,0xff,0xff,0xff,0xff,0xff,0xff,0xff,0xff,0xff,0xff,0xff,0xff,0xff,0xff,0xff,0xff,0xff,0xff,0xff,
    0xff,0xff,0xff,0xff,0xff,0xff,0xff,0xff,0xff,0xff,0xff,0xff,0xff,0xff,0xff,0xff,0xff,0xff,0xff,0xff,0xff,0xff,0xff,0xff,
    0xff,0xff,0x00,0x00,0x00,0x00,0xff,0xff,0xff,0xff,0xff,0xff,0xff,0xff,0xff,0xff,0xff,0xff,0xff,0xff,0xff,0xff,0xff,0xff,
    0xff,0xff,0xff,0xff,0xff,0xff,0xff,0xff,0xff,0xff,0xff,0xff,0xff,0xff,0xff,0xff,0xff,0xff,0xff,0xff,0xff,0xff,0xff,0xff,
    0xff,0xff,0xff,0xff,0xff,0xff,0xff,0xff,0xff,0x00,0x00,0x00,0x00,0xff,0xff,0xff,0xff,0xff,0xff,0xff,0xff,0xff,0xff,0xff,
    0xff,0xff,0xff,0xff,0xff,0xff,0xff,0xff,0xff,0xff,0xff,0xff,0xff,0xff,0x00,0x00,0x00,0x00,0xff,0xff,0xff,0xff,0xff,0xff,
    0xff,0xff,0xff,0xff,0xff,0xff,0xff,0xff,0xff,0xff,0xff,0x00,0x00,0x00,0x00,0xff,0xff,0xff,0xff,0xff,0xff,0xff,0xff,0xff,
    0xff,0xff,0xff,0xff,0x00,0x00,0x00,0x00,0xff,0xff,0xff,0xff,0xff,0xff,0xff,0xff,0xff,0xff,0xff,0xff,0xff,0xff,0xff,0xff,
    0xff,0xff,0xff,0xff,0xff,0xff,0x00,0x00,0x00,0x00,0xff,0xff,0xff,0xff,0xff,0xff,0xff,0xff,0xff,0xff,0xff,0xff,0xff,0xff,
    0xff,0xff,0xff,0xff,0xff,0xff,0xff,0xff,0xff,0xff,0xff,0xff,0xff,0xff,0xff,0xff,0xff,0xff,0xff,0xff,0xff,0xff,0x00,0x00,
    0x00,0x00,0xff,0xff,0xff,0xff,0xff,0xff,0xff,0xff,0xff,0xff,0xff,0xff,0xff,0xff,0xff,0xff,0xff,0xff,0xff,0xff,0xff,0xff,
    0xff,0xff,0xff,0xff,0xff,0xff,0xff,0xff,0xff,0xff,0xff,0xff,0xff,0xff,0xff,0xff,0xff,0xff,0xff,0xff,0xff,0xff,0xff,0xff,
    0xff,0xff,0xff,0xff,0xff,0xff,0xff,0xff,0xff,0xff,0xff,0xff,0xff,0xff,0xff,0x00,0x00,0x00,0x00,0xff,0xff,0xff,0xff,0xff,
    0xff,0xff,0xff,0xff,0xff,0xff,0xff,0xff,0xff,0xff,0xff,0xff,0xff,0xff,0xff,0xff,0xff,0xff,0xff,0xff,0xff,0xff,0xff,0xff,
    0xff,0xff,0xff,0xff,0xff,0xff,0xff,0xff,0xff,0xff,0xff,0xff,0xff,0xff,0xff,0xff,0xff,0xff,0xff,0xff,0xff,0xff,0xff,0xff,
    0xff,0xff,0xff,0xff,0xff,0x00,0x00,0x00,0x00,0xff,0xff,0xff,0xff,0xff,0xff,0xff,0xff,0xff,0xff,0xff,0xff,0xff,0xff,0xff,
    0xff,0xff,0xff,0xff,0xff,0xff,0xff,0x00,0x00,0x00,0x00,0xff,0xff,0xff,0xff,0xff,0xff,0xff,0xff,0xff,0xff,0xff,0x00,0x00,
    0x00,0x00,0xff,0xff,0xff,0xff,0xff,0xff,0x00,0x00,0x00,0x00,0xff,0xff,0xff,0xff,0xff,0xff,0xff,0xff,0xff,0xff,0xff,0xff,
    0xff,0xff,0xff,0xff,0xff,0xff,0xff,0xff,0xff,0xff,0xff,0xff,0xff,0xff,0xff,0xff,0xff,0xff,0xff,0xff,0xff,0xff,0xff,0xff,
    0xff,0xff,0xff,0xff,0xff,0xff,0xff,0xff,0xff,0xff,0xff,0x00,0x00,0x00,0x00,0xff,0xff,0xff,0xff,0xff,0xff,0xff,0xff,0xff,
    0xff,0xff,0xff,0xff,0xff,0xff,0xff,0xff,0xff,0xff,0xff,0xff,0xff,0xff,0xff,0xff,0xff,0xff,0xff,0xff,0xff,0xff,0xff,0xff,
    0xff,0xff,0xff,0xff,0xff,0xff,0xff,0xff,0xff,0xff,0xff,0xff,0xff,0xff,0xff,0xff,0xff,0xff,0xff,0xff,0xff,0xff,0xff,0x00,
    0x00,0x00,0x00,0xff,0xff,0xff,0xff,0xff,0xff,0x00,0x00,0x00,0x00,0xff,0xff,0xff,0xff,0xff,0xff,0xff,0xff,0xff,0xff,0xff,
    0xff,0xff,0xff,0xff,0xff,0xff,0xff,0xff,0xff,0xff,0xff,0xff,0xff,0xff,0xff,0xff,0xff,0xff,0xff,0xff,0xff,0xff,0xff,0xff,
    0xff,0xff,0xff,0xff,0xff,0xff,0xff,0xff,0xff,0xff,0xff,0xff,0xff,0xff,0xff,0xff,0xff,0xff,0xff,0xff,0xff,0xff,0xff,0xff,
    0xff,0xff,0xff,0xff,0xff,0xff,0xff,0xff,0xff,0xff,0xff,0xff,0xff,0xff,0xff,0xff,0xff,0xff,0xff,0xff,0xff,0xff,0xff,0x00,
    0x00,0x00,0x00,0xff,0xff,0xff,0xff,0xff,0xff,0xff,0xff,0xff,0xff,0xff,0xff,0xff,0xff,0xff,0xff,0xff,0xff,0xff,0xff,0xff,
    0xff,0xff,0xff,0xff,0xff,0xff,0xff,0xff,0xff,0xff,0xff,0xff,0xff,0xff,0xff,0xff,0x00,0x00,0x00,0x00,0xff,0xff,0xff,0xff,
    0xff,0xff,0xff,0xff,0xff,0xff,0xff,0xff,0xff,0xff,0xff,0xff,0xff,0xff,0xff,0xff,0xff,0xff,0xff,0xff,0xff,0xff,0xff,0xff,
    0xff,0xff,0xff,0xff,0xff,0xff,0x00,0x00,0x00,0x00,0xff,0xff,0xff,0xff,0xff,0xff,0xff,0xff,0xff,0xff,0xff,0xff,0xff,0xff,
    0xff,0xff,0xff,0xff,0xff,0xff,0xff,0xff,0xff,0xff,0xff,0xff,0xff,0xff,0xff,0xff,0xff,0xff,0xff,0xff,0xff,0xff,0xff,0xff,
    0xff,0xff,0xff,0xff,0xff,0xff,0xff,0xff,0xff,0xff,0xff,0xff,0xff,0xff,0xff,0xff,0xff,0xff,0xff,0xff,0xff,0xff,0xff,0xff,
    0xff,0xff,0xff,0xff,0xff,0xff,0xff,0xff,0xff,0xff,0xff,0xff,0xff,0xff,0xff,0xff,0xff,0xff,0xff,0xff,0xff,0x00,0x00,0x00,
    0x00,0xff,0xff,0xff,0xff,0xff,0xff,0xff,0xff,0xff,0xff,0xff,0xff,0xff,0xff,0xff,0xff,0xff,0xff,0xff,0xff,0xff,0xff,0xff,
    0xff,0xff,0xff,0xff,0xff,0xff,0xff,0xff,0xff,0xff,
};
inline constexpr Reference kRefs56[] = {
    {39, 43, Section::Writable, Node::Count, Binding::CriticalSection, nullptr},
    {50, 54, Section::ReadOnly, Node::Count, Binding::None, "EnterCriticalSection"},
    {82, 86, Section::Code, Node::SyncedData, Binding::None, nullptr},
    {126, 130, Section::Code, Node::Count, Binding::None, nullptr},
    {136, 140, Section::Code, Node::Count, Binding::None, nullptr},
    {179, 183, Section::Code, Node::DesktopList, Binding::None, nullptr},
    {237, 241, Section::Code, Node::SyncedData, Binding::None, nullptr},
    {362, 366, Section::Code, Node::Reevaluate, Binding::None, nullptr},
    {417, 421, Section::Code, Node::Reevaluate, Binding::None, nullptr},
    {446, 450, Section::Code, Node::Count, Binding::None, nullptr},
    {467, 471, Section::Code, Node::Count, Binding::None, nullptr},
    {484, 488, Section::Writable, Node::Count, Binding::DesktopManager, nullptr},
    {510, 514, Section::Code, Node::Count, Binding::None, nullptr},
    {550, 554, Section::Code, Node::Count, Binding::None, nullptr},
    {615, 619, Section::Code, Node::InsertRelative, Binding::None, nullptr},
    {677, 681, Section::Code, Node::Count, Binding::None, nullptr},
    {703, 707, Section::Code, Node::Count, Binding::None, nullptr},
    {718, 722, Section::Code, Node::Count, Binding::None, nullptr},
    {728, 732, Section::Code, Node::Count, Binding::None, nullptr},
    {779, 783, Section::Code, Node::DesktopList, Binding::None, nullptr},
    {839, 843, Section::Code, Node::Count, Binding::None, nullptr},
    {849, 853, Section::Code, Node::Count, Binding::None, nullptr},
    {935, 939, Section::Code, Node::Count, Binding::None, nullptr},
    {976, 980, Section::Code, Node::Count, Binding::None, nullptr},
    {1014, 1018, Section::Code, Node::Count, Binding::None, nullptr},
    {1101, 1105, Section::Code, Node::Count, Binding::None, nullptr},
};
// UpdateScene
inline constexpr unsigned char kBytes57[] = {
    0x48,0x89,0x5c,0x24,0x08,0x48,0x89,0x74,0x24,0x18,0x57,0x48,0x83,0xec,0x20,0x48,0x8b,0xd9,0x48,0x8b,0x05,0x00,0x00,0x00,
    0x00,0x80,0x78,0x19,0x00,0x74,0x6b,0x48,0x8d,0x35,0x00,0x00,0x00,0x00,0x48,0x89,0x74,0x24,0x38,0x48,0x8b,0xce,0x48,0xff,
    0x15,0x00,0x00,0x00,0x00,0x0f,0x1f,0x44,0x00,0x00,0x90,0x48,0x8b,0x3d,0x00,0x00,0x00,0x00,0x48,0xff,0x15,0x00,0x00,0x00,
    0x00,0x0f,0x1f,0x44,0x00,0x00,0x3b,0x87,0x68,0x04,0x00,0x00,0x74,0x17,0x48,0x8b,0x0d,0x00,0x00,0x00,0x00,0x48,0x8b,0x89,
    0xb8,0x00,0x00,0x00,0xe8,0x00,0x00,0x00,0x00,0x85,0xc0,0x7f,0x6c,0x48,0x8b,0xcb,0xe8,0x00,0x00,0x00,0x00,0x8b,0xd8,0x85,
    0xc0,0x78,0x22,0x48,0x8b,0xce,0x48,0xff,0x15,0x00,0x00,0x00,0x00,0x0f,0x1f,0x44,0x00,0x00,0x33,0xc0,0x48,0x8b,0x5c,0x24,
    0x30,0x48,0x8b,0x74,0x24,0x40,0x48,0x83,0xc4,0x20,0x5f,0xc3,0xcc,0x48,0x8b,0x4c,0x24,0x28,0x44,0x8b,0xcb,0x4c,0x8d,0x05,
    0x00,0x00,0x00,0x00,0xba,0x4e,0x1c,0x00,0x00,0xe8,0x00,0x00,0x00,0x00,0x90,0x48,0x8b,0xce,0x48,0xff,0x15,0x00,0x00,0x00,
    0x00,0x0f,0x1f,0x44,0x00,0x00,0x8b,0xc3,0x48,0x8b,0x5c,0x24,0x30,0x48,0x8b,0x74,0x24,0x40,0x48,0x83,0xc4,0x20,0x5f,0xc3,
    0xcc,0xe8,0x00,0x00,0x00,0x00,0x90,0x48,0x8b,0xf8,0x48,0x85,0xc0,0x74,0x86,0x48,0x8b,0xc8,0xe8,0x00,0x00,0x00,0x00,0x48,
    0x8b,0xcf,0x84,0xc0,0x74,0x0a,0xe8,0x00,0x00,0x00,0x00,0xe9,0x7b,0xff,0xff,0xff,0xe8,0x00,0x00,0x00,0x00,0xe9,0x63,0xff,
    0xff,0xff,
};
inline constexpr unsigned char kMask57[] = {
    0xff,0xff,0xff,0xff,0xff,0xff,0xff,0xff,0xff,0xff,0xff,0xff,0xff,0xff,0xff,0xff,0xff,0xff,0xff,0xff,0xff,0x00,0x00,0x00,
    0x00,0xff,0xff,0xff,0xff,0xff,0xff,0xff,0xff,0xff,0x00,0x00,0x00,0x00,0xff,0xff,0xff,0xff,0xff,0xff,0xff,0xff,0xff,0xff,
    0xff,0x00,0x00,0x00,0x00,0xff,0xff,0xff,0xff,0xff,0xff,0xff,0xff,0xff,0x00,0x00,0x00,0x00,0xff,0xff,0xff,0x00,0x00,0x00,
    0x00,0xff,0xff,0xff,0xff,0xff,0xff,0xff,0xff,0xff,0xff,0xff,0xff,0xff,0xff,0xff,0xff,0x00,0x00,0x00,0x00,0xff,0xff,0xff,
    0xff,0xff,0xff,0xff,0xff,0x00,0x00,0x00,0x00,0xff,0xff,0xff,0xff,0xff,0xff,0xff,0xff,0x00,0x00,0x00,0x00,0xff,0xff,0xff,
    0xff,0xff,0xff,0xff,0xff,0xff,0xff,0xff,0xff,0x00,0x00,0x00,0x00,0xff,0xff,0xff,0xff,0xff,0xff,0xff,0xff,0xff,0xff,0xff,
    0xff,0xff,0xff,0xff,0xff,0xff,0xff,0xff,0xff,0xff,0xff,0xff,0xff,0xff,0xff,0xff,0xff,0xff,0xff,0xff,0xff,0xff,0xff,0xff,
    0x00,0x00,0x00,0x00,0xff,0xff,0xff,0xff,0xff,0xff,0x00,0x00,0x00,0x00,0xff,0xff,0xff,0xff,0xff,0xff,0xff,0x00,0x00,0x00,
    0x00,0xff,0xff,0xff,0xff,0xff,0xff,0xff,0xff,0xff,0xff,0xff,0xff,0xff,0xff,0xff,0xff,0xff,0xff,0xff,0xff,0xff,0xff,0xff,
    0xff,0xff,0x00,0x00,0x00,0x00,0xff,0xff,0xff,0xff,0xff,0xff,0xff,0xff,0xff,0xff,0xff,0xff,0xff,0x00,0x00,0x00,0x00,0xff,
    0xff,0xff,0xff,0xff,0xff,0xff,0xff,0x00,0x00,0x00,0x00,0xff,0xff,0xff,0xff,0xff,0xff,0x00,0x00,0x00,0x00,0xff,0xff,0xff,
    0xff,0xff,
};
inline constexpr Reference kRefs57[] = {
    {21, 25, Section::Writable, Node::Count, Binding::DesktopManager, nullptr},
    {34, 38, Section::Writable, Node::Count, Binding::CriticalSection, nullptr},
    {49, 53, Section::ReadOnly, Node::Count, Binding::None, "EnterCriticalSection"},
    {62, 66, Section::Writable, Node::Count, Binding::DesktopManager, nullptr},
    {69, 73, Section::ReadOnly, Node::Count, Binding::None, "GetCurrentThreadId"},
    {89, 93, Section::Writable, Node::Count, Binding::DesktopManager, nullptr},
    {101, 105, Section::Code, Node::Count, Binding::None, nullptr},
    {113, 117, Section::Code, Node::Count, Binding::None, nullptr},
    {129, 133, Section::ReadOnly, Node::Count, Binding::None, "LeaveCriticalSection"},
    {168, 172, Section::ReadOnly, Node::Count, Binding::None, nullptr},
    {178, 182, Section::Code, Node::Count, Binding::None, nullptr},
    {189, 193, Section::ReadOnly, Node::Count, Binding::None, "LeaveCriticalSection"},
    {218, 222, Section::Code, Node::Count, Binding::None, nullptr},
    {235, 239, Section::Code, Node::Count, Binding::None, nullptr},
    {247, 251, Section::Code, Node::Count, Binding::None, nullptr},
    {257, 261, Section::Code, Node::Count, Binding::None, nullptr},
};
// DestroyWindow
inline constexpr unsigned char kBytes58[] = {
    0x48,0x89,0x5c,0x24,0x08,0x48,0x89,0x74,0x24,0x10,0x55,0x57,0x41,0x56,0x48,0x8b,0xec,0x48,0x83,0xec,0x30,0x48,0x8b,0xda,
    0x48,0x8b,0xf1,0x48,0x8d,0x0d,0x00,0x00,0x00,0x00,0x48,0x89,0x4d,0xf0,0x48,0xff,0x15,0x00,0x00,0x00,0x00,0x0f,0x1f,0x44,
    0x00,0x00,0x90,0x48,0x83,0x65,0x30,0x00,0x4c,0x8d,0x4d,0x30,0x41,0xb0,0x01,0x48,0x8b,0xd3,0x48,0x8b,0xce,0xe8,0x00,0x00,
    0x00,0x00,0x48,0x8b,0x55,0x30,0x48,0x85,0xd2,0x0f,0x84,0x12,0x01,0x00,0x00,0x48,0x8b,0x4a,0x18,0x48,0x85,0xc9,0x74,0x1a,
    0x48,0x8b,0x01,0x33,0xd2,0x48,0x8b,0x00,0xe8,0x00,0x00,0x00,0x00,0x48,0x8b,0x45,0x30,0x48,0x83,0x60,0x18,0x00,0x48,0x8b,
    0x55,0x30,0x4c,0x8b,0x72,0x28,0xf6,0x82,0xe4,0x02,0x00,0x00,0x02,0x74,0x18,0x48,0x8d,0x45,0x30,0x48,0x89,0x45,0x38,0x48,
    0x8d,0x55,0x38,0x48,0x8b,0xce,0xe8,0x00,0x00,0x00,0x00,0x48,0x8b,0x55,0x30,0x48,0x8b,0x05,0x00,0x00,0x00,0x00,0x48,0x8b,
    0x88,0xd8,0x01,0x00,0x00,0x48,0x8b,0x01,0x48,0x8b,0x80,0xc8,0x00,0x00,0x00,0xe8,0x00,0x00,0x00,0x00,0x48,0x8b,0x4d,0x18,
    0x85,0xc0,0x79,0x14,0x44,0x8b,0xc8,0x4c,0x8d,0x05,0x00,0x00,0x00,0x00,0xba,0xa6,0x0a,0x00,0x00,0xe8,0x00,0x00,0x00,0x00,
    0x48,0x8d,0x0d,0x00,0x00,0x00,0x00,0xe8,0x00,0x00,0x00,0x00,0x84,0xc0,0x74,0x28,0x48,0x8b,0x7d,0x30,0x48,0x8b,0xbf,0xa8,
    0x02,0x00,0x00,0x48,0x8b,0x1f,0x48,0x3b,0xdf,0x74,0x15,0x48,0x8b,0x4b,0x18,0x48,0xff,0x15,0x00,0x00,0x00,0x00,0x0f,0x1f,
    0x44,0x00,0x00,0x48,0x8b,0x1b,0xeb,0xe6,0x48,0x8b,0x45,0x30,0xf6,0x80,0xe0,0x02,0x00,0x00,0x04,0x75,0x34,0x48,0x8b,0x10,
    0x48,0x8b,0x48,0x08,0x48,0x39,0x42,0x08,0x75,0x5e,0x48,0x39,0x01,0x75,0x59,0x48,0x89,0x11,0x48,0x89,0x4a,0x08,0x48,0x8b,
    0x45,0x30,0x48,0x89,0x40,0x08,0x48,0x8b,0x45,0x30,0x48,0x89,0x00,0x48,0x8b,0x55,0x30,0x48,0x8b,0xce,0xe8,0x00,0x00,0x00,
    0x00,0x48,0x8b,0x8e,0x30,0x02,0x00,0x00,0x48,0x85,0xc9,0x74,0x0c,0x4c,0x3b,0x71,0x08,0x75,0x06,0xe8,0x00,0x00,0x00,0x00,
    0x90,0x48,0x8d,0x4d,0xf0,0xe8,0x00,0x00,0x00,0x00,0x33,0xc0,0x48,0x8b,0x5c,0x24,0x50,0x48,0x8b,0x74,0x24,0x58,0x48,0x83,
    0xc4,0x30,0x41,0x5e,0x5f,0x5d,0xc3,0xcc,0xb9,0x03,0x00,0x00,0x00,0xcd,0x29,
};
inline constexpr unsigned char kMask58[] = {
    0xff,0xff,0xff,0xff,0xff,0xff,0xff,0xff,0xff,0xff,0xff,0xff,0xff,0xff,0xff,0xff,0xff,0xff,0xff,0xff,0xff,0xff,0xff,0xff,
    0xff,0xff,0xff,0xff,0xff,0xff,0x00,0x00,0x00,0x00,0xff,0xff,0xff,0xff,0xff,0xff,0xff,0x00,0x00,0x00,0x00,0xff,0xff,0xff,
    0xff,0xff,0xff,0xff,0xff,0xff,0xff,0xff,0xff,0xff,0xff,0xff,0xff,0xff,0xff,0xff,0xff,0xff,0xff,0xff,0xff,0xff,0x00,0x00,
    0x00,0x00,0xff,0xff,0xff,0xff,0xff,0xff,0xff,0xff,0xff,0xff,0xff,0xff,0xff,0xff,0xff,0xff,0xff,0xff,0xff,0xff,0xff,0xff,
    0xff,0xff,0xff,0xff,0xff,0xff,0xff,0xff,0xff,0x00,0x00,0x00,0x00,0xff,0xff,0xff,0xff,0xff,0xff,0xff,0xff,0xff,0xff,0xff,
    0xff,0xff,0xff,0xff,0xff,0xff,0xff,0xff,0xff,0xff,0xff,0xff,0xff,0xff,0xff,0xff,0xff,0xff,0xff,0xff,0xff,0xff,0xff,0xff,
    0xff,0xff,0xff,0xff,0xff,0xff,0xff,0x00,0x00,0x00,0x00,0xff,0xff,0xff,0xff,0xff,0xff,0xff,0x00,0x00,0x00,0x00,0xff,0xff,
    0xff,0xff,0xff,0xff,0xff,0xff,0xff,0xff,0xff,0xff,0xff,0xff,0xff,0xff,0xff,0xff,0x00,0x00,0x00,0x00,0xff,0xff,0xff,0xff,
    0xff,0xff,0xff,0xff,0xff,0xff,0xff,0xff,0xff,0xff,0x00,0x00,0x00,0x00,0xff,0xff,0xff,0xff,0xff,0xff,0x00,0x00,0x00,0x00,
    0xff,0xff,0xff,0x00,0x00,0x00,0x00,0xff,0x00,0x00,0x00,0x00,0xff,0xff,0xff,0xff,0xff,0xff,0xff,0xff,0xff,0xff,0xff,0xff,
    0xff,0xff,0xff,0xff,0xff,0xff,0xff,0xff,0xff,0xff,0xff,0xff,0xff,0xff,0xff,0xff,0xff,0xff,0x00,0x00,0x00,0x00,0xff,0xff,
    0xff,0xff,0xff,0xff,0xff,0xff,0xff,0xff,0xff,0xff,0xff,0xff,0xff,0xff,0xff,0xff,0xff,0xff,0xff,0xff,0xff,0xff,0xff,0xff,
    0xff,0xff,0xff,0xff,0xff,0xff,0xff,0xff,0xff,0xff,0xff,0xff,0xff,0xff,0xff,0xff,0xff,0xff,0xff,0xff,0xff,0xff,0xff,0xff,
    0xff,0xff,0xff,0xff,0xff,0xff,0xff,0xff,0xff,0xff,0xff,0xff,0xff,0xff,0xff,0xff,0xff,0xff,0xff,0xff,0xff,0x00,0x00,0x00,
    0x00,0xff,0xff,0xff,0xff,0xff,0xff,0xff,0xff,0xff,0xff,0xff,0xff,0xff,0xff,0xff,0xff,0xff,0xff,0xff,0x00,0x00,0x00,0x00,
    0xff,0xff,0xff,0xff,0xff,0xff,0x00,0x00,0x00,0x00,0xff,0xff,0xff,0xff,0xff,0xff,0xff,0xff,0xff,0xff,0xff,0xff,0xff,0xff,
    0xff,0xff,0xff,0xff,0xff,0xff,0xff,0xff,0xff,0xff,0xff,0xff,0xff,0xff,0xff,
};
inline constexpr Reference kRefs58[] = {
    {30, 34, Section::Writable, Node::Count, Binding::CriticalSection, nullptr},
    {41, 45, Section::ReadOnly, Node::Count, Binding::None, "EnterCriticalSection"},
    {70, 74, Section::Code, Node::SyncedData, Binding::None, nullptr},
    {105, 109, Section::Code, Node::Count, Binding::None, nullptr},
    {151, 155, Section::Code, Node::Count, Binding::None, nullptr},
    {162, 166, Section::Writable, Node::Count, Binding::DesktopManager, nullptr},
    {184, 188, Section::Code, Node::Count, Binding::None, nullptr},
    {202, 206, Section::ReadOnly, Node::Count, Binding::None, nullptr},
    {212, 216, Section::Code, Node::Count, Binding::None, nullptr},
    {219, 223, Section::Writable, Node::Count, Binding::None, nullptr},
    {224, 228, Section::Code, Node::Count, Binding::None, nullptr},
    {258, 262, Section::ReadOnly, Node::Count, Binding::None, "SetEvent"},
    {333, 337, Section::Code, Node::Count, Binding::None, nullptr},
    {356, 360, Section::Code, Node::Count, Binding::None, nullptr},
    {366, 370, Section::Code, Node::Count, Binding::None, nullptr},
};
// SyncedData
inline constexpr unsigned char kBytes59[] = {
    0x48,0x89,0x5c,0x24,0x08,0x48,0x89,0x6c,0x24,0x18,0x56,0x57,0x41,0x56,0x48,0x83,0xec,0x20,0x4d,0x8b,0xf1,0x41,0x8a,0xf0,
    0x48,0x8b,0xfa,0x48,0x8b,0xe9,0x48,0x8b,0x02,0x48,0x8b,0xca,0x48,0x8b,0x40,0x08,0xe8,0x00,0x00,0x00,0x00,0x48,0x8b,0xd8,
    0x48,0x85,0xc0,0x0f,0x85,0x8e,0x00,0x00,0x00,0x40,0x84,0xf6,0x74,0x14,0x48,0x8b,0x0f,0x48,0x8b,0x41,0x10,0x48,0x8b,0xcf,
    0xe8,0x00,0x00,0x00,0x00,0x48,0x85,0xc0,0x74,0x75,0xb9,0xa8,0x03,0x00,0x00,0xe8,0x00,0x00,0x00,0x00,0x48,0x89,0x44,0x24,
    0x48,0x48,0x85,0xc0,0x74,0x0d,0x48,0x8b,0xc8,0xe8,0x00,0x00,0x00,0x00,0x48,0x8b,0xd8,0xeb,0x02,0x33,0xdb,0x48,0x85,0xdb,
    0x75,0x17,0x48,0x8b,0x4c,0x24,0x38,0x4c,0x8d,0x05,0x00,0x00,0x00,0x00,0xba,0xfc,0x09,0x00,0x00,0xe8,0x00,0x00,0x00,0x00,
    0xcc,0x48,0x89,0x7b,0x18,0x48,0x8b,0x07,0x48,0x8b,0xd3,0x48,0x8b,0xcf,0x48,0x8b,0x00,0xe8,0x00,0x00,0x00,0x00,0x48,0x8b,
    0x07,0x48,0x8b,0xcf,0x48,0x8b,0x40,0x18,0xe8,0x00,0x00,0x00,0x00,0x48,0x89,0x43,0x28,0x4c,0x8b,0xc3,0x48,0x8b,0xd7,0x48,
    0x8b,0xcd,0xe8,0x00,0x00,0x00,0x00,0x49,0x89,0x1e,0x48,0x8b,0x5c,0x24,0x40,0x48,0x8b,0x6c,0x24,0x50,0x48,0x83,0xc4,0x20,
    0x41,0x5e,0x5f,0x5e,0xc3,
};
inline constexpr unsigned char kMask59[] = {
    0xff,0xff,0xff,0xff,0xff,0xff,0xff,0xff,0xff,0xff,0xff,0xff,0xff,0xff,0xff,0xff,0xff,0xff,0xff,0xff,0xff,0xff,0xff,0xff,
    0xff,0xff,0xff,0xff,0xff,0xff,0xff,0xff,0xff,0xff,0xff,0xff,0xff,0xff,0xff,0xff,0xff,0x00,0x00,0x00,0x00,0xff,0xff,0xff,
    0xff,0xff,0xff,0xff,0xff,0xff,0xff,0xff,0xff,0xff,0xff,0xff,0xff,0xff,0xff,0xff,0xff,0xff,0xff,0xff,0xff,0xff,0xff,0xff,
    0xff,0x00,0x00,0x00,0x00,0xff,0xff,0xff,0xff,0xff,0xff,0xff,0xff,0xff,0xff,0xff,0x00,0x00,0x00,0x00,0xff,0xff,0xff,0xff,
    0xff,0xff,0xff,0xff,0xff,0xff,0xff,0xff,0xff,0xff,0x00,0x00,0x00,0x00,0xff,0xff,0xff,0xff,0xff,0xff,0xff,0xff,0xff,0xff,
    0xff,0xff,0xff,0xff,0xff,0xff,0xff,0xff,0xff,0xff,0x00,0x00,0x00,0x00,0xff,0xff,0xff,0xff,0xff,0xff,0x00,0x00,0x00,0x00,
    0xff,0xff,0xff,0xff,0xff,0xff,0xff,0xff,0xff,0xff,0xff,0xff,0xff,0xff,0xff,0xff,0xff,0xff,0x00,0x00,0x00,0x00,0xff,0xff,
    0xff,0xff,0xff,0xff,0xff,0xff,0xff,0xff,0xff,0x00,0x00,0x00,0x00,0xff,0xff,0xff,0xff,0xff,0xff,0xff,0xff,0xff,0xff,0xff,
    0xff,0xff,0xff,0x00,0x00,0x00,0x00,0xff,0xff,0xff,0xff,0xff,0xff,0xff,0xff,0xff,0xff,0xff,0xff,0xff,0xff,0xff,0xff,0xff,
    0xff,0xff,0xff,0xff,0xff,
};
inline constexpr Reference kRefs59[] = {
    {41, 45, Section::Code, Node::Count, Binding::None, nullptr},
    {73, 77, Section::Code, Node::Count, Binding::None, nullptr},
    {88, 92, Section::Code, Node::Count, Binding::None, nullptr},
    {106, 110, Section::Code, Node::Count, Binding::None, nullptr},
    {130, 134, Section::ReadOnly, Node::Count, Binding::None, nullptr},
    {140, 144, Section::Code, Node::Count, Binding::None, nullptr},
    {162, 166, Section::Code, Node::Count, Binding::None, nullptr},
    {177, 181, Section::Code, Node::Count, Binding::None, nullptr},
    {195, 199, Section::Code, Node::Count, Binding::None, nullptr},
};
// Reevaluate
inline constexpr unsigned char kBytes60[] = {
    0x48,0x8b,0xc4,0x48,0x89,0x58,0x08,0x48,0x89,0x68,0x20,0x56,0x57,0x41,0x56,0x48,0x81,0xec,0x80,0x00,0x00,0x00,0x41,0x0f,
    0xb6,0xe8,0x48,0x8b,0xfa,0x4c,0x8b,0xf1,0x48,0x39,0x12,0x0f,0x84,0xfb,0x00,0x00,0x00,0x0f,0x57,0xc0,0x48,0xc7,0x40,0xc8,
    0xff,0xff,0xff,0xff,0x66,0x0f,0x7f,0x40,0x98,0x33,0xdb,0x48,0x89,0x58,0x90,0x0f,0x57,0xc9,0x66,0x0f,0x7f,0x48,0xa8,0x48,
    0x83,0xc1,0x08,0x66,0x0f,0x7f,0x40,0xb8,0x88,0x58,0xd0,0x0f,0x11,0x40,0xd8,0x48,0x8b,0x82,0x88,0x00,0x00,0x00,0x48,0x8d,
    0x54,0x24,0x20,0x48,0x89,0x44,0x24,0x20,0x48,0xff,0x15,0x00,0x00,0x00,0x00,0x0f,0x1f,0x44,0x00,0x00,0x48,0x85,0xc0,0x48,
    0x8d,0x70,0x50,0x48,0x0f,0x44,0xf3,0x48,0x8b,0xdf,0x40,0x84,0xed,0x75,0x33,0xf6,0x83,0xe0,0x02,0x00,0x00,0x01,0x75,0x17,
    0x48,0x8b,0x1b,0x40,0x32,0xed,0x48,0x85,0xdb,0x74,0x40,0x48,0x3b,0xde,0x74,0x3b,0x48,0x3b,0xdf,0x75,0xe2,0xeb,0x34,0x48,
    0x8b,0x83,0xb8,0x01,0x00,0x00,0x48,0x85,0xc0,0x74,0xdd,0x48,0x83,0x78,0x18,0x00,0x74,0xd6,0x48,0x8b,0xd6,0x48,0x8b,0xcb,
    0xe8,0x00,0x00,0x00,0x00,0x0f,0xb6,0x8b,0xe6,0x02,0x00,0x00,0xc0,0xe9,0x04,0x80,0xe1,0x01,0x3a,0xc1,0x75,0x20,0x40,0x84,
    0xed,0x75,0x7d,0x33,0xc0,0x4c,0x8d,0x9c,0x24,0x80,0x00,0x00,0x00,0x49,0x8b,0x5b,0x20,0x49,0x8b,0x6b,0x38,0x49,0x8b,0xe3,
    0x41,0x5e,0x5f,0x5e,0xc3,0xcc,0x48,0x8b,0xd3,0xe8,0x00,0x00,0x00,0x00,0x8b,0xe8,0x85,0xc0,0x79,0x8c,0x48,0x8b,0x8c,0x24,
    0x98,0x00,0x00,0x00,0x4c,0x8d,0x05,0x00,0x00,0x00,0x00,0x44,0x8b,0xc8,0xba,0x59,0x22,0x00,0x00,0xe8,0x00,0x00,0x00,0x00,
    0x8b,0xc5,0xeb,0xb9,0xf6,0x82,0xe6,0x02,0x00,0x00,0x10,0x74,0xae,0xe8,0x00,0x00,0x00,0x00,0x8b,0xd8,0x85,0xc0,0x79,0xa3,
    0x48,0x8b,0x8c,0x24,0x98,0x00,0x00,0x00,0x4c,0x8d,0x05,0x00,0x00,0x00,0x00,0x44,0x8b,0xc8,0xba,0x49,0x22,0x00,0x00,0xe8,
    0x00,0x00,0x00,0x00,0x8b,0xc3,0xeb,0x85,0x48,0x8b,0xd3,0x49,0x8b,0xce,0xe8,0x00,0x00,0x00,0x00,0x8b,0xe8,0x85,0xc0,0x0f,
    0x89,0x23,0xff,0xff,0xff,0x48,0x8b,0x8c,0x24,0x98,0x00,0x00,0x00,0x4c,0x8d,0x05,0x00,0x00,0x00,0x00,0x44,0x8b,0xc8,0xba,
    0x60,0x22,0x00,0x00,0xe8,0x00,0x00,0x00,0x00,0x8b,0xc5,0xe9,0x4d,0xff,0xff,0xff,
};
inline constexpr unsigned char kMask60[] = {
    0xff,0xff,0xff,0xff,0xff,0xff,0xff,0xff,0xff,0xff,0xff,0xff,0xff,0xff,0xff,0xff,0xff,0xff,0xff,0xff,0xff,0xff,0xff,0xff,
    0xff,0xff,0xff,0xff,0xff,0xff,0xff,0xff,0xff,0xff,0xff,0xff,0xff,0xff,0xff,0xff,0xff,0xff,0xff,0xff,0xff,0xff,0xff,0xff,
    0xff,0xff,0xff,0xff,0xff,0xff,0xff,0xff,0xff,0xff,0xff,0xff,0xff,0xff,0xff,0xff,0xff,0xff,0xff,0xff,0xff,0xff,0xff,0xff,
    0xff,0xff,0xff,0xff,0xff,0xff,0xff,0xff,0xff,0xff,0xff,0xff,0xff,0xff,0xff,0xff,0xff,0xff,0xff,0xff,0xff,0xff,0xff,0xff,
    0xff,0xff,0xff,0xff,0xff,0xff,0xff,0xff,0xff,0xff,0xff,0x00,0x00,0x00,0x00,0xff,0xff,0xff,0xff,0xff,0xff,0xff,0xff,0xff,
    0xff,0xff,0xff,0xff,0xff,0xff,0xff,0xff,0xff,0xff,0xff,0xff,0xff,0xff,0xff,0xff,0xff,0xff,0xff,0xff,0xff,0xff,0xff,0xff,
    0xff,0xff,0xff,0xff,0xff,0xff,0xff,0xff,0xff,0xff,0xff,0xff,0xff,0xff,0xff,0xff,0xff,0xff,0xff,0xff,0xff,0xff,0xff,0xff,
    0xff,0xff,0xff,0xff,0xff,0xff,0xff,0xff,0xff,0xff,0xff,0xff,0xff,0xff,0xff,0xff,0xff,0xff,0xff,0xff,0xff,0xff,0xff,0xff,
    0xff,0x00,0x00,0x00,0x00,0xff,0xff,0xff,0xff,0xff,0xff,0xff,0xff,0xff,0xff,0xff,0xff,0xff,0xff,0xff,0xff,0xff,0xff,0xff,
    0xff,0xff,0xff,0xff,0xff,0xff,0xff,0xff,0xff,0xff,0xff,0xff,0xff,0xff,0xff,0xff,0xff,0xff,0xff,0xff,0xff,0xff,0xff,0xff,
    0xff,0xff,0xff,0xff,0xff,0xff,0xff,0xff,0xff,0xff,0x00,0x00,0x00,0x00,0xff,0xff,0xff,0xff,0xff,0xff,0xff,0xff,0xff,0xff,
    0xff,0xff,0xff,0xff,0xff,0xff,0xff,0x00,0x00,0x00,0x00,0xff,0xff,0xff,0xff,0xff,0xff,0xff,0xff,0xff,0x00,0x00,0x00,0x00,
    0xff,0xff,0xff,0xff,0xff,0xff,0xff,0xff,0xff,0xff,0xff,0xff,0xff,0xff,0x00,0x00,0x00,0x00,0xff,0xff,0xff,0xff,0xff,0xff,
    0xff,0xff,0xff,0xff,0xff,0xff,0xff,0xff,0xff,0xff,0xff,0x00,0x00,0x00,0x00,0xff,0xff,0xff,0xff,0xff,0xff,0xff,0xff,0xff,
    0x00,0x00,0x00,0x00,0xff,0xff,0xff,0xff,0xff,0xff,0xff,0xff,0xff,0xff,0xff,0x00,0x00,0x00,0x00,0xff,0xff,0xff,0xff,0xff,
    0xff,0xff,0xff,0xff,0xff,0xff,0xff,0xff,0xff,0xff,0xff,0xff,0xff,0xff,0xff,0xff,0x00,0x00,0x00,0x00,0xff,0xff,0xff,0xff,
    0xff,0xff,0xff,0xff,0xff,0x00,0x00,0x00,0x00,0xff,0xff,0xff,0xff,0xff,0xff,0xff,
};
inline constexpr Reference kRefs60[] = {
    {107, 111, Section::ReadOnly, Node::Count, Binding::None, "RtlLookupElementGenericTable"},
    {193, 197, Section::Code, Node::Count, Binding::None, nullptr},
    {250, 254, Section::Code, Node::Count, Binding::None, nullptr},
    {271, 275, Section::ReadOnly, Node::Count, Binding::None, nullptr},
    {284, 288, Section::Code, Node::Count, Binding::None, nullptr},
    {302, 306, Section::Code, Node::Count, Binding::None, nullptr},
    {323, 327, Section::ReadOnly, Node::Count, Binding::None, nullptr},
    {336, 340, Section::Code, Node::Count, Binding::None, nullptr},
    {351, 355, Section::Code, Node::InsertTree, Binding::None, nullptr},
    {376, 380, Section::ReadOnly, Node::Count, Binding::None, nullptr},
    {389, 393, Section::Code, Node::Count, Binding::None, nullptr},
};
// InsertTree
inline constexpr unsigned char kBytes61[] = {
    0x48,0x8b,0xc4,0x48,0x89,0x58,0x08,0x48,0x89,0x70,0x10,0x57,0x48,0x81,0xec,0x80,0x00,0x00,0x00,0xf6,0x82,0xe6,0x02,0x00,
    0x00,0x10,0x48,0x8b,0xda,0x48,0x8b,0xf1,0x0f,0x85,0xbc,0x00,0x00,0x00,0x48,0x83,0x60,0xa0,0x00,0x0f,0x57,0xc0,0x48,0x83,
    0x48,0xd8,0xff,0x0f,0x57,0xc9,0x66,0x0f,0x7f,0x40,0xa8,0x48,0x83,0xc1,0x08,0x66,0x0f,0x7f,0x48,0xb8,0x66,0x0f,0x7f,0x40,
    0xc8,0x0f,0x11,0x40,0xe8,0xc6,0x40,0xe0,0x00,0x48,0x8b,0x82,0x88,0x00,0x00,0x00,0x48,0x8d,0x54,0x24,0x20,0x48,0x89,0x44,
    0x24,0x20,0x48,0xff,0x15,0x00,0x00,0x00,0x00,0x0f,0x1f,0x44,0x00,0x00,0x48,0x85,0xc0,0x74,0x6b,0x48,0x8b,0x78,0x18,0x48,
    0x8b,0xd3,0x48,0x8b,0xce,0xe8,0x00,0x00,0x00,0x00,0x48,0x8b,0x93,0xb8,0x01,0x00,0x00,0x4c,0x8b,0xc0,0x48,0x8b,0xcf,0xe8,
    0x00,0x00,0x00,0x00,0x8b,0xf0,0x85,0xc0,0x78,0x24,0x48,0x8b,0x93,0xd0,0x01,0x00,0x00,0x48,0x85,0xd2,0x75,0x69,0x33,0xc0,
    0x4c,0x8d,0x9c,0x24,0x80,0x00,0x00,0x00,0x49,0x8b,0x5b,0x10,0x49,0x8b,0x73,0x18,0x49,0x8b,0xe3,0x5f,0xc3,0xcc,0x48,0x8b,
    0x8c,0x24,0x88,0x00,0x00,0x00,0x4c,0x8d,0x05,0x00,0x00,0x00,0x00,0x44,0x8b,0xce,0xba,0x72,0x0d,0x00,0x00,0xe8,0x00,0x00,
    0x00,0x00,0x8b,0xc6,0xeb,0xca,0x33,0xff,0xeb,0x95,0x48,0x8b,0x82,0x58,0x02,0x00,0x00,0x48,0x8b,0x88,0xb8,0x01,0x00,0x00,
    0x48,0x8b,0xb9,0xf8,0x00,0x00,0x00,0x8b,0x8f,0xb0,0x00,0x00,0x00,0x48,0x8b,0x87,0x98,0x00,0x00,0x00,0xff,0xc9,0x48,0x8b,
    0x04,0xc8,0xe9,0x73,0xff,0xff,0xff,0x48,0x83,0x7a,0x18,0x00,0x74,0x90,0x4c,0x8b,0x83,0xb8,0x01,0x00,0x00,0x48,0x8b,0xcf,
    0xe8,0x00,0x00,0x00,0x00,0x8b,0xd8,0x85,0xc0,0x0f,0x89,0x77,0xff,0xff,0xff,0x48,0x8b,0x8c,0x24,0x88,0x00,0x00,0x00,0x4c,
    0x8d,0x05,0x00,0x00,0x00,0x00,0x44,0x8b,0xc8,0xba,0x76,0x0d,0x00,0x00,0xe8,0x00,0x00,0x00,0x00,0x8b,0xc3,0xe9,0x56,0xff,
    0xff,0xff,
};
inline constexpr unsigned char kMask61[] = {
    0xff,0xff,0xff,0xff,0xff,0xff,0xff,0xff,0xff,0xff,0xff,0xff,0xff,0xff,0xff,0xff,0xff,0xff,0xff,0xff,0xff,0xff,0xff,0xff,
    0xff,0xff,0xff,0xff,0xff,0xff,0xff,0xff,0xff,0xff,0xff,0xff,0xff,0xff,0xff,0xff,0xff,0xff,0xff,0xff,0xff,0xff,0xff,0xff,
    0xff,0xff,0xff,0xff,0xff,0xff,0xff,0xff,0xff,0xff,0xff,0xff,0xff,0xff,0xff,0xff,0xff,0xff,0xff,0xff,0xff,0xff,0xff,0xff,
    0xff,0xff,0xff,0xff,0xff,0xff,0xff,0xff,0xff,0xff,0xff,0xff,0xff,0xff,0xff,0xff,0xff,0xff,0xff,0xff,0xff,0xff,0xff,0xff,
    0xff,0xff,0xff,0xff,0xff,0x00,0x00,0x00,0x00,0xff,0xff,0xff,0xff,0xff,0xff,0xff,0xff,0xff,0xff,0xff,0xff,0xff,0xff,0xff,
    0xff,0xff,0xff,0xff,0xff,0xff,0x00,0x00,0x00,0x00,0xff,0xff,0xff,0xff,0xff,0xff,0xff,0xff,0xff,0xff,0xff,0xff,0xff,0xff,
    0x00,0x00,0x00,0x00,0xff,0xff,0xff,0xff,0xff,0xff,0xff,0xff,0xff,0xff,0xff,0xff,0xff,0xff,0xff,0xff,0xff,0xff,0xff,0xff,
    0xff,0xff,0xff,0xff,0xff,0xff,0xff,0xff,0xff,0xff,0xff,0xff,0xff,0xff,0xff,0xff,0xff,0xff,0xff,0xff,0xff,0xff,0xff,0xff,
    0xff,0xff,0xff,0xff,0xff,0xff,0xff,0xff,0xff,0x00,0x00,0x00,0x00,0xff,0xff,0xff,0xff,0xff,0xff,0xff,0xff,0xff,0x00,0x00,
    0x00,0x00,0xff,0xff,0xff,0xff,0xff,0xff,0xff,0xff,0xff,0xff,0xff,0xff,0xff,0xff,0xff,0xff,0xff,0xff,0xff,0xff,0xff,0xff,
    0xff,0xff,0xff,0xff,0xff,0xff,0xff,0xff,0xff,0xff,0xff,0xff,0xff,0xff,0xff,0xff,0xff,0xff,0xff,0xff,0xff,0xff,0xff,0xff,
    0xff,0xff,0xff,0xff,0xff,0xff,0xff,0xff,0xff,0xff,0xff,0xff,0xff,0xff,0xff,0xff,0xff,0xff,0xff,0xff,0xff,0xff,0xff,0xff,
    0xff,0x00,0x00,0x00,0x00,0xff,0xff,0xff,0xff,0xff,0xff,0xff,0xff,0xff,0xff,0xff,0xff,0xff,0xff,0xff,0xff,0xff,0xff,0xff,
    0xff,0xff,0x00,0x00,0x00,0x00,0xff,0xff,0xff,0xff,0xff,0xff,0xff,0xff,0xff,0x00,0x00,0x00,0x00,0xff,0xff,0xff,0xff,0xff,
    0xff,0xff,
};
inline constexpr Reference kRefs61[] = {
    {101, 105, Section::ReadOnly, Node::Count, Binding::None, "RtlLookupElementGenericTable"},
    {126, 130, Section::Code, Node::PrecedingVisual, Binding::None, nullptr},
    {144, 148, Section::Code, Node::InsertAfter, Binding::None, nullptr},
    {201, 205, Section::ReadOnly, Node::Count, Binding::None, nullptr},
    {214, 218, Section::Code, Node::Count, Binding::None, nullptr},
    {289, 293, Section::Code, Node::InsertAfter, Binding::None, nullptr},
    {314, 318, Section::ReadOnly, Node::Count, Binding::None, nullptr},
    {327, 331, Section::Code, Node::Count, Binding::None, nullptr},
};
inline constexpr Pattern kPatterns[] = {
    {Node::FindWindow, kBytes0, kMask0, 160, kRefs0, 2},
    {Node::DesktopList, kBytes1, kMask1, 100, kRefs1, 1},
    {Node::ZOrder, kBytes2, kMask2, 1138, kRefs2, 26},
    {Node::UpdateScene, kBytes3, kMask3, 266, kRefs3, 16},
    {Node::DestroyWindow, kBytes4, kMask4, 399, kRefs4, 15},
    {Node::SyncedData, kBytes5, kMask5, 221, kRefs5, 9},
    {Node::Reevaluate, kBytes6, kMask6, 400, kRefs6, 11},
    {Node::InsertTree, kBytes7, kMask7, 338, kRefs7, 8},
    {Node::PrecedingVisual, kBytes8, kMask8, 222, kRefs8, 2},
    {Node::InsertAfter, kBytes9, kMask9, 24, kRefs9, 1},
    {Node::InsertRelative, kBytes10, kMask10, 1246, kRefs10, 13},
    {Node::SendLink, kBytes11, kMask11, 65, kRefs11, 2},
    {Node::ProxyInsert, kBytes12, kMask12, 54, kRefs12, 1},
    {Node::WindowListCtor, kBytes13, kMask13, 295, kRefs13, 12},
    {Node::BandChange, kBytes14, kMask14, 120, kRefs14, 5},
    {Node::ZOrder, kBytes15, kMask15, 1138, kRefs15, 26},
    {Node::UpdateScene, kBytes16, kMask16, 266, kRefs16, 16},
    {Node::DestroyWindow, kBytes17, kMask17, 340, kRefs17, 12},
    {Node::SyncedData, kBytes18, kMask18, 213, kRefs18, 9},
    {Node::Reevaluate, kBytes19, kMask19, 400, kRefs19, 11},
    {Node::InsertTree, kBytes20, kMask20, 338, kRefs20, 8},
    {Node::PrecedingVisual, kBytes21, kMask21, 222, kRefs21, 2},
    {Node::WindowListCtor, kBytes22, kMask22, 279, kRefs22, 12},
    {Node::ZOrder, kBytes23, kMask23, 1138, kRefs23, 26},
    {Node::UpdateScene, kBytes24, kMask24, 266, kRefs24, 16},
    {Node::DestroyWindow, kBytes25, kMask25, 340, kRefs25, 12},
    {Node::SyncedData, kBytes26, kMask26, 213, kRefs26, 9},
    {Node::Reevaluate, kBytes27, kMask27, 400, kRefs27, 11},
    {Node::InsertTree, kBytes28, kMask28, 338, kRefs28, 8},
    {Node::Reevaluate, kBytes29, kMask29, 400, kRefs29, 11},
    {Node::ZOrder, kBytes30, kMask30, 1138, kRefs30, 26},
    {Node::UpdateScene, kBytes31, kMask31, 266, kRefs31, 16},
    {Node::DestroyWindow, kBytes32, kMask32, 340, kRefs32, 12},
    {Node::SyncedData, kBytes33, kMask33, 213, kRefs33, 9},
    {Node::Reevaluate, kBytes34, kMask34, 400, kRefs34, 11},
    {Node::InsertTree, kBytes35, kMask35, 338, kRefs35, 8},
    {Node::UpdateScene, kBytes36, kMask36, 266, kRefs36, 16},
    {Node::Reevaluate, kBytes37, kMask37, 400, kRefs37, 11},
    {Node::ZOrder, kBytes38, kMask38, 1138, kRefs38, 26},
    {Node::UpdateScene, kBytes39, kMask39, 266, kRefs39, 16},
    {Node::DestroyWindow, kBytes40, kMask40, 340, kRefs40, 12},
    {Node::SyncedData, kBytes41, kMask41, 213, kRefs41, 9},
    {Node::Reevaluate, kBytes42, kMask42, 400, kRefs42, 11},
    {Node::InsertTree, kBytes43, kMask43, 338, kRefs43, 8},
    {Node::ZOrder, kBytes44, kMask44, 1240, kRefs44, 29},
    {Node::UpdateScene, kBytes45, kMask45, 266, kRefs45, 16},
    {Node::DestroyWindow, kBytes46, kMask46, 452, kRefs46, 18},
    {Node::SyncedData, kBytes47, kMask47, 221, kRefs47, 9},
    {Node::Reevaluate, kBytes48, kMask48, 400, kRefs48, 11},
    {Node::InsertTree, kBytes49, kMask49, 338, kRefs49, 8},
    {Node::ZOrder, kBytes50, kMask50, 1240, kRefs50, 29},
    {Node::UpdateScene, kBytes51, kMask51, 266, kRefs51, 16},
    {Node::DestroyWindow, kBytes52, kMask52, 452, kRefs52, 18},
    {Node::SyncedData, kBytes53, kMask53, 221, kRefs53, 9},
    {Node::Reevaluate, kBytes54, kMask54, 400, kRefs54, 11},
    {Node::InsertTree, kBytes55, kMask55, 338, kRefs55, 8},
    {Node::ZOrder, kBytes56, kMask56, 1138, kRefs56, 26},
    {Node::UpdateScene, kBytes57, kMask57, 266, kRefs57, 16},
    {Node::DestroyWindow, kBytes58, kMask58, 399, kRefs58, 15},
    {Node::SyncedData, kBytes59, kMask59, 221, kRefs59, 9},
    {Node::Reevaluate, kBytes60, kMask60, 400, kRefs60, 11},
    {Node::InsertTree, kBytes61, kMask61, 338, kRefs61, 8},
};
}
